X,Predicted,Real
deveti mesec Francuskog revolucionarnog kalendara (maj i juni); mesec dolina,1,0
gornji sloj profila tla; obično sadrži humus,1,0
bučni nemir,1,0
glavni i najveći grad Papue Nove Gvineje,1,0
držanje do moralnih principa,1,0
niz planina,1,0
Najgvirc,1,0
Saosećanje sa nekim ili nečim.,0,1
NP,1,0
"šesti od sedam kanonskih časova molitve, pada predveče, danas je to javna služba nedeljom",1,0
samohodno vozilo koje se kreće po šinama,1,0
kratak deo (recimo između radijskog ili televizijskog programa) koji se često koristi za reklamiranje,1,0
iznositi tužbu pred sudom,1,0
"slatko, uglavnom tamno ljubičasto voće slično kupini, nalik na dudove roda Morus",1,0
drugo slovo grčkog alfabeta,1,0
"kontinentalna zemlja u centralnoj Africi, na severoistočnoj oblai jezera Tanjganjika",1,0
čadski jezik kojim se govori u severnoj Nigeriji,1,0
listovi bilo koje biljke iz porodice Lactuca sativa,1,0
Veliko bogatstvo.,0,1
šppagete sa ćuftama u sosu od paradajza,1,0
organsko jedinjenje koje sadrži samo ugljenik i vodonik,1,0
podupirač koji se postavlja između pokretnih delova da bi im omogućilo lakše kretanje,1,0
uređaj nalik na praćku koji se koristi u raznim primitivnim društvima za izbacivanje strelica ili kopalja,1,0
"naziv cifre 6, znak koji obeležava broj šest",1,0
sistemsko kombinovanje korena i nastavaka u pojedinačne reči,1,0
"kvalitet da čovek ne stavlja sebe prvo, već da je spreman da svoje vreme, novac ili trud posveti drugima",0,1
novčana jedinica Austrije,1,0
kukuruzar,1,0
membrana u uvetu koja vibrira na zvuke,1,0
uređenost podataka koja se satsoji od skupova i podskupova u kome je svaki podskup skupa nna nižem nivou,1,0
Biti prihvatljiv ili pristao.,0,1
prikačiti morfemu na matičnu reč,1,0
ostrvska država u jugoistočnom Karipskom moru,1,0
koji donosi spasenje ili iskupljenje od greha,0,1
kome stranu držati; uz koga stati; za koga snažnu podršku izraziti,1,0
Čin rođenja deteta,1,0
pokrenuti se brzo ili iznenadno,1,0
Proceniti vrednost nečega.,0,1
Čin kojim se sloboda neke osobe ograniči tako što se ona zatoči,1,0
postaviti blokade,1,0
tanak papir koji je s jedne strane prevučen tamnom voskastom supstancom koje često sadrći indigo; koristi se za štampanje više kopija istog teksta,1,0
javna plesna dvorana gde se pleše uz snimljenu muziku,1,0
ćelija iz koje se razvija vezivno tkivo,1,0
ručno pridržavani složivi proizvođač senke,1,0
proučavanje upotrebe jezika,1,0
pomiloovati obično grupu ljudi,1,0
(čin) terapije lekovima,1,0
osnovna novčana jedinica Libana,1,0
duga traka od tkanine koja se koristi kao ukras ili za oglašavanje,1,0
nešto što ima vrednost,1,0
rezonovanje koje pokazuje kako zaključak logički sledi prihvaćenih premisa,1,0
suspenzija radijskog ili TV prenosa,1,0
mleveno meso oblikovano u loptu i prženo ili kuvano u čorbi,1,0
French mathematician and philosopher and Jansenist; invented an adding machine; contributed (with Fermat) to the theory of probability (1623-1662),1,0
preći ili pokriti hodanjem,1,0
učestvovati u pravnim procesima,1,0
odbacivanje činom zabrane,1,0
napraviti naročiti popis nečega u određenoj formi,1,0
"čvrsto prijanjajuće pantalone koje pokrivaju telo od struka do stopala i koje nose akrobate i plesači i. kao čarape, žene i devojke",1,0
latinski od vremena renesanse; jezik je naučne terminologije,1,0
raditi ili funkcionisati,1,0
jezik filipinskog naroda Sebu; deo njegovog leksikona je ušao u leksikon zvaničnog jezika Filipina,1,0
oružje koje se koristi u biološkom ratu,1,0
"odbojno, vrlo neprijateljsko ponašanje",1,0
škrtost koja proizilazi iz brige za sopstvenu dobrobit i nepoštovanje drugih,1,0
prozračni optički uređaj koji se koristi da sakuplja ili rasejava svetlo i formira slike,1,0
"povezan zajedno, posebno u parovima",1,0
tekst koji je dodat u publikaciji; obično na njenom kraju,1,0
stanovnik Holandije ili poreklom iz Holandije,1,0
stanovnik Kube ili poreklom sa nje,1,0
odsustvo osećanja,1,0
prenositi ili otkrivati informacije,1,0
nešto što izaziva osećanje čuđenja,0,1
žena glumac,1,0
nešto što spaja ili povezuje,1,0
general najvišeg ranga,1,0
osnovna novčana jedinica Vijetnama,1,0
novčana jedinica Vijetnama,1,0
ševe,1,0
prirodna depresija na površini zemlje često ispunjena jezerom,1,0
publikacija koja čini deo niza ili serije,1,0
"glavni i najveći grad moderne države Izrael; sveti grad Jevreja, Hrišćana i Muslimana; bio je prestonica starog carstva",1,0
popustljivost i saosećanje koje prema počiniocima kakvog krivičnog dela pokazuju lica ili agencije zadužene za sprovođenje pravde,1,0
pojačati ili smanjiti intenzitet,1,0
biljka nalik travi koja raste u vlažnim predelima sa cilindričnom šupljom stabljikom,1,0
Osećanje samopoštovanja i lične vrednosti.,0,1
puter napravljen od mleka jaka,1,0
novčana jedinica Čilea,1,0
uzrokovati da šta prođe,1,0
"nepromenljiva funkcionalna reč koja služi da spoji reči, sintagme, klauze ili rečenice",1,0
glavni grad i luka Somalije,1,0
testiranje ideje,1,0
kožuškari,1,0
"kratke pantalone do kolena, obično živih boja",1,0
meso sa slabine svinje,1,0
prekrivati zemljište malčem,1,0
"koji ohrabruje, odobrava ili zadovoljava",0,1
izvršiti obred potvrđivanja,1,0
flagelata sa tankim omotačem sastavljenim od ploča,1,0
kim,1,0
pokazivač koji se sastoji od instrumenta za merenje količine padavina,1,0
urednik koji priprema tekst za izdavanje,1,0
fenomen akumulacije sedimenta ili šljunka,1,0
sakrivanje identiteta nečega izmenom njegovog izgleda,1,0
svojstvo onogo što ima jednu dimenziju,1,0
"Glasanje u kome nije poznato kako je glasao ni jedan pojedinac, ali ukupni rezultati glasanja su javni.",1,0
prestati sa radom,1,0
"ući u savez, zavet",1,0
transuranski element koga nema u prirodi,1,0
upravljati vozilom ili ga kontrolisati,1,0
izraziti zahvalnost ili pokazati poštovanje,1,0
izlaziti redovno; imati stalan odnos sa nekim,1,0
može se koristiti i u vremenskom smislu,0,1
religiozna osoba koja veruje da je Isus Hrist i koji je član neke hrišćanske denominacije,1,0
"alkohol bez ukusa, sa 95 procenata alkohola koji služi za mešanje sa čistim viskijem ili pri pravljenju džina i likera",1,0
"Svernoamerička držva koju čine 50 država, od koji su 48 s središnjem delu Severne Amerike, Aljaska je na severozapadu Severne Amerike, Havaji su ostrava u Tihom okeanu",1,0
jesetra,1,0
tanki oštri komad metala koji je u kakav materijal kao spajalica ukucan,1,0
Učiniti da se nešto odvoji ili rastavi,1,0
korisnici usluga zbirno (?),1,0
način rada ili ponašanja,1,0
meso koje uključuje jedno ili više rebara,1,0
Stanje zadovoljstva jer nema bolesti.,0,1
osoba iz Francuske,1,0
obećati svečano i formalno,1,0
koji donosi dobar profit,0,1
korekcija napravljena brisanjem,1,0
jedinica za učestalost; jedan herc ima periodu ponavljanja od jedne sekunde,1,0
priručnik koji sadrži reči (u alfabetskom poretku) sa njihovim značenjima,1,0
lešnikara iz starog sveta,1,0
osoba koja prosuđuje,1,0
kvalitet da je šta opšte ili široko rasprostranjeno ili da ima opštu primenljivost,1,0
Familija monokotiledona iz podklase Liliidae;?,1,0
nefinitna forma glagola od koje se mogu graditi složena vremena (kao u engleskom) ili koja se može upotrebljavati pridevski,1,0
zgusnuto mleko dobijeno isparavanjem,1,0
koji obezbeđuje interpretaciju,1,0
smatrati delom nečega,1,0
Slično sa prastarim orgijskim obožavanjem Afrodite na Kipru,1,0
penutski jezik kojim govori narod Maidu,1,0
Obezbediti zabavu za nekoga.,0,1
uništen ili veoma oštećen vatrom,1,0
veštački jezik koji se temelji što je više moguće na rečima zajedničkim za sve evropske jezike,1,0
šupljina u lobanji u kojoj su smeštene očne jabučice,1,0
novčana jedinica Nikaragve,1,0
ponuditi tumačenje ili objašnjenje čega,1,0
stanovnik Argentine ili poreklom iz Argentine,1,0
povećanje gustine,1,0
napraviti put uklanjanjem prepreka,1,0
posuda u kojoj neki sastojci mogu da se mućkaju,1,0
pražnjenje nečega odvođenjem tečnosti koja se tu nakupila,1,0
bogosluženje koje se obavlja u kasno popodne ili veče,1,0
program koji ispituje druge računarske programe da li su sintaksički ispravni,1,0
slatkovodna riba nemasnog mesa iz roda Micropterus,1,0
nadmoćno osećanje straha i zebnje,1,0
slatkovodna riba koja je u naše krajeve stigla sa severnoameričkog kontinenta,1,0
potopljeni (ili delimično potopljeni) greben u reci ili duž obale,1,0
u obliku čuna,1,0
kakav ritam opetovanim udarcima proizvoditi,1,0
"štapić koji se sastoji od male, drvene ili plastične, trake i koji se koristi za iščačkavanje hrane između zuba",1,0
pesnik koji piše sonete,1,0
tibetsko-burmanski jezici kojima se govori na krajnjem severu Burme i u susednim oblastima Kine i Indije,1,0
osoba koja koristi naučno znanje da reši praktične probleme,1,0
zaslađeno isušeno mleko,1,0
kolekcija dela koja neki umetnik ili kompanija mogu da izvedu,1,0
čiji domaćin biti,1,0
republika na jugu Severne Amerike; postala nezavisna od Španije 1810,1,0
usoljeno salo sa stomaka svinje,1,0
senzacionalističko novinarstvo,1,0
supstanca koja ističe iz pora biljaka ili životinja,1,0
udavke Starog sveta,1,0
tamnosivi oblak koji donosi kišu,1,0
propovedati jevanđelje,1,0
podeliti u komponente ili sastojke,1,0
otvor u zidu zgrade koji prima svetlo i vazduh; obično ga zatvara okvir koji sadrži prozirni materijal i može se otvoriti,1,0
biljke koje se gajuju zbog njihovog proizvoda,1,0
postojan u naklonosti ili odanosti,0,1
način artikulacije koji uključuje zvučno oslobađanje daha,1,0
higrometar koji pokazuje varijacije relativne vlažnosti atmosfere,1,0
"Kvalitet koji čini daa je nešto poželjno, vredno ili korisno.",0,1
osnovna novčana jedinica Bangladeša,1,0
nagnuti jedan prema drugom kako bi formirali korito,1,0
dodavanje informacija ili detalja,1,0
koristiti ili pomerati,1,0
palica koja se koristi za udaranje loptom u različitim igrama,1,0
Jevrejski praznik žetve,1,0
dodatak jelu za poboljšanje ukusa,1,0
sredstvo napravljeno da ulepša telo,1,0
u rimskoj mitologiji boginja sreće i sretne slučajnosti; u grčkoj mitologiji joj odgovara nTiha,0,1
svojstvo onogo što je propustljivo,1,0
(obično dug) dramatični govor jednog glumca,1,0
čvrsta glavica kupusa purpurno-crvene boje,1,0
cipela koja se sastoji od đona vezanog kaiševima do stopala,1,0
čiji naslednik biti,1,0
tisa,1,0
prevlaka na severoistoku Egipta koja povezuje Egipat i Afriku,1,0
Rod žbunja i niskog drveća iz Starog sveta; ima mirisno cveće u lepim grozdovima:?,1,0
Nešto predloženo (kao plan).,1,0
osoba koja ima opštu vlast nad drugima,1,0
sociolog koji je stručan za antropologiju,1,0
virus tumora koji prenosi insekt koji usisava sokove biljaka Empoasca fabae,1,0
ishod čega urediti putem prevare,1,0
novčana jedinica Etiopije,1,0
sivo-belo meso list ribe,1,0
legura bakra i kalaja i ponekad još nekih elemenata,1,0
javn prodaja dobara onome ko ponudi više,1,0
lajati visokim tonom,1,0
municija koja se sastoji od cilindričnog punjenja koje sadrži eksploziv i metke; ispaljuje se iz puške ili pištolja,1,0
objekat u pasivnoj konstrukciji,1,0
okrugla ili loptasta bakterija,1,0
tvar koja sjedinjuje ili veže,1,0
čvrsti sladoled koji se sastoji od 3 ili 4 sloja različite boje i ukusa,1,0
komad nameštaja koji služi za spavanje,1,0
prokuvane zelene paprike najčešće punjene punjene pirinčem i mesom i kratko pečene,1,0
Čin povraćaja ili spasavanja nečeg izgubljenog (ili u opsanosti da se izgubi).,1,0
"proći trening ili obuku radi pripreme za određenu ulogu, funkciju ili profesiju",1,0
čelik čije karakteristike su određene dodavanjem drugih elemenata osim uglja,1,0
utvrđeno tako da rezultat nije više sumnjiv ni upitan; definitivno poznat,1,0
Stanje biti zaposlen ili imati posao.,0,1
novčana jedinica Urugvaja,1,0
najstariji bog; predstavlja beskonačnost prostora koji je prethodio nastanku sveta,1,0
jezik kojim govori narod Marako,1,0
porodica jezika kojom govore Karibljani,1,0
biti deo čega,1,0
konverzija analognih informacija u digitalne,1,0
dugme kojim se aktivira računarski miš,1,0
oblik zamenice ili glagola kojim se označava govornik u datom diskursu,1,0
Inkvizicija koja je branika katolicizam u Španiji (posebno od XV do XVII veka),1,0
donja strana stopala,1,0
smanjenje u širinu,1,0
ostati iza,1,0
glavni grad Svetog Kitsa i Nevisa,1,0
"Koji ima potrebne sposobnosti, veštinu ili znanje da nešto uradi.",0,1
odbrana protiv gubitka,1,0
naći zajednički jezik ili se uspećno izboriti sa nečim,1,0
testenina dugačkih tankih pljosnatih traka koja je šira je od špageta i uža od fetućina,1,0
dokument koji garantuje pronalazaču isključivo pravo na pronalazak,1,0
protozoe koje imaju flagele (bičeve),1,0
Stabljike se jedu kao celer ili se kandiraju; seme se koristi kao začin ili se kiseli.,1,0
leva stranica knjige,1,0
grana indoiranske jezičke porodice,1,0
Višegodišnja zeljasta biljka čiji rizom miriše slično kao đumbir,1,0
pasaž koji spaja glavne teme sa onima koje slede,1,0
Nešto što povezuje.,1,0
čin izrade filma,1,0
dijakritički znak koji označava naglasak ili koji se stavlja iznad vokala kako bi označio naročit izgovor istog,1,0
kalkulator koji vodi evidenciju koliko puta se nešto desilo,1,0
posluženje koje se sastoji od sendviča i garnirunga,1,0
osnovna novčana jedinica Egipta,1,0
obožavanje svetaca,1,0
Britanije,1,0
kaktus jugozapadnog SAD-a i severnog Meksika koji ima jestiv sočan plod,1,0
Uspostaviti koloniju (za zemlje u razvoju).,1,0
(računarstvo) datoteka namenjena čuvanju i ažuriranju rezervnih kopija,1,0
čin izuzimanja nekoga,1,0
srazmerno velika neuroglijalna ćelija,1,0
novčana jedinica Tajlanda,1,0
predočiti dokaz za kakvu tvrdnju,1,0
najveći planinski lanac na zapadu Severne Amerike; prostire se od Britanske Kolumbije do severa Novog Meksika,1,0
(za naglašavanje značenja) izuzetno dobro,0,1
"korišćenje bakterija, virusa da bi se uništili ljudi, životinje ili hrana",1,0
konzsitentnost kompaktnih čvrstih tela,1,0
papir koji deluje zgužvano; obično je u boji i koristi se za dekoraciju,1,0
Cipal,1,0
fenički dijalekat drevne Kartagine,1,0
položaj sudije,1,0
ćelija koja je deo tumora,1,0
praktičan metod ili veština primenjeni na neki specifičan zadatak,1,0
izjava koja izražava lićno mišljenje ili uverenje,1,0
bivša osnovna novčana jedinica Estonije,1,0
"kuhinjski aparat sa sečivima koja se mogu menjati; služi za sečenje, mešanje, gnječenje  hrane",1,0
tanki ravni komad odsečen od nekog predmeta,1,0
program koji se poziva da pripremi posao koji treba da se pokrene,1,0
legendarno stvorenje koje liči na malog starca i živi u dubinama zemlje i čuva zakopano blago,1,0
"drvenasta penjačica, obično tropskih predela",1,0
prirodna akumulacija bitumena na površini zemlje; često funkcioniše kao zamka za životinje čije se kosti tako očuvaju,1,0
povrće koje se gaji kao hrana za stoku,1,0
draguljima optočen ukras za glavu koji označava vlast,1,0
blagi italijanski beli sir,1,0
pričvršćivač koji pričvršćuje dva kraka kaiša ili trake; često ima iglu,1,0
prikupiti i zapaliti materijal za,1,0
glavni grad Bahama,1,0
odnos između jedinica kojim se izražava suprotnost njihovih značenja,1,0
prekrivači za krevet,1,0
obožavanje meseca,1,0
dijalekt španskog kojim se govori u Meksiku,1,0
čvrsto zgrabiti,1,0
veliki deo dugačke pisane celine,1,0
mišljenje koje se stvara prosuđujući nešto,1,0
Početi goreti ili biti zahvaćen plamenom,1,0
novčana jedinica Poljske,1,0
dijakritički znak (-) koji se stavlja iznad vokala kako bi označio dug zvuk,1,0
komad mesa (ili ribe) koje je izrezano i pečeno,1,0
svtelosivi evroazijski golub čija su krila sa crnim prugama od koga potiče većina domaćih golubova,1,0
mašina koja sabira brojeve,1,0
"naziv cifre 5, znak koji obeležava broj pet",1,0
zabeleška ili pripovedni opis prošlih događaja,1,0
Žive u planinskim predelima južne i istočne Afrike.,1,0
jumanski jezik kojim govori narod Havasupai,1,0
novčana jedinica Malte,1,0
dolina reke Loare gde se gaje mnoga Francuska vina,1,0
fabrička mešavina sastojaka za pravljenje kolača braunis,1,0
"osobina onoga što je konveksno, ispupčeno",1,0
Postaviti.,1,0
zamenica kojom se označava da radnja agensa utiče na samog agensa,1,0
Drveni duvački instrument koji ima dva jezička od trske,1,0
prirodni otac ili majka,1,0
Žena menadžer,1,0
dobričica,1,0
iseći i sakupiti delove čega,1,0
viljuška s kojom se služimo za stolom pri jelu,1,0
proučavanje upravnih sistema u državama i drugih političkih jedinica,1,0
tanko iskrivljeno parče stakla ili plastike koje je izrađeno da pasuje preko oka a služi za korekciju vida,1,0
"poslastica koja se sprema od karamelizovanog šećera, jaja i mleka, a peče se u rerni",1,0
nerimovani stih (najčešće u jampskim pentametrima),1,0
korak pri hodanju ili trčanju,1,0
novčana jedinica Pakistana,1,0
dravidski jezik kojim se govori pretežno u centralnoj Indiji,1,0
u pravu; teritorija unutar koje se može vršiti vlast,1,0
nastaviti ili produžiti,1,0
okrenuti se od; odustati,1,0
ograničiti (školarcima) pravo kretanja na spavaonicu ili kampus kao kaznu,1,0
tipski rod porodice Sylviidae: grmuše,1,0
Biserka,1,0
keks posut kristal šećerom,1,0
procedura koja se preuzima da bi se došlo do medicinske dijagnoze,1,0
Cvrčci.,1,0
obuća za plivanje; prednji deo poput ploče pomaže pri plivanju posebno pod vodom,1,0
način predstavljanja glasova u jednom jeziku pomoću pisanih ili štampanih simbola,1,0
nestandardni varijetet američkog engleskog kojim govore neke crnačke zajednice u SAD,1,0
Rod paprati koji pripada porodici Polypodiaceae (u nekim klasifikacionim sistemima uključuje i rod Asplenium),1,0
desna strana broda ili aviona onome ko gleda prema krmi ili pramcu,1,0
Najveća familija živih morskih pasa; ima ih svuda u svetu a posebno u tropskim morima;?,1,0
original kako promeniti,1,0
"uobičajena računarska memorija koju programi koriste da obave neophodne operacije; memroisjki čip koga čini integrisano kolo dozovljava da se memoriji pristupa u bilo kom redu, a svakoj ćeliji se pristupa za privližno isto vreme",1,0
napraviti ponudu; u svim vrstama pravnih dogovora,1,0
Zebe iz starog sveta: kanarinci i?,1,0
onaj koji poseduje moralne kvalitete;,0,1
Neinvazivna dijagnostička procedura koja koristi ultrazvuk za snimanje strukture mozga; zastarela metoda,1,0
retki plagioklastični feldspar koji se javlja u mnogim magmatskim stenama,1,0
niz uređenih grupa ljudi ili stvari unutar sistema,1,0
koji ispoljava pogodan ili povoljan uticaj,0,1
"Beli prah od kalcijum sulfata od koga se sa vodom pravi semsa koja se brzo stvrdnjava; koristi se u građevini, za skulpture, u medicini kod preloma, itd.",1,0
utvrditi autentičnost čega,1,0
zadatak koji se sastoji u tome da se nešto napiše,1,0
ispupčeni nabor na površini mozga,1,0
Kitovi sa kljunom; u nekim ranijim klasifikacijama smeštana u porodicu Physeteridae;,1,0
standardni nemački jezik; istorijski je nastao od zapadnogermanskog,1,0
zujare,1,0
dodatak koji se preliva preko nekog jela,1,0
supa od kuvane piletine i praziluka,1,0
nenormalno uvećana štitasta žlezda do čega može doći zbog nedovoljne ili hiperprodukcije hormona ili zbog nedostatka joda u ishrani,1,0
hebrejski koji se danas koristi u Izraelu; poreklom je iz drevnog hebrejskog,1,0
postupak kojim se neko stanje od faktičkog pretvara u pravno (zakonito),1,0
Papir koji je osetljiv na svetlo na kome se mogu praviti fotografije,1,0
"otrovna bela materija (Pb[CH3CO]2) koja se koristi za izbeljivanje pamuka, za pravljenje emajla i lakova",1,0
nauka koja izučava ljudska društva,1,0
veličina izražena brojem,1,0
rečenica u indikativu kojom se nešto izjavljuje,1,0
lanac ostrva koji čini jednu Indonežansku provinciju istočno od Jave; uključuje Bali i Timor,1,0
"oblikovano i sušeno testo napravljeno od brašna, vode i ponekad od jaja",1,0
Jevrejski praznik kojim se slavi šesti Sivan kojim se slavi Mozesovo primanje deset zapovesti,1,0
"obrok sačinjen od sendviča, sira i salate",1,0
vodič za turiste,1,0
znak interpunkcije (?) koji se stavlja na kraj rečenice kako bi se označilo pitanje,1,0
Irski pesnik i dramski pisac (1865-1939),1,0
"Onaj ko ima nežnu, pažljivu i obzirnu prirodu; koristi se za osobe i njihovo ponašanje.",0,1
"republika Male Azije na Crnom moru, odvojena od Rusije Kavkazom",1,0
preinačiti nešto koristeći manje tehničku terminologiju,1,0
kurzivna forma egipatskih hijeroglifa koju je koristilo pre svega sveštenstvo,1,0
oštri alat za obeležavanje površina ili za probijanje malih rupa,1,0
činiti zvuke slične žuboru vode,1,0
"Društvo u naprednom stadijumu razvoja (na primer, sa složenim zakonskim, političkim i religijskim organizacijama.",1,0
postići dupli poen; osvojiti dve baze jednim udarcem (u bejzbolu),1,0
osvetljenje u prozračnom,1,0
relativno mala tuna belog mesa; glavni izvor konzervirane tune,1,0
dugačka i uska laguna; običnu u blizini ušća reke,1,0
osnovna novčana jedinica Rusije,1,0
osnovna novčana jedinica Litvanije,1,0
Ženka lava,1,0
"redak element u prirodi, a pojavljuje se u malim koncentracijama u silikatnim mineralima",1,0
utvrđenje dugačko 1500 milja izgrađeno preko severnog dela Kine u III veku pre nove ere,1,0
program koji prevodi s jednog programskog jezika na drugi,1,0
crvenkastosmeđ; uglavnom o kosi,1,0
irokeški jezik kojim govori narod Seneka,1,0
SO,1,0
organizacija profesionalnih ljudi za profesionalne ljude,1,0
Čin prilaska cilju.,0,1
tortilja čips preliven sirom i ljutom paprikom i pečen,1,0
morske protozoe,1,0
"Upotreba privrednih dobara da bi se zadovoljile potrebe, ili u proizvodne svrhe (ekonomija).",1,0
Igra na otvorenom koja se igra na polju određenih dimenzija,1,0
zagovornik maoizma,1,0
koji pokazuje ili izaziva veselje i zadovoljstvo,0,1
mali crveni ili žuti paradajz,1,0
uvući vazduh,1,0
štrcaljka koja podseća na pištolj za nanošenje tečnih supstanci (kao što su boje) putem prskanja,1,0
Pljosnate ribe,1,0
prethodna pojava ili uzrok ili događaj,1,0
količnik koji se dobija kada se veličina dela nečega podeli s veličinom celine,1,0
prirodne ili veštačke materije koje se sastoje od velikih molekula sačinjenih od povezanih serija ponovljenih jednostavnih monomera,1,0
poreklom s Kanarskih ostrva i Azorksih ostrva; ima žuto perje i lepo peva,1,0
ukrasno drvo žutocrvenkastih cvetova,1,0
bivša osnovna novčana jedinica Luksemburga,1,0
zamišljena linija koja povezuje tačke koje imaju isti barometarski pritisak u datom trenutku,1,0
biljojedi ljiljci,1,0
uzak izdužen otvor između dva simetrična dela,1,0
zaustaviti rad ili prouzrokovati zaustavljanje rada,1,0
novčana jedinica Ukrajine,1,0
novčana jedinica Malezije,1,0
"redak mek naranđast mineral (asS), važna ruda arsena",1,0
uspostaviti mapiranje elemenata skupa,1,0
tečnost ili gusta masa koja se dobija zagrevanjem i mlevenjem zrna kakaoa; osnova svake čokolade,1,0
žuta Pipin jabuka sa karakterističnim ukusom,1,0
"oblik društvene organizacije u kojoj je žena glava porodice, a loza se prati preko ženske linije",1,0
program koji kontroliše izvršavanje drugih programa,1,0
"zakrivljenost obale, manjih razmera",1,0
"tanka kratka hrenovka, najčešće sa odsečenim krajevima",1,0
gust sos napravljen od paradajza sa mnogim začinima,1,0
Sveta tajna kojom se krštenoj osobi daje potpuno uključenje u crkvu,1,0
stanovnik Vijetnama ili poreklom iz Vijetnama,1,0
kontraceptivni uređaj koji se sastoji od tanke gume ili lateksne prevlake koja se nosi preko penisa tokom seksa,1,0
"viski destilovan iz kaše od kukuruza, slada i raži, čuvan da odstoji u ugljenisanim hrastovim bačvama",1,0
predstavljanje apstraktne osobine ili ideje kao osobe ili bića,1,0
uskladištena informacija koja se koristi da da identifikuje neku stavku u sistemu za skladištenje i pronalaženje informacija,1,0
Zapadno indijsko voće koje podseća na mango; često ukiseljeno,1,0
"tanka,, prozračna hartija koja obično služi za brisanje",1,0
postupak podizanja čina ili položaja,1,0
netačan iskaz,1,0
bantu jezik,1,0
tanak deo sa prednje četvrti životinje,1,0
"onaj kojeg vredi imati, tražiti ili dostići",0,1
pretvoriti kod u uobičajen jezik,1,0
"konvencionalni metaforični naziv za nešto, koristio se posebno u staroj engleskoj i staroj nordijskoj poeziji",1,0
reč koja izražava atribut nečega,1,0
mek srebrnkast metal; redak u zemlji,1,0
duga depresija strmih ivica na dnu okeana,1,0
osnovna novčana jedinica Sudana,1,0
severoistočni iranski jezik kojim se govori u Rusiji,1,0
glavni i najveći grad Ugande,1,0
dugače trkaće saonice sa sistemom za upravljanje,1,0
pročišćen puter bojen polako braon bojom i začinjen sirćetom ili limunovim sokom i kaparom,1,0
palma penjačica iz Šri Lanke i južne Indije,1,0
metod književne kritike kojim se analiziraju detalji teksta da bi se otkrili njegova struktura i značenje,1,0
prekrstiti nekoga (učiniti znak krsta preko nekoga) da bi se nad tom osobom prizvala Božija zaštitila,1,0
student koji jako puno uči,1,0
supstancija koja se emituje ili ispušta,1,0
glavni deo organa ili drugih telesnih struktura,1,0
stanovnik Nauruana ili poreklom sa Nauruana,1,0
Biti nekome prihvatljiv ili odgovarajući.,0,1
kadoanski jezik kojim govori narod Poni,1,0
Zgrada u kojoj se vrši likvidacija životinja radi proizvodnje mesa,1,0
konsonant za čiju je artikulaciju potrebno pokretanje usana,1,0
zbir vrednosti podeljenih brojem vrednosti,1,0
kolekcija i izučavanje poštanskih maraka,1,0
novčana jedinica u Sao Tome i Principe,1,0
glagolski oblik kojim se izražava završena radnja,1,0
"Kardinali, krstokljuni, strnadice, štiglići, ??",1,0
zamenica koja izražava razlike u licu,1,0
zgrada u kojoj se nalaze svlačionice za kupače,1,0
dodatak predstavljati,1,0
turkijski jezik kojim govore Azerbejdžanci,1,0
uska i tanka drvena traka koja se koristi kao podloga za gips ili izradu rešetki,1,0
novčana jedinica Maroka,1,0
slaganje u licu između zamenica i glagola,1,0
mašina koja simulira neko okruženje radi obuke ili istraživanja,1,0
kretati se unazad i od čega se udaljavati,1,0
nezabeleženi praistorijski jezik koji je preteča svih indoevropskih jezika,1,0
Jasen.,1,0
"tikva sa čvrstom korom i izduženim, krivim vratom",1,0
kartica ili značka koja se koristi da bi se njezin nosilac mogao identifikovati,1,0
Rod monokotiledona koji uglavnom čine trave koje imaju?,1,0
najmanji moguć,1,0
Sastoji se od svih živih glavonožaca osim porodice Nautilidae: redovi Octopoda (hobotnice) i Decapoda (lignje),1,0
odnos intenziteta signala prema intenzitetu šuma,1,0
pododeljak čina u komadu,1,0
determinator koji se odnosi na klasu entiteta koji se ne mogu jasno identifikovati ('a' u engleskom),1,0
odeljenje u zatvoru (koja se obično sastoji od nekoliko ćelija),1,0
čaša napravljena od papira za jednokratnu upotrebu,1,0
"anatomska struktura koja se koristi kao polazna tačka u lociranju drugih anatomskih struktura, kao u hirurgiji ili tačka na kojoj mogu da se izvrše merenja",1,0
Koji nastaje iz želje da se doprinese blagostanju ili sreći drugih.,0,1
osoba koja je često u društvu druge,1,0
obožavanje sunca,1,0
napraviti sastavljanjem iz delova,1,0
vrste kobasica ili mesnih vekni koje su sečene i servirane hladne,1,0
pribor za pisanje koji služi da se nešto označi,1,0
ispuniti slutnjom ili uznemirenošću; izazvati neprijatnu iznenađenost,1,0
oprema koja se sastoji od skupa predmeta ili alata za određenu svrhu,1,0
"zamenica (kao 'koji' ili 'čiji') kojom se odnosna rečenica uvodi u imeničku sintagmu, pri čemu upućuje na centar te sintagme",1,0
"lekovito, magično ili otrovno piće",1,0
"pratiti, otkriti ili utvrditi tok razvoja čega",1,0
Britanski filolog i pisac fantastike (rođen u Južnoj Africi) (1892-1973).,1,0
hrskave pahuljice koje se prave od kukuruza,1,0
Stabljika celera koja se kuva ili jede sirova (kao začin).,1,0
Osobina onoga što zaslužuje poverenje.,0,1
rukom pisan tekst koji liči na štampani tekst???,1,0
"pištolj za koji se puni kroz cev i koji ima dugačko burence, ranije korišten od pešadije",1,0
osoba koja ima doktorat neke akademske institucije,1,0
Voziti bicikl.,1,0
Liturgijska molitva koja počinje ovim latinskim rečima,1,0
nastati; kakvu formu ili oblik preuzeti,1,0
mišić koji približava deo tela ka centralnoj osi,1,0
neko ko piše romane,1,0
žensko rublje i noćna odeća,1,0
političko usmerenje onih koji smatraju republiku za najbolji oblik vlasti,1,0
"karakteristika sistema čije izlazne veličine ne zavise samo od ulaznih veličina, već i od istorije sistema; posebno, pojava pri kojoj namagnetisanost feromagnetnog tela ne zavisi samo od aktuelne vrednosti magnetnog polja, već i od prthodnih magnetnih stanja",1,0
čin vraćanja aktivnosti i značaja nečemu,1,0
Beloruki gibon,1,0
"alat koji se sastoji od nekoliko kukica za hvatanje i držanje, često bačenih konopcem",1,0
osoba koja duguje pokornost toj naciji,1,0
"korpus pravila, regulative, naloga i odluka koje donose administrativne agencije vlade",1,0
Rusomača,1,0
smešati ili uskladiti,1,0
"ugledati :1, spaziti :1, opaziti :1a uhvatiti nekoga na vidiku",1,0
Ljiljan istočnog Mediterana i Balkana sa širokim belim cvetovima u obliku?,1,0
bojažljivo očekivanje ili predviđanje,1,0
niz brojeva kod kofga je svaki broj zbir prethodna dva,1,0
naći zajednički jezik,1,0
Stanje slobode; moć delovanja ili govora ili mišljenja bez ograda. nametnutih spolja,1,0
održati predavanje ili besedu,1,0
stanovnik Ukrajine ili poreklom iz Ukrajine,1,0
čest mineral koji je bledo žute boje,1,0
proći prolaziti kroz proces konjugacije,1,0
"ostrvska grupa u Francuskoj Polineziji u Južnom delu Tihog okeana, istočno od Samoe",1,0
"biljka sa tankim, belim stabljikama koje nose tamno-zelene listove i formiraju zdužene glavice",1,0
osnovna novčana jedinica Kiribatija,1,0
Zrikavci,1,0
Bizamko goveče,1,0
kiselina koja sadrži bro i kiseonik,1,0
instrument koga pokreće računar a služi za crtanje grafikona i sličnih slika,1,0
pisana procena književnog rada,1,0
okrugao plod sa hlebnom teksturom mesa; jede se kuvan ili pečen,1,0
stručnjak za mitologiju,1,0
termoplastika dobijena polimerizacijom iz jedinjenja koja sadrže vinilsku grupu,1,0
osnovna novčana jedinica Gruzije,1,0
Spojen ili vezan.,0,1
Umetnik nenadmašnih veština.,0,1
kopija koja se predstavlja kao da je original,1,0
zvonari,1,0
Klasa mekušaca koi obično imaju jednu uvijenu ljušturu i ventralno stopalo i glavu koja nosi oči na rogovima,1,0
Onaj koji ima veliku moć ili silu ili snagu ili uticaj.,0,1
novčana jedinica Libana,1,0
"indijski jezik; državni jezik Maharaštre, zapadni centralni deo Indije; pisan je devanagarijem",1,0
tamno zeleno tropsko voće veličine kivija sa belim mesom; najviše se koristi za džemove i zimnicu,1,0
zakrivljen ili savijen uređaj za kačenje ili povlačenje nečega,1,0
religijski obrok koji se deli kao znak ljubavi ili prijateljstva,1,0
ER,1,0
"ostrvska država, stekla nezavisnost 1960",1,0
bitka u kojoj učestvuju bar dve vojne sile,1,0
prouzrokovati genetičku rekombinaciju,1,0
zaslađeno piće koje sadrži gaziranu vodu i pojačivače ukusa,1,0
Čin proganjanja (posebno na osnovu rase ili religije).,1,0
folija napravljena od aluminijuma,1,0
pregovarač koji služi kao veza između parničnih strana,1,0
novčana jedinica Gvineje Bisao,1,0
nerv  koji sprovodi impuls do mišića ili žlezda,1,0
Koji odgovara za svoje postupke.,0,1
raširiti više u prostoru i vremenu,1,0
"Nemački pesnik, pripovedač i dramaturg, živeo u Vajmaru (1749-1832).",1,0
jumanski jezik kojim govori narod Hualapai,1,0
Dati nekome savet,1,0
aparat za vizuelno signaliziranje svetlima ili mehaničkim pokretnim ručicama,1,0
lider koji u političkoj partiji kontroliše glasanje i diktira imenovanja,1,0
zaštitni oblog za povređeno oko,1,0
otvor na sredini lica cipele,1,0
izvršiti matematičke i logičke operacije (na podacima) prema programiranim naredbama kako bi se dobile potrebne informacije,1,0
glavni grad Bocvane,1,0
gospodar države koji to postaje nasleđivanjem,1,0
"prednji, providni i ispupčeni okrugli deo beonjače",1,0
osnovna novčana jedinica Slovačke,1,0
neučestvovanje u sporu ili ratu,1,0
poseban splet okolnosti,1,0
"Loša vremenska prilika sa vetrovima od 64 do 72 čvora (11 po Boforovoj skali) sa padavinama, grmljavinom i sevanjem.",1,0
alat za sečenje sa ravnim čeličnim sečivom sa reckavom ivicom,1,0
Struktura koja prekriva ili čini vrh građevine,1,0
savremeni persijski jezik kojim se govori u Iranu,1,0
izričito naglasiti; do detalja pojasniti,1,0
novčana jedinica Sijera Leonea,1,0
dopuštena razlika - dozvoljavanje određene slobode kretanja unutar granica,1,0
hemijsko jedinjenje koje lako oslobađa kiseonik,1,0
kamen koji se koristi za označavanje groba,1,0
koštani izraštaj razvijen blizu gornjeg kraja femura za koji su zakačeni mišići,1,0
gambuzija,1,0
(računarstvo) datoteka koji sadrži podatke koji predstavljaju izlaz iz uređaja ili programa,1,0
KP,1,0
oglasiti se putem vazduha proteranog kroz cev,1,0
bakalar koji se obično peče ali se nekad i bari sa buterom,1,0
reč koja je nastala iz dve ili više reči izostavljanjem ili kombinovanjem nekih zvukova,1,0
bivša osnovna novčana jedinica Obale Slonovače,1,0
nepromenljiva reč sa specifičnom gramatičkom funkcijom; u engleskom se koristi za formiranje frazalnih glagola,1,0
gusto piće koje sadrži sveže voće pasirano sa sladoledom ili jogurtom ili mlekom,1,0
napraviti širim,1,0
Sedište za jahača na konju.,1,0
u kome su slojevi jedan preko drugog,1,0
grana geologije koja proučava zemljotrese,1,0
osnovna novčana jedinica Filipina,1,0
tastatura za ručno unošenje karaktera koji će se videti na ekranu ili odštampati,1,0
lagano udariti,1,0
personalni računar koji može lako da se prenosi i nosi u ruci,1,0
novčana jedinica Finske,1,0
buba iz južne Evrope,1,0
novčana jedinica Zelenortskih ostrva,1,0
osnovna novčana jedinica Poljske,1,0
mrežna topologija čije su komponenet povezane na glavni računar,1,0
"Domaće govedo Južne Amerike, tropske Afrike i Madagaskara s grbom od masnog tkiva",1,0
političar koji vodi kampanju da bude izabran na javnu funkciju,1,0
"Koji se tiče Austrije, njenih stanovnika i kulture",1,0
novčana jedinica Letonije,1,0
priručnik koji sadrži reči (obično sa njihovim značenjima),1,0
kretanje naniže,1,0
BT,1,0
naučnik koji istražuje zemljotrese,1,0
meso fazana; najčešće dinstan,1,0
subvencija dodeljena sudskom odlukom,1,0
prenosiva ograda u kojoj se mogu ostaviti bebe da se igraju,1,0
promena agregatnog stanja iz jednog u drugo bez promene hemijskog sastava,1,0
dug vremenski period,1,0
Močvarna biljka umerenih područja,1,0
pomorska bitka u Drugom svetskom ratu (1944),1,0
konzorcijum nezavisnoih organizacija sačinjen da bi se ograničila konkurencija i kontrolisala proizvodnja i distribucija porizvoda i usluga,1,0
ljepljiva traka koja se koristi za oblaganje rana,1,0
"Plod vrste zimska dinja, velika zelena dinja sa narandžastim mesom",1,0
Postati otvoren.,1,0
ukloniti zemljište ili kamen,1,0
redak srebrnkast obično trivalentan metal; tečan na temperaturi iznad sobne,1,0
spoljašnji pokrivač ili omotač,1,0
"vegetativno telo gljive (u zemlji ili na drugoj podlozi), razvijeno iz spora, sastavljeno iz gustog spleta niti, hifa",1,0
snažno potvrditi; reći da je nešto tačno ili postojeće,1,0
tipski rod porodice Pandionidae,1,0
umetnost oblikovanja ili modelovanja (rezbarije i skulptura),1,0
"nalik sosu holandez; pravi se od belog vina, estragona i vlašca",1,0
srna,1,0
čin dodeljivanja subvencije,1,0
knjiga koja sadrži kalendar i prazan prostor za beleženje termina sastanaka,1,0
Osoba koja se brina o ljudima i njihovoj svojini.,0,1
slovoslagačka mašina kojom se upravlja pomoću tastature koja svaki red izliva kao jedan mašinski red,1,0
kratki nož sa špicastim sečivom koji se koristi za probijanje ili ubadanje,1,0
obožavanje vatre,1,0
Jupiterov epitet,1,0
pomoć nekoj stvari ili politici ili interesima,1,0
mašina koja se koristi u poljoprivredi,1,0
naseliti se na novo mesto,1,0
probližavanje beskonačnog red konačnoj granici,1,0
dugačka i često iskrivljena ljuta crvena paprika,1,0
jedinica težine 100 kilograma,1,0
zlonamerno zadovoljstvo,1,0
deo ili odeljak putovanja,1,0
izvući iz kakve zamršenosti,1,0
prvi deo nekog saopštenja,1,0
spolja vidljiva hrskavičava struktura spoljašnjeg uva,1,0
kratkotrajni radioaktivni metal stvoren od uranijuma koji se dezintegriše u aktinijum a potom u olovo,1,0
pripadnik necivilizovanog plemena,1,0
kamenjari,1,0
oružje koje koriste vojne ili pomorske snage,1,0
bezalkoholno piće; obično gazirano,1,0
potvrda da se neka činjenica ili iskaz tačni,1,0
čvrsto tane koje se ispaljuje iz vazdušne puške,1,0
tipski i jedni rod porodice Menuridae,1,0
naslov koji se štampa na vrhu svake stranice (ili svake druge strane) knjige,1,0
meso odrasle ovce,1,0
napisati drugačije; promeniti nešto što je napisano,1,0
"lantanoid, sivi metalni element",1,0
"Jedna od najvećih prirodnih grupa riba, morskih i slatkovodnih: tune, grgeča i?",1,0
obična siva divlja evropska guska; predak mnogih domaćih sorti,1,0
šupljina u kojoj počinje debelo crevo a u koju se otvara ileum,1,0
bantu jezik,1,0
cifra u broju za koju se pouzdano zna da je tačna,1,0
"ručni alat sa tankim fleksibilnim sečivom, koji se koristi za mešanje ili širenje mekih supstanci",1,0
kvalitet onoga što ima veliku cenu,0,1
bivša osnovna novčana jedinica Portugala,1,0
niz pokreta stopala koji sačinjavaju neki ples,1,0
Rukom ili nekim predmetom izazvati udarac.,1,0
"Deo tela gde se ono sužava, između rebara i kukova",1,0
baleniceps,1,0
prostor u kome važe Euklidove definicije i aksiome; metrički prostor koji je linearan i konačno-dimenzionalan,1,0
"uskladišten u centralnom računaru, kontrolisan od njega ili u direktnoj komunikaciji sa njim",1,0
ukupan opseg veština ili uređaja koji se koriste u nekom polju ili zanimanju,1,0
metal relativno velike gustine - specifična težina veća od 5g/cm3 - ili relativno velike atomske težine,1,0
krastavci i?,1,0
"U pravu, osoba koja potvrđuje verodostojnost dokumenta ili potpisa svojim sopstvenim potpisom",1,0
"uređaj za prikazivanje ulaznih signala kao slova na ekranu, obično ima tastaturu",1,0
krompir koji se peče i služi sa ljuskom,1,0
tipski rod porodice Balaenicipitidae: beleniceps,1,0
izvijena bakterija (naročito neke koje su štapičastog ili razgranatog oblika u nodulima korena kod biljaka koje su azotofiksatori),1,0
opaliti ili se isprazniti,1,0
"pokrivač za glavu konja; uključuje oglav, žvale i uzde koje jahaču ili vozaču daju kontrolu",1,0
provrteti rupu u nečemu,1,0
grana neuronauke koja izučava mozak,1,0
razmeniti poruke,1,0
niz tačaka (najčešće tri) koji ukazuje na to da je deo teksta izostavljen ili da je rečenica nezavrsena,1,0
svakodnevni govor ljudi (različit od književnog jezika),1,0
onaj koji ima visoku vrednost ili cenu;,0,1
napisati računarski program,1,0
"naporedni odnos među jezičkim jedinicama istog statusa, uspostavljen pomoću veznika",1,0
naelektrisani atom ili grupa atoma; jonsko naelektrisanje potiče od gubitka ili dobitka elektrona,1,0
osoba koja je umrla i proglašena za sveca procesom kanonizacije,1,0
ostrvo na kome su Republika Irska i Severna Irska,1,0
koji čini živahnim i veselim,0,1
red biljaka,1,0
hulmani,1,0
izbaciti veliki deo rukopisa,1,0
stvaranje programa koji omogućavaju računaru da logički rezonuje,1,0
povratne informacije u saglasnosti sa ulazom (koje ga povećavaju),1,0
ispirati usta i grlo tečnošću za ispiranje,1,0
Izraziti hvalu za nešto,1,0
Promeniti se iz gasovitog u tečno stanje,1,0
metoda za analiziranje ili predstavljanje statističkih podataka,1,0
uređaj koji se sastoji od delova na kojima nešto može da se klizi,1,0
čemakuanski jezik kojim govori narod Čemakum,1,0
novčana jedinica Belorusije,1,0
kamen koji nastaje stvrdnjavanjem mineralnih soli; nalazi se u šupljim organima ili kanalima tela,1,0
Od velikog značaja ili važnosti.,0,1
brend za zamenu za kafu koji je izumeo C. W. Post; pravi se cikorija i prženih zrna,1,0
Koji se odnosi ili je karakterističan za diplomatiju,1,0
ćorba od školjki sa paradajzom i drugim povrćem i začinima,1,0
signal koji izlazi iz elektronskog sistema,1,0
"Biti potpun u svojoj vrsti, bez nedostataka",0,1
bafer koji čuva podatke dok štampač ne bude spreman,1,0
stvarati muzičko delo,1,0
nanošenje telesnih povreda licu koje je osuđeno za izvršen zločin,1,0
radnja koju karakteriše dobro raspoloženje,0,1
bivša osnovna novčana jedinica Holandije,1,0
Čine je samo manati,1,0
Ljoskavac,1,0
"sprečiti da nešto bude uključeno, razmatrano ili prihvaćeno",1,0
naziv za više vrsta morskih puževa koji se koriste u ishrani,1,0
slatkovodna riba sa koštanim skeletom; nemasno meso ribe koja se često uzgaja; može da se peče ili dinsta,1,0
zgrada (ili prostorija) gde se mrtva tela drže pre sahrane ili kremacije,1,0
žestoko piće dobijeno fermentacijom žitarica,1,0
svetlo žuto grožđe bez semena koje se koristi za grožđice i vino,1,0
božanstvo koje se obožavali u drevnom Rimu,1,0
staza koja se sastoji od popločanih površina za pešake - obično pored ulice ili kolovoza,1,0
nesigurno stanje uma,1,0
tanki pravi hirurški nož koji se koristi u disekciji i hirurgiji,1,0
knjiga ili brošura koja sadrži popis stvari,1,0
uvod u pozorišni komad,1,0
iznenadna promena unutar rečenice iz jedne sintaksičke strukture u drugu,1,0
sprovoditi istragu o nečemu,1,0
podrška na koju se možete nasloniti dok sedite,1,0
Završna akcija.,1,0
otrovna biljka sa fibroznim korenom,1,0
nepravedan čin,1,0
osećati fizički bol,1,0
koristiti FT protokol za prenos podataka sa jednog računara na drugi,1,0
"zadobiti kakvu prednost, kao što su bodovi itd.",0,1
Nešto što ljudi rade ili što se zbog ljudi dogodi,1,0
stići kamo i ukrcati se,1,0
Neko ko prede (uvrće vlakno i pravi niti).,1,0
pohađati religijske službe,1,0
čuga; ?hemlock fir; ?hemlock spruce,1,0
oblo žuto tropsko voće,1,0
avokado,1,0
podzemna površina ispod koje je tlo potpuno zasićeno vodom,1,0
tajno uvoziti zabranjenu robu ili robu na koju se ima platiti carina,1,0
Čin udisanja; uvlačenje vazduha ili drugih gasova disanjem,1,0
napredovati od jedne tačke do druge,1,0
unutrašnji deo organa ili strukture kod biljaka ili životinja,1,0
supstanca pomoću koje se nešto postiže,1,0
koncizan i sažet,1,0
Republika Sudan,1,0
izgubiti toplotu,1,0
društveni sistem koji manjinske grupe odvaja u separatne ustanove,1,0
jezik australijskih starosedelaca,1,0
"mekan, sivi metal koji se koristi u legurama; ranije se zvao kolumbijum",1,0
prost protein koji se nalazi u rožastima tkivima i sočivu oka,1,0
"Oktopod, lignja, hobotnica,...",1,0
strah od nepoznatog ili od donošenja odluka,1,0
kljunari,1,0
ekspert koji je posvečen izučavanju neke uske discipline,1,0
trka izmđe ljudi koji voze bicikle,1,0
kremasti preliv koji sadrži mrvljeni plavi sir,1,0
pekidanje sednice ili sastanka,1,0
prilika da izložite slučaj i da vas saslušaju,1,0
pričvrstiti šivanjem; syiti,1,0
bivša osnovna novčana jedinica Finske,1,0
srednji region tela  artropoda odnosno zglavkara  između glave i trbuha,1,0
"Šupljorogi preživar blizak kozi ali sa svojstvima antilope: planinske koze, ...",1,0
uvučen ili udubljen prostor,1,0
Koktel Riki koji se pravi sa džinom,1,0
grana geologije koja izučava oblik zemlje i određuje tačne pozicije geografskih tačaka,1,0
varijantna forma grafeme - kao 'm' i 'M',1,0
sprečiti donošenje odluke porote,1,0
Muholovke iz novog sveta; ?antbirds; ?oven birds; ?woodhewers,1,0
ostvarenje cilja,1,0
tipski rod porodice Peridiniidae,1,0
teški dugačak čekić koji se koristi za ukucavannje eksera ili klinova,1,0
Kineska biljka sa palmolikim lišćem i malim zelenim cvetovima i aromatičnim korenom za koji se veruje da ima medicinska svojstva,1,0
Britanski pisac (rođen u Irskoj) (1856-1950).,1,0
razdvojiti od drugih,1,0
projekat od ličnog interesa za nekoga,1,0
"Čin prisustvovanja (na sastanku, i sl.)",1,0
ogrličar,1,0
zakrivlen na spolja,1,0
ekstravagantan komad u kome je radnja više istaknuta nego karakterizacija,1,0
osoba koja profesionalno komponuje ili izvodi muziku,1,0
Učiniti svetim pomoću religijskih obreda.,0,1
služba u kojoj ljudi pevaju himne i zajedno se mole,1,0
posebno prostorno uređenje,1,0
bivša osnovna novčana jedinica Madagaskara,1,0
indijski jezik kojim govore stanovnici Gudžarata u zapadnoj Indiji,1,0
mleko dobijeno od koze,1,0
invazivna radiološka metoda snimanja spinalnog kanala kičme i kičmene moždine,1,0
popis kojim se reklamira seme u komercijalne svrhe sa cenama,1,0
iskakanje kostiju zgloba iz čašie,1,0
cifra od 0 do 7 u oktalnoj notaciji,1,0
radnik koji prekriva objekte bojom,1,0
odnosi se na glagolski način kojim se izražava naredba,1,0
"u obradi informacija, uređena lista zadataka koje treba obaviti ili poruka koje treba transmitovati",1,0
posuđe za kuvanje,1,0
Podvrgnuti nedobronamernom smehu.,0,1
zbirka zapisa posebno o nekoj instituciji,1,0
šastanski jezik kojim govori narod Akomavi,1,0
Kim.,1,0
odustati od kakve pozicije ili se sa nje povući,1,0
poslovanje koje obezbeđuje usluge turistima,1,0
važna riba severnih mora (posebno Atlantika) koja se lovi i koristi ca ishranu,1,0
koji lako žali i sažaljeva,0,1
sindrom koji se javlja kod mnogih ženama 2 do 14 dana pre početka menstruacije,1,0
"zaslađeni napitak, mešavina soka limete i vode",1,0
drvena ili plastična ploča na kojoj se mesi testo za hleb,1,0
znak dodat nekom slovu kako bi se označila posebnost u izgovoru,1,0
uređaj koji zagreva vodu ili prostoriju,1,0
Proizvodnja hrane pripremom zemlje da donosi rod (u poljoprivredi).,1,0
tukani,1,0
risevi,1,0
alkoholno piće koje se pravi od aromatičnog korenja kava grma,1,0
aktivna snaga tela ili duha,1,0
ptica pevačica s ćubom na glavi,1,0
Tisa koja preovlađuje u Evropi; izuzetno dugo živi i sporo raste; jedna od najstarijih vrsta na zemlji.,1,0
skandinavski jezik koji je zvanični jezik Islanda,1,0
hokan jezik kojim govori narod Čimariko,1,0
trka između timova; svaki član trči ili pliva deo staze,1,0
iznenadni masovni strah i nespokojstvo zbog očekivanih događaja,1,0
zvanični jezik litvanije; pripada baltskoj grani indoevropskih jezika,1,0
"uređaj koji aktivira, odpušta ili dovodi do toga da se nešto desi",1,0
osobina atraktivno tanke osobe,1,0
posuđe sastavljeno od kompletnog seta (srebro ili posuđe) za upotrebu za stolom,1,0
Položaj na koji se po dužnosti raspoređuju brod ili flota (mornarica).,1,0
istraživanje sastavnih delova neke celine i kakva je njihova međusobna veza,1,0
podela u međusobno isključive kategorije,1,0
degiha dijalekat kojim govori narod Kanza,1,0
"prekršajna prijava koja se izdaje prekršiocu (na licu mesta),posebno onome ko je načinio prekršaj u saobraćaju",1,0
Sporazumevati se ćutke i neverbalno; sporazumevati se jezikom znakova,1,0
održavati konverzaciju,1,0
predstava u umu u obliku ideje ili slike,1,0
biti zaljubljen ili u ljubavi s nekim,0,1
novčana jedinica Norveške,1,0
zeleniš koji raste u divljini i koristi se kao zamena za spanać,1,0
koji čini ili donosi dobro,0,1
riba-sveća koja se pronalazi u vodama Evrope,1,0
Nešto što se duguje.,1,0
čin prisustva,1,0
"imati prostora za nešto, obuhvatiti u svoj prostor",1,0
iznenadna promena vlasti obično uz upotrebu sile,1,0
mrmoti,1,0
debela ravna prostirka koj se koristi kao pokrivač za pod,1,0
tanak oštri instrument koji se koristi za uzimanje,1,0
penutski jezik kojim govori narod Kostano,1,0
"polaze iz kičmene moždine (ili u nju ulaze) i glavni su nosioci somatskog  nervnog sistema; ima ih 31 par; jedan spinalni živac je funkcionalno uglavnom mešovit, što znači da sadrži aferentna i eferentna vlakna; Motorna (eferentna) vlakna polaze iz prednjeg roga kičmene moždine, aferentna vlakna ulaze ukrštena preko spinalne ganglije u zadnji rog kičmene moždine",1,0
zgrada u kojoj su smešteni konji i druga stoka,1,0
mineral koji se sastoji od mangan karbonata; izvor mangana,1,0
laki obojeni mineral koji se sastoji od kristala kalcijum magnezijum karbonata; koristi se za proizvodnju keramike,1,0
popis stanovništva,1,0
Portugalska provincija na južnoj obali Kine i dva ostrva u Južnom kineskom moru; vraćeni Kini 1999,1,0
altajski jezik kojim govore Koreanci,1,0
"način na koji vesti predstavljaju novinari novina, radija i televizije",1,0
biti nalik ili sličan,1,0
zašiljeni deo gramofona kojim se proizvodi zvuk kada on prelazi preko udubljenja na disku koji se okreće potrebnom brzinom,1,0
Biljka iz roda Nigella,1,0
modna elita,1,0
proučavanje geografske rasprostranjenosti životinja ili biljaka,1,0
Čin konstruisanja nečega (kao masšinskog dela).,1,0
organ koji je smešten na ili pri površini tela,1,0
predmeti napravljeni od stakla,1,0
letelica bez krila koja se penje zbog vrtnje gornjih elisa,1,0
trodimenzionalni rad plastične umetnosti,1,0
prva školska knjiga iz koje đak uči,1,0
pravougaoni komad upijajuće tkanine (ili papira) za sušenje ili brisanje,1,0
nekastrirane odrasle muške ovce,1,0
Kratak opis događaja (posebno biografskog).,1,0
prirodno i periodićno stanje odmora tokom koga se gubi svest o svetu,1,0
jedan organizam,1,0
koristi se kao eksploziv i za veštačka đubriva,1,0
Aktivnost štićenja nekoga ili nečega.,0,1
Poruka koja opisuje kako nešto treba da bude urađeno,1,0
drvo od ariša,1,0
puzavci,1,0
menjanje određene reči ili fraze,1,0
pripadnik grupe Jevreja koji su u vreme ranog hrišćanstva prihvatili Hrista kao mesiju,1,0
kušitski jezik kojim govori narod Somali,1,0
odnos srodstva između ženske osobe i njene braće i sestara,1,0
pokrivati tečnošću; sipati tečnost na,1,0
Čin u kome nešto gori,1,0
zabeležiti pokrete u plesu pomoću sistema znakova,1,0
jabuka koja rano sazreva popularna u severoistočnoj Americi; najčešće se jede sirova ali je pogodna i za sos od jabuka,1,0
fokus pažnje javnost,1,0
mustra koja se korsti za štampanje; koristi se da obezbedi zatvaranje ili autentičnost dokumenta,1,0
čvrsto telo koje se formira učvršćivanjem hemijske supstance i ima veoma pravilnu atomsku strukturu,1,0
UY,1,0
zajednički naziv za novine i časopise,1,0
premestiti sa jednog mesta na drugo,1,0
filovirus koji izaziva Ebola hemoragičnu groznicu; prenose je životinje; može da se koristi kao biološko oružje,1,0
Izjaviti za nekoga da nije kriv po krivičnim optužbama.,0,1
radiografija koja koristi X-zrake da proizvede rentgenogram,1,0
glasno izgovarati ili objaviti,1,0
novčana jedinica Demokratske republike Kongo (bivši Zair),1,0
biljka jednosupnica jakog i prijatnog mirisa iz porodice sunovrata koja se gaji kao ukrasna a služi i za proizvodnju lekova,1,0
austronezijski jezici kojima govore australijski starosedeoci,1,0
tronogo vratilo koje se koristi za podršku,1,0
osoba koja ne prihvata nove ideje,1,0
izričito odobravanje čega,1,0
prostor rezervisan za sedenje,1,0
Misirski bog Sunca; brat i muž Izide; otac boga Hora,1,0
izgovarati sa šuškanjem,1,0
višegodišnja trska iz najtoplijih krajeva,1,0
poslovanje vezano za izdavanje,1,0
"ukinuti, čega uništenje ili opoziv uzrokovati",1,0
zrela jalapeno čili paprika osušena za potrebe kuvanja,1,0
podesiti razmake između reči,1,0
"ostrvska država u centralnom Pacifiku, malo ispod ekvadora",1,0
dokument koji se odnosi na neko poslovanje,1,0
iskren ili hitan zahtev,1,0
zagovornik iredentizma,1,0
na visokom nivou po rangu ili značaju,0,1
osoba koja ima ekstremne poglede,1,0
doktrina ili verovanje u postojanje Boga ili bogova,1,0
konverzija iz jednog načina kodiranja u drugi,1,0
Smešten u ćivot,1,0
označiti kao kakvim znakom,1,0
objekat uveden predlogom,1,0
odlučujući momenat u romanu ili drami,1,0
shematski ili preliminarni plan,1,0
niz dela koji teži određenom cilju,1,0
građanin koji ima zakonsko pravo glasa,1,0
Poklapa se sa rodom Tarsius: aveti,1,0
postojano skladište koje čuva informacije u obliku mehurića na tankom filmu od magnetnog silikata; više se uglavnom ne koristi,1,0
pokrenuti silom,1,0
Neko ko operiše nervni sistem (posebno mozak).,1,0
"prošireno značenje, naročito u psihološkom slislu, ogleda se u jačini strasti ili entuzijazma",0,1
komad metala koji se stavlja konju u usta i vezuje za uzdu da bi jahač kogao da ga kontroliše,1,0
kratak kritički prikaz,1,0
odnos izmedju jedinica kojim se izražava dodatni karakter njihovih značenja,1,0
stanovnik Kipra ili poreklom sa Kipra,1,0
"pozdravljati na neki propisani način (titulom, imenom)",1,0
čin raskidanja nekog kontinuiteta,1,0
izmišljeno mesto velikog bogatstva i mogućnosti; istraživači su ga tražili u Južnoj Americi u XVI veku,1,0
"prisiliti ili privoleti ili neprestano terati ili prisiljujući pritisak vršiti, ili snažno motivisati",1,0
nakit za ukrašavanje uva; obično se prikačinje na ušnu duplju ili pričvršćuje kroz rupu u režnju,1,0
prezent koji se koristi kako bi se opisale prošle radnje ili stanja,1,0
jezik koji treba prevesti u neki drugi jezik,1,0
mekan plavkasto-beli toksični metal; javlja se u rudama cinka,1,0
mašina koja konvertuje kodirani tekst u običan jezik,1,0
predškolska ustanova za decu od 4 do 6 godina da ih pripremi za osnovnu školu,1,0
mašina za kopiranje koja šalje poruku putem telefona ili radio signala,1,0
"gust paprikaš napravljen od pirinča, piletine i male divljači; južne Sjedinjene države",1,0
učiniti nešto pravim i ispravnim,1,0
"Nekada se smatralo da je to jedan od četiri elementa od kojih se sastoji svemir (po Empedoklu, arhaično).",1,0
kvadratna matrica kod koje su sve elementi koji nisu na glavnoj dijagonali jednaki 0,1,0
tajna reč ili fraza koju zna samo mala grupa,1,0
skinkovi,1,0
majonez sa belim lukom,1,0
dokaz koji ukazuje na moguće rešenje,1,0
uputiti udarac nekome,1,0
osnovna novčana jedinica Jemena,1,0
prirodna količina tekuće vode koja teče po zemlji ili pod njom,1,0
na-dene jezik naroda Haida,1,0
humanističko izučavanje srži književnosti,1,0
ispružiti ili ispraviti; vratiti iz krivog položaja,1,0
"razdoblje između starijeg i mlađeg kamenog doba, pre oko 15,000 godina",1,0
tpolitička i ekonosmka teorija Karla Marksa i Fridriha Engelsa koja govori da je klasna borba neophodna da bi se ostvarile istorijske promene i da će kapitalizam na ktaju biti zamenjen komunizmom,1,0
pronaći nečiju lokaciju,1,0
uski put ili cesta,1,0
dovesti do kraja posle diskusije i odlučivanja,1,0
osloboditi led,1,0
"lična sloboda od ropstva, zarobljeništva i ugnjetavanja",0,1
metoda koja podešava krivu tačkama podataka tako da minimizuju sumu kvadrata rastojanja tačaka od krive,1,0
tesna ženska odeća,1,0
Lak mekan srebrnobeli element iz grupe alkalnih metala; brzo oksidira na vazduhu i reaguje burno s vodom; ima ga u prirodi u velikim količinama u mešavinama u morskoj vodi i ???,1,0
promeniti zagrevanjem,1,0
uobičajen beo ili bezbojan mineral - kalcijum sulfat dihidrat - koji se koristi za proizvodnju cenementa,1,0
uređaj koji je veoma koristan za određeni posao,1,0
praviti se važan,1,0
novčana jedinica Malavija,1,0
zaplena od strane države,1,0
promeniti se iz tečnog u čvrsto stanje kada je hladno,1,0
bivša osnovna novčana jedinica Italije,1,0
program koji pomaže u lociranju i korigovanju programskih grešaka,1,0
Bordo ljubičasto grozdasto indijsko voće slatko opore ljubičaste pulpe koje se koristi za slatko,1,0
uljudno ime za bilo koju ženu,1,0
sličnost oblika,1,0
reč ili grupa reči koji funkcionišu kao prilog,1,0
široko rasprostranjeni feldspar koji formira stene,1,0
Familija gljiva čiji ???,1,0
Stanje ili uslov u kome je neko nevin za određen zločin ili uvredu.,0,1
jedinica koja je deo nekog roda vojske,1,0
osoba koja je zatvorena; posebno ratni zarobljenik,1,0
karakter koji se dodaje na kraj bloka podataka koji se transmituju i koristi se za proveru ispravnosti transmisije,1,0
predgrađa koja se smatraju kulturnom klasom ili subkulturom,1,0
pripadnik naroda južne Afrike koji žive u Svazilendu i okolnim teritorijama,1,0
"Koji ushićuje čula, uzbuđuje duh ili izaziva emocionalno divljenje.",0,1
osnovna novčana jedinica Jermenije,1,0
"Stanje neaktivnosti (u poslovanju, umetnosti, itd.)",1,0
dugi ručni alat sa oštrim široko razmaknutim zupcima za podizanje i bacanje sena,1,0
promena pravca u kome se nešto kreće,1,0
postali sličan okolini,1,0
najviša tačka planine,1,0
pripadnik naroda koji govore nekim turkijskim jezikom,1,0
drozd koji se ističe lepim pevanjem,1,0
koordinatni sistem kod koga su koordinate tačke njene udaljosti od dve normalne prave koje se seku u koordinatnom početku,1,0
"ostrvska država na ostrvima privetrine, stekla nezavisnost 1979",1,0
slatkovodna riba koja ima leđa maslinaste do tamnozelene boje,1,0
otvor na vozilu koji dozvoljava da se vidi sa strane ili otpozadi; obično sadrži proziran materijal i može se otvoriti,1,0
"Jestivo žuto voće, vrsta ""Jamajčanskih orlovih noktiju""",1,0
šetati se,1,0
"dugačak kožni remen, ili od nekog drugog materijala koji služi da poveže neke stvari ili da ih drži na jednom mestu",1,0
pod uticajem patnje i tuge ili ispunjen ovim osećanjima,1,0
Nauka o sistematskoj klasifikaciji,1,0
odnosi se na tip rečenice ili glagolskog oblika kojim se izražava pitanje,1,0
istaknuti aspekat nečega,1,0
Komunistička država koja zauzima veliki deo teritorije Azije; najmnogoljudnija država na svetu,1,0
Biljke koje imaju ?umbels ili ?corymbs cvetova s jednim prašnikom; uključuje Umbelliferae (uglavnom trave) i Cornaceae (uglavnom drveće i žbunje.),1,0
unositi zarazne klice ili njihove produkte u živo tkivo radi dijagnoze ili posticanja imuniteta,1,0
crni magnetni mineral koji se sastoji od magnezijum karbonata,1,0
monarhija na čijem je čelu car,1,0
oblik koji se krivi prema unutrašnjosti,1,0
osnivač ruskih boljševika i vođa ruske revolucije i prvi vođa SSSR-a (1870-1924),1,0
Brod sa ravnim dnom za prenos teškog tereta (posebno na kanalima).,1,0
odrednica u rečniku koja daje objašnjenje reči,1,0
služba zadužena za obavljanje železničkog saobraćaja,1,0
"najveće more koje je okruženo kopnom; nalazi se unutar Evrope, Afrike i Azije",1,0
"Proizvodnja, eksploatacija ili uzgajanje nečega (obično u velikom broju) za prodaju (u ekonomiji).",1,0
karakter koji služi da označi unakrsnu referencu ili fusnotu,1,0
"Skandinavski punč napravljen od Klareta i akvavita sa začinima, grožđicama, pomorandžinom korom i šećerom",1,0
penutski jezik kojim govori narod Sahapti,1,0
konvertor koji menja informacije iz jednog koda u drugi,1,0
"u logici, iskaz koji je uvek tačan",1,0
penutski jezik kojim govori narod Cimši,1,0
koji je oslobođen stresa ili pogoduje mentalnoj opuštenosti; koji ima ili pruža duševni mir,0,1
Ptica koja se lovi iz starog i novog sveta iz familije ?; nastanjuje močvarna zemljistxa; nalikuje detliću?,1,0
satnovnik Gruzije ili poreklom iz Gruzije,1,0
Institucija niza koraka kroz koje se priziva pravno delovanje,1,0
tanka ploča ili sloj nekog tkiva,1,0
biljka iz roda Piqueria ili iz veoma bliskog roda Stevia,1,0
"predjelo koje se sastoji od tankih kriški hleba ili tosta premazanih kavijarom, sirom ili nekim drugim slanim premazom",1,0
hemikalija koja uništava napasti kao što su insekti i glodari,1,0
osoba iz vaše zemlje,1,0
endoskopska metoda ispitivanja organa u maloj karlici kod žena,1,0
Oporavak ili način čuvanja od gubitka ili opasnosti.,0,1
svaki sistem pisanih znakova,1,0
mekan srebrnobeo tetravalentan radioaktivni metal; izotop 232 se koristi kao izvor u nuklearnim reaktorima,1,0
sposobnost postojanja ili delovanja u harmoničnoj ili usklađenoj kombijaciji,0,1
odnos izmeđe dve različite vrste organizama koje su nezavisne ali jedna od druge ima koristi,1,0
