X,Predicted,Real
"intenzivno učiti, kao pre ispita",1,0
jezik čiji iskazi odgovaraju problemima korisnika,1,0
zamišljena linija koja spaja tačke u kojima se nešto dogodilo u isto vreme,1,0
GH,1,0
filovirus koji izaziva Ebola hemoragičnu groznicu; prenose je životinje; može da se koristi kao biološko oružje,1,0
"brak sa osobom koja ne pripada vašem plemenu ili grupi, kao što to zahteva običaj ili zakon",1,0
Zapadno indijsko voće koje podseća na mango; često ukiseljeno,1,0
novčana jedinica Švedske,1,0
kompatibilnost opservacija,1,0
osećati zadovoljstvo zbog nečega,1,0
osoba koja nezakonito drži žrtvu zatvorenu obično tražeći otkup,1,0
karakter koji označava relaciju ili operaciju među veličinama,1,0
odlomak isečen iz novina ili časopisa,1,0
prirodna količina tekuće vode koja teče po zemlji ili pod njom,1,0
objekat koji je recipijent ili benefaktiv radnje glagola,1,0
prilika da izložite slučaj i da vas saslušaju,1,0
Mladunče koze,1,0
zagovornik iredentizma,1,0
jedinica težine 100 kilograma,1,0
poboljšati čiji položaj,1,0
vežbati šta,1,0
"povezan zajedno, posebno u parovima",1,0
muskogijski jezik kojim govori narod Čokto,1,0
grbica koja se koristi u zimskim danima kao salata,1,0
signal koji izlazi iz elektronskog sistema,1,0
"grana čiste matematike koja se bavi tačkama, pravim, krivim i površima",1,0
prirodna akumulacija bitumena na površini zemlje; često funkcioniše kao zamka za životinje čije se kosti tako očuvaju,1,0
promeniti redosled nečega,1,0
postojanje zvuka pošto je izvor prestao sa emitovanjem,1,0
izgubiti svaku nadu,1,0
promena položaja nagore,1,0
naglo zaokrenuti; iznenada promeniti smer,1,0
"Odgovor telesnog tkiva na povredu ili nadržaj; karakteriše ga bol, otok, crvenilo i pečenje.",0,1
oblo žuto tropsko voće,1,0
grana biologije koja izučava strukturu i funkcije ćelija,1,0
oružje koje se koristi u biološkom ratu,1,0
osnovna novčana jedinica Sirije,1,0
dijakritički znak (-) koji se stavlja iznad vokala kako bi označio dug zvuk,1,0
pomeriti se da bi napravio mesta za nekoga ili za nešto,1,0
prestati opirati se; prestati boriti se,1,0
bivša osnovna novčana jedinica Irske,1,0
novčana jedinica Brazila,1,0
Kvalitet nečega što nije adekvatno ili perfektno.,0,1
osoba čija je svetost izuzetna,1,0
najmanji sadržalac koji je deljiv svakim brojem iz datog skupa,1,0
dokument koji garantuje pronalazaču isključivo pravo na pronalazak,1,0
mašina za kopiranje koja šalje poruku putem telefona ili radio signala,1,0
Uključuje kukavicu i ??,1,0
"točak oko koga može da se namota vlakno, traka, film ili drugi fleksibilan materijal",1,0
vršiti poslove,1,0
Površinska iskopina iz koje se vadi kamen ili?,1,0
Tisa koja preovlađuje u Evropi; izuzetno dugo živi i sporo raste; jedna od najstarijih vrsta na zemlji.,1,0
znak ili znamen koji je ostavilo nešto što je prošlo,1,0
podroban analitičan ili objašnjavajući esej ili diskusija,1,0
posuđe napravljeno od visoko kvalitetnog porcelana,1,0
veoma odbojan,0,1
sprečiti donošenje odluke porote,1,0
protozoa sa mikroskopskim izraštajima koji se šire od površine ćelije,1,0
ponašanje koje nije u skladu sa prihvaćenim standardima,1,0
čemakuanski jezik kojim govori narod Čemakum,1,0
naziv pod kojim je poznata kakva geografska lokacija,1,0
dokaz koji ukazuje na moguće rešenje,1,0
težak crvenkast mineral koji se sastoji od sulfida žive; glavni izvor žive,1,0
priručnik sa kratkim uputstvima,1,0
pojam u propoziciji koji je povezan sa referentom propozicije,1,0
laki obojeni mineral koji se sastoji od kristala kalcijum magnezijum karbonata; koristi se za proizvodnju keramike,1,0
stići kamo i ukrcati se,1,0
"uzana trakasta testenina sa jajima; sprema se sa goveđim, telećim ili svinjskim mesom a ponekad i sa zečetinom",1,0
ukloniti vodu iz čega,1,0
"savetodavna, zakonodavna, upravna ili sudska skupština",1,0
čadski jezik kojim se govori u Čadu,1,0
dostupan izvor bogatstva; novi ili rezervni izvor koji se može koristiti kada je potreban,1,0
pokrivač napravljen od tkanine,1,0
najviša tačka planine ili uzvišenja,1,0
formiranje ili deponovanje u slojevima,1,0
"u obradi informacija, uređena lista zadataka koje treba obaviti ili poruka koje treba transmitovati",1,0
čin izrade filma,1,0
penjači,1,0
"Turčin, pripadnik plemena Osmana I",1,0
sličnost oblika,1,0
na ili blizu Severnog pola,1,0
transuranski element koga nema u prirodi,1,0
promeniti spoljašnju strukturu ili izled,1,0
stanje promene,1,0
"Koji nije originalan; nije produktivan, ne donosi ništa neobično niti sveže.",0,1
Nauka o sistematskoj klasifikaciji,1,0
zakrivlen na spolja,1,0
obećati svečano i formalno,1,0
novčana jedinica Rusije,1,0
plijenorke,1,0
varijantna forma grafeme - kao 'm' i 'M',1,0
osnovna novčana jedinica Brazila,1,0
mineral koji se sastoji od silikata mahnezijuma i gvožđa,1,0
preći ili pokriti hodanjem,1,0
zagovornik secesije ili odvajanja od veće grupe (kao što je utvrđena crkva ili nacionalna zajednica),1,0
program koji konvertuje program na asemblerskom jeziku u mašinski ejzik,1,0
rabarbara,1,0
raditi kao vozač,1,0
ravnopravna razmena,1,0
smanjenje u veličini organa usled bolesti ili nekorišćenja.,0,1
sesti u vozilo i kontrolisati ga,1,0
fiktivno ime koje se koristi kada osoba igra određenu društvenu ulogu,1,0
intermedijarna magmatska dubinska stena,1,0
spojen veznicima,1,0
povećanje gustine,1,0
svojstvo onoga kome nedostaje živost,0,1
novčana jedinica Egipta,1,0
lagani obrok,1,0
Otrovna biljka poreklom sa severa Evrope; ima pokriven plavo-ružičast cvet; osušeni list i koren daju?,1,0
Jevrejski praznik kojim se slavi šesti Sivan kojim se slavi Mozesovo primanje deset zapovesti,1,0
servilni crnac iz romana Harriet Beecher Stowe,1,0
flagelata sa tankim omotačem sastavljenim od ploča,1,0
površina kvadrata čija je stranica dužine jednog metra,1,0
Posramiti nekoga; povrediti nečiji ponos.,0,1
"koji izaziva iznenađenje, čuđenje ili zadivljenost",0,1
jedanaesto slovo grčkog alfabeta,1,0
grana indoiranske jezičke porodice,1,0
losovi,1,0
vrste kobasica ili mesnih vekni koje su sečene i servirane hladne,1,0
kretati se unazad i od čega se udaljavati,1,0
Rod familije Tuberaceae: gljive čija su tela tiplično ?truffles,1,0
"uzorak :3, mustra :1 mali deo neÄega koji se shvata kao predstavnik celine",1,0
zastareli nazivi za Čanophyceae,1,0
Zvanični akt suda kojim se naređuje neka činidba,1,0
seckano meso pomešano sa krompirima i zapečeno,1,0
modifikacija koja sužava značenje nekog elementa ('crveni šešir' ima uže značenje nego samo 'šešir'),1,0
švajcarski sir sa velikim rupama,1,0
"biti uplašen, plašiti se",0,1
okeanijski jezik kojim se govori na Fidžiju,1,0
nastaviti nakon prekida,1,0
bojni brod koji ima velike topove istog kalibra,1,0
Napraviti od komponenata,1,0
znak koji služi da označi da je neki tekst ili materijal identičan onome iznad njega,1,0
(pravo) prenos vlasništva činom predaje predmeta,1,0
zbirka knjiga,1,0
veličina i opšti izgled publikacije,1,0
"konferencija ljudi koji su na različitim lokacijama koju omogućava korišćĚenje telekomunikacione opreme, kao što je zatvorena televizija",1,0
podzemna površina ispod koje je tlo potpuno zasićeno vodom,1,0
okrugla ili loptasta bakterija,1,0
novčana jedinica Mozambika,1,0
postići bod ili cilj,1,0
mustra koja se korsti za štampanje; koristi se da obezbedi zatvaranje ili autentičnost dokumenta,1,0
Voziti bicikl.,1,0
tipski rod porodice Cotingidae: kotinge,1,0
"hrskav, okrugli keks sa ukusom đumbira",1,0
novčana jedinica Bahreina,1,0
novčana jedinica Venecuele,1,0
boginja podzemnog sveta; u grčkoj mitologiji joj odgovara Persefona,1,0
postali sličan okolini,1,0
najamni radnik koji radi poljske radove,1,0
herpes virus koji izaziva infektivnu mononukleozu; povezan je sa specifičnim oblicima kancera u Africi i Kini,1,0
pretvaranje iz jedne jedinice ili obilika u drugi,1,0
Poruka koja opisuje kako nešto treba da bude urađeno,1,0
Kvalitet onog ko nije brižljiv.,0,1
komad koji predstavlja Hristovo stradanje,1,0
obuka pacijenata za samostalnu relaksaciju,1,0
Škotski dramski pisac i romanopisac koji je stvorio lik Petra Pana (1860-1937),1,0
novčana jedinica Azerbejdžana,1,0
napuniti (kao oružje),1,0
glagolski oblik kojim se izražava radnja koja je trajala u prošlosti i koja još uvek traje ili koja se završava u sadašnjosti,1,0
stanovnik Koreje ili poreklom iz Koreje,1,0
nešto što spaja ili povezuje,1,0
student starogrčkog i latinskog jezika,1,0
osnovna novčana jedinica Tanzanije,1,0
čadski jezik kojim se govori u severnoj Nigeriji,1,0
Grupa ratnih brodova koja se organizuje kao taktička jedinica,1,0
jezik kod koga različiti tonovi razlikuju značenja,1,0
Čista nezaslađena čokolada koja se koristi za kuvanje (za pravljenje kolača).,1,0
koji zaslužuje sažaljenje ili podstiče na sažaljenje,0,1
sticanje nečega plaćanjem,1,0
novčana jedinica Nigerije,1,0
komunikacija razmenom pisama,1,0
novčana jedinica Severne Koreje,1,0
invazivna radiološka metoda snimanja spinalnog kanala kičme i kičmene moždine,1,0
dovesti do zaključka ili dovesti do uspešnog razrešenja,1,0
"zaposedanje, prisvajanje nečega na zakonit način",1,0
nenormalna depresija i nezadovoljstvo,0,1
Portugalska provincija na južnoj obali Kine i dva ostrva u Južnom kineskom moru; vraćeni Kini 1999,1,0
pismo koje se služi piktogramima,1,0
popis kojim se reklamira seme u komercijalne svrhe sa cenama,1,0
"naziv cifre 8, znak koji obeležava broj osam",1,0
morske zmije,1,0
period od 10 godina,1,0
"onaj kojem se ne može ukazati poverenje, u koga se ne možemo pouzdati",0,1
pokrivati tečnošću; sipati tečnost na,1,0
"Čvrsto istkana tkanina, koristi se za stolice, jedra, šatore).",1,0
muzičar koji svira obou,1,0
otvor u zidu zgrade koji prima svetlo i vazduh; obično ga zatvara okvir koji sadrži prozirni materijal i može se otvoriti,1,0
jastuk za podršku glave osobe koja spava,1,0
entitet koji se realizuje imenicom ili imeičkom frazom u klauzi ili rečenici,1,0
osloboditi led,1,0
drugo slovo grčkog alfabeta,1,0
UG,1,0
predočiti dokaz za kakvu tvrdnju,1,0
označiti kao kakvim znakom,1,0
"hibrid između grejpfruta i mandarine, gaji se na Floridi",1,0
ljubičasto tropsko voće,1,0
"osoba koja smišlja, piše i testira računarske programe",1,0
kremasti preliv koji sadrži mrvljeni plavi sir,1,0
zajednički naziv za novine i časopise,1,0
propadati ili se raspadati,1,0
liska kratkog kljuna iz starog sveta,1,0
grana indoevropske jezičke porodice koja sadrži indijske i iranske jezičke grupe,1,0
okrugla slatka paprika,1,0
"predeo oko obe strane kičme između kukova i rebara kod ljudi, kao i kod četvoronožaca",1,0
boginja neslopge i razdora; sestra Aresova,1,0
kratkotrajni radioaktivni metal stvoren od uranijuma koji se dezintegriše u aktinijum a potom u olovo,1,0
zglob koji se slobodno pokreće čije su kosti tako nameštene da omogućavaju pokretanje u jednoj ravni,1,0
virus koji je parazit u bakterijama; koristi bakterijski mehanizam i energiju da proizvodi više faga sve dok ne uništi bakteriju a zatim se fag oslobađa da bi napao okolne bakterije,1,0
pribor za pisanje koji služi da se nešto označi,1,0
rameni deo svinje često dimljen,1,0
žena glumac,1,0
jedrilica sa jednim jarbolom postavljenim na razdaljinu od oko jedne trećine dužine plovila od krme,1,0
Korisna ili vredna osobina,1,0
informacija koja podržava statistiku procenu budućih događaja,1,0
ubijanje odsecanjem glave,1,0
Stanje u kome čovek ne može da funkcioniše normalno i bez bola.,0,1
Jevrejski praznik žetve,1,0
prouzrokovati genetičku rekombinaciju,1,0
nezavisna hrišćanska crkva ustanovljena 300 g. pod uticajme rimske i vizantijske tradicije,1,0
energično i oduševljeno uživanje,1,0
izostavljanje do koga dolazi kada urednička promena skrati napisani pasaž,1,0
legendarno stvorenje koje liči na malog starca i živi u dubinama zemlje i čuva zakopano blago,1,0
javno obaveštenje o nečemu što se dogodilo ili će se dogoditi,1,0
tanak oštri instrument koji se koristi za uzimanje,1,0
paradajz punjen različitom mešavinom salate i poslužen hladan,1,0
teorija o strukturi atoma,1,0
čin odbrane sebe,1,0
postupak kojim se neko stanje od faktičkog pretvara u pravno (zakonito),1,0
meso mladog bakalara ili poloka ili neke druge ribe belog mesa podeljeno i očišćeno; obično se bari,1,0
pogrdni izrazi za običan narod,1,0
"Zeljasta ili grmolika, zimzelena ili listopadna biljka, godišnja ili višegodišnja biljka;?",1,0
svojstvo koje se uočava dodirom,1,0
French mathematician and philosopher and Jansenist; invented an adding machine; contributed (with Fermat) to the theory of probability (1623-1662),1,0
podvodni bojni brod koji je obično snabdeven torpedima,1,0
"nastati, početi postojati",1,0
privremeni most koji se gradi preko niza pontona,1,0
znak dodat nekom slovu kako bi se označila posebnost u izgovoru,1,0
ruska reka u Sibiru; teče na sever i uliva se u Severno ledeno more,1,0
bantu jezik,1,0
jumanski jezik kojim govori narod Diegeno,1,0
prosečna vrednost nekih n brojeva izračunata primenom neke funkcije,1,0
Koji više nema životne funkcije (ili bar tako izgleda).,0,1
ostrvo u istočnom Mediteranu,1,0
visoko mesto,1,0
mikser sa električnim pogonom koji vitla sečivima koji mešaju ili sipaju ili rastvaraju hranu,1,0
agens koji dovodi do hemijske reakcije,1,0
istorija reči,1,0
izvršavanje operacija jedne za drugom u datom predosledu,1,0
najveća slatkovodna evropska riba koja može da naraste i do tri metara dužine,1,0
radnik koji prekriva objekte bojom,1,0
"nemetalni univalentan halogeni element, obično žut toksičan i lako zapaljiv gas",1,0
Primulaceae; Theophrastaceae; Myrsinaceae; i u nekim klasifikacijama Plumbaginaceae,1,0
nejasno i neprijatno osećanje koje se ima u iščekivanju nekog lošeg ishoda,0,1
sintagma koja se uvodi predlogom,1,0
porodica jezika kojom govore Karibljani,1,0
mišić koji približava deo tela ka centralnoj osi,1,0
Smatrati da je nešto loše ili pogrešno.,0,1
usisati u sebe,1,0
mehanički ili električni eksplozivni uređaj ili mala količina eksploziva ; može se koristiti za iniciranje reakcije razornog eksploziva,1,0
način artikulacije koji uključuje zvučno oslobađanje daha,1,0
koji odražava sumornost i smrknutost,0,1
insekt sa dva para krilaca u kojima se razabira mrežast splet žilica,1,0
"Ono što nije lako, zahteva veliki fizički ili mentalni napor da bi se ostvarilo. razumelo ili izdržalo.",0,1
povećati razmak između redova,1,0
fonemi ili niske fonema koje čine različite alomorfe nekog morfemaheme,1,0
"Nejasno sećanje, često emotivno obojeno; prisećanje, uspomena (reminiscencija na detinjstvo).",1,0
hulmani,1,0
okrutno ili nehumano postupanje,0,1
"mekana hrana dobijena kuvanjem ovsene kaše, drugog jela ili mahunarki u vodi ili mleku dok se ne zgusne",1,0
"slatkovodna, mala riba iz porodice Centrarchidae, nemasnog mesa",1,0
(računarstvo) štampana ploča ili čip koji prevodi komande u formu koja može kontrolisati hard disk,1,0
odnos između anafore i njenog antecedenta,1,0
određena vrsta materije sa uniformnim osobinama,1,0
"posno belo meso ribe slične bakalaru ali manja; može da se peče, pošira ili kratko dinsta ili prži kao filet",1,0
jezero između jugozapadne Šajcarske i Francuske koje se istoka na zapad preseca Rona,1,0
milijarditi deo sekunde; hiljaditi deo mikrosekunde,1,0
"fleksija imenica, prideva i zamenica u indoevropskim jezicima",1,0
ravna ploča koja kontroliše ili usmerava protok fluida ili energije,1,0
koga čini cela količina ili raspon,1,0
izazvati iznenadni strah u kome ili ispuniti koga iznenadnom panikom,1,0
Raniji naziv za Čanophyta,1,0
"Drveće i žbunje koje ima plod u vidu bobica, koštunica ili čaura; ponekad se smešta u red Oleales: masline i ??",1,0
"koji misli najgore o ljudskoj prirodi i motivima; koji ima podrugljivu nevericu u, npr. u nesebičnost drugih",0,1
glavni grad Sirije,1,0
dodatak koji se preliva preko nekog jela,1,0
smanjiti bol ili neprijatnosti ; ublažiti,1,0
biti deo čega,1,0
tanki ravni komad odsečen od nekog predmeta,1,0
pripremati hranu na masti ili ulju u tiganju,1,0
slučajno biti,1,0
brzina transmisije podataka; maksimalna količina informacija (bitovi u sekundi) koji se mogu transmitovati u kanalu,1,0
pesma sastavljena od 3 strofe i anvoa,1,0
ostrvo u Indijskom okeanu kod istočne obale Afrike; pripada Republici Tanzaniji,1,0
proces u reprodukciji i rastu kod koga se ćelija deli i nastaju nove ćelije,1,0
kaktus jugozapadnog SAD-a i severnog Meksika koji ima jestiv sočan plod,1,0
poređati nešto kao nisku,1,0
muzičar koji sivra klarinet,1,0
dravidski kojim se govori pretežno u južnom delu centralne Indije,1,0
program koji kreira jedan programski modul od više njih tako što razrešava unakrsne reference između modula,1,0
prizvati šta,1,0
traženje informacija,1,0
"nestratifikovano tlo koje taloženjem formira glečer; sastoji se od smeše peska, gline, šljunka i oblutaka",1,0
niz pokreta stopala koji sačinjavaju neki ples,1,0
testo za hleb,1,0
svetlosni mikroskop koji se sastoji od jednog konveksnog sočiva koji se koristi za proizvodnju uvećane slike,1,0
Čin konstruisanja nečega (kao masšinskog dela).,1,0
zbirka srodnih stvari namenjenih da se koriste zajedno,1,0
izraz ili izgovor koji je karakterističan za određeni lokalitet,1,0
"Metvulja, ?horsemint, ?beebalm",1,0
Veliko drvo čiji medonosni cvet ima intenzivan miris,1,0
Gomoljasta biljka južne Evrope; lukovica sa razdvaja u odvojene češnjeve jakog mirisa i ukusa.,1,0
potomak Arapa koji su naselili Palestinu,1,0
Naći pribežište u,1,0
jagnjeći odrezak,1,0
proučavanje upotrebe jezika,1,0
spisak rezervnih delova za uređaje (u komercijalne svrhe) sa cenama,1,0
jedinica koja određuje cenu plaćanja,1,0
Čin povraćaja ili spasavanja nečeg izgubljenog (ili u opsanosti da se izgubi).,1,0
srazmerno velika neuroglijalna ćelija,1,0
supstanca koja ima svojstvo ili sklonost da apsorbuje drugu supstancu,1,0
Uključuje biljke cvetnice koje proizvode seme ztvoreno u ovarijumu; u nekim sistemima se smatra klasom (Angiospermae) a u drugim razred (Magnoliophyta ili Anthophyta).,1,0
Nešto što povezuje.,1,0
Najgvirc,1,0
spustiti se na neko meko mesto,1,0
izraziti čestitke,1,0
grozničnica,1,0
"asocijacija država zapadne hemisfere stvorena 1948 da promoviše vojnu, ekonomsku i kulturnu saradnju",1,0
spomenik koji se sastoji od veoma velikog kamena koji čini deo praistorijske strukture (posebno u zapadnoj Evropi),1,0
tipski rod porodice Coccidae,1,0
tuga izazvana bolom i tugom,0,1
ostrvlje u Norveškom moru,1,0
princip prema kome kakva vlada uživa potpunu i neograničenu moć ,1,0
svrake,1,0
urediti u stog,1,0
afiks koji se nalazi unutar reči,1,0
kolekcija dela koja neki umetnik ili kompanija mogu da izvedu,1,0
Severnoamerički zec,1,0
dodati kao novi element ili deo,1,0
dramski rad namenjen glumcima za izvedbu na sceni,1,0
novčana jedinica Paragvaja,1,0
uređaj koji može da se koristi za unos podataka u računar ili drugi uređaj,1,0
izraz kojim se vrši predikacija,1,0
"mineral koji se sastoji od izvodnog kalijum klorida, važna ruda kalijuma",1,0
Pisac romana i kratkih priča iz Sjedinjenih Američkih Država (1819-1891),1,0
urediti po abecednom redu,1,0
Čin u kome nešto gori,1,0
"pretvoriti u digitalni oblik, za korišćenje pomoću računara",1,0
osobina atraktivno tanke osobe,1,0
UY,1,0
kristalna amino-kiselina koja sadrži sumpor; nalazi se u proteinima i važna je za ishranu,1,0
gusto piće koje sadrži sveže voće pasirano sa sladoledom ili jogurtom ili mlekom,1,0
načiniti popis stvari u određenu svrhu,1,0
učiniti da neko ili nešto ne bude osetljiv ili osetljivo,0,1
Okrenuti lice u određenom smeru,1,0
Čin ubeđivanja (ili pokušaj ubeđivanja).,1,0
čin namernog odstupanja od istine,0,1
"mineral gvožđe-nikl sulfid, glavna ruda nikla",1,0
glavni i najveći grad Etiopije,1,0
posebna linija rada koju ste usvojili kao svoju karijeru,1,0
GM,1,0
Koktel Riki koji se pravi sa džinom,1,0
Lako staklo koje se formira na površini lave a koristi se kao abraziv,1,0
fetućine u krem sosu sa sirom; dobile su ime po rimskom restoranu,1,0
relativna pozicija ili stepen vrednosti u ocenjivanoj grupi,1,0
uređaj koji uklanja nešto iz nećega što kroz njega prolazi,1,0
utvrđen običaj,1,0
Stanje slobode; moć delovanja ili govora ili mišljenja bez ograda. nametnutih spolja,1,0
"štapić koji se sastoji od male, drvene ili plastične, trake i koji se koristi za iščačkavanje hrane između zuba",1,0
strukture tela kojoj oblik daje hrskavica,1,0
postaviti blokade,1,0
tranzitivni glagol koji zahteva i direktni i indirektni objekat,1,0
bizamski pacovi,1,0
novčana jedinica koja se koristi u Kirgistanu,1,0
promene strukture strene od strane prirodnih uzročnika kao što su pritisak ili toplota nastala uvođenjem novih hemijskih supstanci,1,0
Leksikograf Sjedinjenih Država (1758-1843),1,0
"Prokariotski organizmi koji se ponekad smatraju klasom, kolom ili podkraljevstvom; poklapaju se sa porodicom Čanophyceae",1,0
sigurno mesto,1,0
"prelaz (u književnom, pozorišnom ili filmskom delu) na raniji događaj ili scenu koji prekida normalno hronološko razvijanje priče",1,0
ugovor o prenosu lične svojine,1,0
kuhinjski aparat koji služi za pečenje ili grilovanje hrane,1,0
stavka koja se umeće u pisani zapis,1,0
zadovoljiti (žeđ),1,0
odeća (posebno za žene) koja se proteže od ramena do struka ili bokova,1,0
"odvojiva brava koja ima šarnir sa šarkama koji se može provući kroz alke u lancu, posle čega se zatvara",1,0
osnovna novčana jedinica Belorusije,1,0
vlaknasti amfibol;  koristi se za proizvodnju vatrootpornih proizvoda; udisanje vlakana može izazvati azbestozu ili karcinom pluća,1,0
kratak deo muzičke kompozicije,1,0
pravougaoni niz elemenata raspoređenih u vrste i kolone,1,0
Nešto što ljudi rade ili što se zbog ljudi dogodi,1,0
jedan poseban događaj,1,0
dijakritički znak koji označava naglasak ili koji se stavlja iznad vokala kako bi označio naročit izgovor istog,1,0
padež kojim se označava obraćanje,1,0
komercijalni posao koji obezbeđuje redovne letove za putnike,1,0
novčana jedinica Demokratske republike Kongo (bivši Zair),1,0
"slamni šešir sa visokim vrhom i širokim rubom, kakav se nosi na američkom jugozapadu i u Meksiku",1,0
dozvolite nacrt,1,0
leva stranica knjige,1,0
učtivo šta naručiti; izrazite želju za čime,1,0
"dugačak, strm obronak ili stene; obično rezultat erozije",1,0
"obična vodarica, gore smeđa, dole bela; široko rasprostranjena u centralnoj Evropi i Aziji",1,0
konzsitentnost kompaktnih čvrstih tela,1,0
riba toplih mora; telo ribe išarano je raznim bojama od svetlozelene do tamno crvene,1,0
"spajanje susednih zvukova, slogova ili reči",1,0
vijoglavke,1,0
porez koji se sakuplja tako što se zahteva kupovina markice koja se lepi na dokument,1,0
"okrugli objekat koji se u igrama udara, baca ili šutira",1,0
ulješure,1,0
neklasični dijalekti latinskog kojima se govorilo u Rimskom Carstvu; izvor je romanskih jezika,1,0
"redak, težak polivalentan metal koji je hemijski sličan magenzijumu i koristi se u nekim legurama; dobija se kao nusprodukt pri preradi ruda Mo, a koristi se kao katalizator",1,0
nekadašnji tribunal Rimske katoličke crkve (1232-1820) stovren da otkrije i spreči heretičko ponašanje,1,0
otrovna biljka sa fibroznim korenom,1,0
pomorandža sa slatkom sočnom pulpom; često sa tankom korom,1,0
"proći trening ili obuku radi pripreme za određenu ulogu, funkciju ili profesiju",1,0
Tropske biljke,1,0
tipski rod porodice Eimeriidae; sadrži i ozbiljne patogene,1,0
Rogač,1,0
čin dodeljivanja subvencije,1,0
prva školska knjiga iz koje đak uči,1,0
novčana jedinica Sudana,1,0
pretvoriti se u rastvor,1,0
Uobičajena prizemna biljka koja se koristi za prekrivanje tla; nekada se koristila za lečenje kile,1,0
osnovna novčana jedinica Letonije,1,0
graditeljstvo koje služi kao sklonište za psa,1,0
"kuhinjski aparat sa sečivima koja se mogu menjati; služi za sečenje, mešanje, gnječenje  hrane",1,0
"mineral koji je izvor retkih lemenata; sastoji se od silikata gvožđa, berilijuma, cerijuma. itrijuma i erbijuma",1,0
žensko rublje i noćna odeća,1,0
otpor tečnosti da promeni položaj svojih molekula,1,0
"instrument koji pokazuje da li su dva periodična pokreta sinhrona (posebno, instrument koji omogućĚava pilotu da sinhronizuje propelere na avion koji ima dva ili više motora)",1,0
nemogućnost prisustva,1,0
penutski jezik kojim govori narod Maidu,1,0
uski put ili cesta,1,0
integrisano kolo koje obavxa gomilu obrade i kontroliše delove sistema,1,0
žuti kvarc,1,0
kratka prodorna buka,1,0
glagolsko vreme kojim se izražavaju stanja ili događaji koji su se već ostvarili,1,0
novčana jedinica Bocvane,1,0
stanovnik ili poreklom iz Afrike,1,0
"poziv na sud kojim se nalaže prisustvo optuženog, (obično po privatnoj tužbi); nepojavljivanje optuženog rezultira donošenjem presude zbog izostanka (na štetu optuženog)",1,0
"pratiti, otkriti ili utvrditi tok razvoja čega",1,0
Saxš iz roda Eriophorum;,1,0
izgubiti brzinu; kretati se sporije,1,0
ptica pevačica s ćubom na glavi,1,0
Koji se sastoji ili odnosi na jezik (kao govor),1,0
specijalista geologije,1,0
(računarstvo) direktorijum koji je izlistan u nekom drugom direktorijumu,1,0
karakter ili simbol koji se nalazi ispod drugog karaktera ili malo niže uz drugi karakter,1,0
električni som,1,0
novčana jedinica bivše Jugoslavije,1,0
osnovna novčana jedinica Slovačke,1,0
Skandinavski liker obično začinjen semenom kima,1,0
ukupan opseg veština ili uređaja koji se koriste u nekom polju ili zanimanju,1,0
najduža i najdeblja kost ljudskog kostura; ide od kuka do kolena,1,0
žutosmeđ mineral koji je izvor retkih elemenata,1,0
pripadnik necivilizovanog plemena,1,0
abnormalno mala lobanja i nedovoljno razvijen mozak,1,0
pričvrstiti pomoću dugmadi,1,0
kvalitet da je šta opšte ili široko rasprostranjeno ili da ima opštu primenljivost,1,0
energija koju oslobađa nuklearna reakcija,1,0
prebaciti se sa jednog nivoa na drugi,1,0
urednik koji priprema tekst za izdavanje,1,0
"u logici, iskaz koji je uvek tačan",1,0
nepromenljivi tekst koji se koristi u toku moljenja,1,0
meso sa nogu živine,1,0
svako odstupanje od zdravog ili normanog stanja,0,1
tanak komad mesa obmotan oko punjenja i kuvan,1,0
konzorcijum nezavisnoih organizacija sačinjen da bi se ograničila konkurencija i kontrolisala proizvodnja i distribucija porizvoda i usluga,1,0
konfiguracija mrežne topologije,1,0
Čin zagađivanja.,1,0
tečnost ili gusta masa koja se dobija zagrevanjem i mlevenjem zrna kakaoa; osnova svake čokolade,1,0
"kuhinjska sprava koja se sastoji od valjka sa dve ručice sa strane, za oblikovanje i istanjivanje testa",1,0
kontinentalna zemlja cnetralne Azije; AZ,1,0
nakit za ukrašavanje uva; obično se prikačinje na ušnu duplju ili pričvršćuje kroz rupu u režnju,1,0
unutar molekula; dešava se usled reakcije između različiti delova istog molekula,1,0
menjati lokaciju pomeranjem unapred i unazad,1,0
novčana jedinica Litvanije,1,0
(obično dug) dramatični govor jednog glumca,1,0
helenska grana indoevropske jezičke porodice,1,0
Uzrok velikih patnji i nesreće.,0,1
rečenica u indikativu kojom se nešto izjavljuje,1,0
pokušati uzavreti javno mnjenje,1,0
ručni alat sa teškom krutom glavom i ručkom koji se koristi da sprovede silu udaranjem,1,0
skandinavski jezik koji je zvanični jezik Švedske i jedan od dva zvanična jezika Finske,1,0
novčana jedinica Mongolije,1,0
silabičko pismo koriščeno na Kritu u 13. veku pre nove ere,1,0
ponavljanje istog značenja različitim rečima,1,0
učestvovati u pravnim procesima,1,0
novčana jedinica Poljske,1,0
gastropode koje imaju ???,1,0
napraviti elektronski zapis,1,0
GT,1,0
neizlečivi optimist iz Volterovog satiričnog romana Kandid,1,0
običan fazan čije je perje živih boja a oko vrata ima beli prsten,1,0
supa od kuvane piletine i praziluka,1,0
čin uključivanja,1,0
sredstvo s kojim se nešto briše,1,0
novčana jedinica Tajlanda,1,0
Intenzivno ili preterano loš ili neprijatan po kvalitetu ili stepenu.,0,1
kreketuše,1,0
asocijacija država stvorena radi ekonomske i političke saradnje država jugoistočne Azije,1,0
jam,1,0
osoba koja je zatvorena; posebno ratni zarobljenik,1,0
tropsko žbunje i trave od kojih se pravi krotonovo ulje,1,0
podupirač koji se sastoji od metalnih petlji u koje se smeštaju vozačeve noge,1,0
ukloniti svu odeću ili deo odeće da bi pokazali svoje telo,1,0
anatolski jezik,1,0
cifra od 0 do 7 u oktalnoj notaciji,1,0
karaktera koja počinje tačkom iza koje slede jedno ili više alfanumeričkih simbola; drugi deo imena datoteka na MS PC računarima,1,0
dugme kojim se aktivira računarski miš,1,0
predstava u umu u obliku ideje ili slike,1,0
BD,1,0
pripremiti za useve,1,0
"Tipski rod porodice Polygalaceae; krestušac, ???",1,0
mreža u koju se hvata riba i koja se potpom izvlači iz vode,1,0
tamno crvenkasto ljubičasto stono grožđe iz Kalifornije,1,0
Postati zatvoren.,1,0
dokaz identiteta; nešto što utvrđuje osobu ili stvar,1,0
Rod biljaka sa mahunom koja sazreva ispod zemlje (kikiriki).,1,0
posuda sa vodom za krštenje,1,0
čin prerađivanja nečega,1,0
"republika Male Azije na Crnom moru, odvojena od Rusije Kavkazom",1,0
udeo u profitu,1,0
dvostruki sloj peritoneusa koji se drži za stražnji zid trbušne duplje i pridržava tanko crevo,1,0
uspravna površina građevine ili litice,1,0
duktus kroz koji se izbacuje mokraća kod večine sisara,1,0
neprijateljski stav,0,1
mineral koji se sastoji od aluminijum silikata; glavni izvor kaolina,1,0
znak (`) koji se stavlja iznad vokala kako bi označio naročit način njegovog izgovora,1,0
"bistra supa uglavnom od govedine, teletine ili piletine",1,0
Dovesti pod sovjetsku kontrolu (o državi).,1,0
proučavanje pravila za formiranje mogućih reči u jednom jeziku,1,0
odnosi se na glagolski način kojim se izražavaju sumnja i uslovnost,1,0
prozorska navlaka od horizontalnih traka koje se preklapaju kada se zatvore,1,0
najmanji moguć,1,0
supstanca za koju se veruje da leči sve bolesti,1,0
meso jako dugačke štuke koja se nalazi samo u Severnoj Americi i Kanadi,1,0
Grci su ustali protiv Turaka 1821 i uz pomoć Rusa i Engleza izvojevali nezavisnost 1828,1,0
antropolog koji se bavi etnografijom,1,0
mašina koja se koristi u poljoprivredi,1,0
nauka o kriminalitetu i počiniocima kriminalnih dela,1,0
udrženje koje formiraju farmeri ili potrošači koje proizvodi i distribuira robu i usluge na dobrobit svojih vlasnika,1,0
funkcija ugla koja se izražava kao odnos stranica pravouglog trougla koji sadrži taj ugao,1,0
"tečnost koja se koristi ya štampanje, pisanje ili crtanje",1,0
instrukcija koja prekida program koji se izvršava i predaje kontrolu supervizoru,1,0
odnos izmedju jedinica kojim se izražava dodatni karakter njihovih značenja,1,0
Status vođe.,1,0
jaje prženo na ulju ili puteru; nekad prženo sa obe strane,1,0
hlorid koji se koristi za konzervaciju drveta,1,0
pantalone koje su kraće od normalne dužine,1,0
popis stanovništva,1,0
anđela uzeti svi zajedno,1,0
bivša osnovna novčana jedinica Estonije,1,0
podgrupa uto-astečkih jezika kojom se govori mahom na jugozapadu SAD,1,0
prevlaka na severoistoku Egipta koja povezuje Egipat i Afriku,1,0
izumrla grana indoevropske jezičke porodice poznata iz zapisa i značajna za rekonstrukciju praindoevropskog,1,0
profesionalna nega ruku i noktija an ruci,1,0
nepromenljiva reč sa specifičnom gramatičkom funkcijom; u engleskom se koristi za formiranje frazalnih glagola,1,0
nalog za odvođenje u pritvor,1,0
mleko dobijeno od krava,1,0
vodarica,1,0
Takva matematička relacija koja jednom element jednog skupa pridružuje bar jedan element drugog sk,1,0
Rod monokotiledona koji uglavnom čine trave koje imaju?,1,0
biti odbojan; izazivati averziju,0,1
tanka serozna membrana oko pluća i unutrašnjeg zida grudi,1,0
pretpostvka na kojoj leži validnost nečeg drugog,1,0
prenosiv račnar koji je dovoljno mali da stane na krilo,1,0
"čadski jezik kojim se govori u severnoj Nigeriji, blizak jeziku hausa",1,0
nake od gljiva iz pododeljka Basidiomycota koju čine klobuk na kraju drške koja raste iz podzemnog micelijuma,1,0
dodavanje informacija ili detalja,1,0
zujare,1,0
biti nalik ili sličan,1,0
italijanska komedija od XVI do XVIII veka koja improvizuje ustaljene situacije likove,1,0
koji nije raspoložen da sarađuje,0,1
napisati drugačije; promeniti nešto što je napisano,1,0
Porodica arbovirusa koju prenose artropode (zglavkari).,1,0
čin izuzimanja nekoga,1,0
penutski jezik kojim govori narod Cimši,1,0
koristi se kao eksploziv i za veštačka đubriva,1,0
napustiti svoja uverenja ili veze,1,0
stvarati muzičko delo,1,0
oivezan lancima,1,0
Godina računata od 1. januara do 31. decembra po Gregorijanskom kalendaru.,1,0
(računarstvo) operacije čitanja ili pisanja uskladištenih informacija,1,0
popuniti kakav prostor na neuredan način,1,0
protokol koji se zasniva na TCP-u a služi za prenos hiperteksta izmđu servera i prelistača,1,0
keks posut kristal šećerom,1,0
ukloniti primenom vode ili druge tečnosti i sapuna ili nekog drugog sredstva za čišćenje,1,0
"napeta avanturistička priča, pozorišni komad ili film",1,0
"dugačka, tanka, morska riba koja se nalazi duž istočne obale Severne Amerike",1,0
naći zajednički jezik,1,0
Liturgijska molitva koja počinje ovim latinskim rečima,1,0
stanovnik Vijetnama ili poreklom iz Vijetnama,1,0
mala količina tečnosti,1,0
viski ilegalno destilovan iz kukuruzne smeše,1,0
jedinica koja je deo nekog roda vojske,1,0
oruđe pomoću koga se pokreće i usmerava čamac,1,0
"započeti rad ili delovanje u određenom kapacitetu, na određenoj dužnosti ili na određenom poslu",1,0
najpoznatija vrsta testenine u obliku dugačkih tankih niti; testenina cilindričnog oblika italijanskog i sicilijanskog porekla,1,0
Tipski rod porodice Phasianidae: fazani,1,0
sivo-belo meso list ribe,1,0
novčana jedinica Saudijske Arabije,1,0
čadski jezik kojim se govori u Čadu,1,0
osoba koja kupuje ili koristi dobra ili usluge,1,0
moralno iskvariti,0,1
početak anotacije ili glose,1,0
"veštačka smola dobijena polimerizacijom uretana, služi za izradu trvdih, otpornih plastičnih masa",1,0
Čin ukrašavanja nečega (u nadi da će od toga privlačnije izgledati).,1,0
bivša osnovna novčana jedinica Madagaskara,1,0
odlaziti i koga ne povesti sa sobom,1,0
mleveno meso ili rba uvaljani u jaja i prezle i pržne u dubokom ulju,1,0
bezalkoholno piće; obično gazirano,1,0
osoba koja je umrla i proglašena za sveca procesom kanonizacije,1,0
"udica na kojoj su pričvršćeni kanap, plovak, visak i kuka",1,0
ogromno istočno indijsko voće koje podseća na hlebno drvo; njegovo semenje se najčešće peče,1,0
uzrokuje usvajanje nove ili druge religije,1,0
"indijski jezik; državni jezik Maharaštre, zapadni centralni deo Indije; pisan je devanagarijem",1,0
odeljenje u zatvoru (koja se obično sastoji od nekoliko ćelija),1,0
proporcija između dva dela duži (ili dve dimenzije figure u ravni) takva da je kratka:dugoj=dugoj:(kratka+duga),1,0
postepeno poboljšanje ili rast ili razvoj,1,0
novčana jedinica Uzbekistana,1,0
"zakrivljenost obale, manjih razmera",1,0
transkribovati šta Brajevim pismom,1,0
mentalno uznemiren zbog moguće nesreće ili opasnosti; zabrinut,0,1
"zatvoreno more na severozapadu Turske, povezano s Crnim morem preko Bosfora, a Egejskim morem preko Dardanela",1,0
otvor na vozilu koji dozvoljava da se vidi sa strane ili otpozadi; obično sadrži proziran materijal i može se otvoriti,1,0
veseo i ozaren,1,0
mali list papira,1,0
interval u toku koga se ponavlja sekvencija događaja,1,0
insekt košenil,1,0
"pripremiti za objavljivanje ili prezentaciju korigujući, prerađujući ili adaptirajući",1,0
dovesti do kraja posle diskusije i odlučivanja,1,0
higrometar koji pokazuje varijacije relativne vlažnosti atmosfere,1,0
radno mesto za pranje i peglanje odeće,1,0
red biljaka,1,0
puter napravljen od mleka jaka,1,0
Ispuštati vonj.,0,1
karakter koji služi da označi unakrsnu referencu ili fusnotu,1,0
zamenjivanje imena naslovom (titulom?),1,0
Trnovito žbunje i malo drveće: glog; ???,1,0
Rod dikotiledona iz porodice Cucurbitaceae; uključuje lubenice,1,0
provrteti rupu u nečemu,1,0
osnovna novčana jedinica na Bermudama,1,0
izborna borba među kandidatima za neku funkciju,1,0
osnovna novčana jedinica Indije,1,0
korekcioni kod koji je zapisan na svakom sektoru magnetnog diska i koristi se da uhvati greške u podacima,1,0
"tanke goveđe trake (ili pileće ili svinjske) kuvane kratko na stolu zajedno sa lukom, zelenišem i soja sosom",1,0
osobina onoga što je povezano ili stepen nečega što je povezano,1,0
podarka,1,0
"šesti od sedam kanonskih časova molitve, pada predveče, danas je to javna služba nedeljom",1,0
Nešto predloženo (kao plan).,1,0
udružiti se s kiseonikom ili se pretvoriti u oksid,1,0
Društveni čin okupljanja,1,0
lanac ostrva u na zapadu Malajskog arhipelaga,1,0
povratne informacije u suprotnosti sa ulazom (koje ga smanjuju),1,0
uređaj koji se sastoji od delova na kojima nešto može da se klizi,1,0
komad nameštaja sa površinom za pisanje i obično ladicama i drugim pregracima,1,0
otvor na sredini lica cipele,1,0
koristiti točkić za izbor broja telefona,1,0
skočimiši Starog sveta.,1,0
"Kolač koji se služi uz kafu; može da sadrži pomorandžinu koru, suvo grožđe i badem",1,0
izraz bez reči,1,0
SO,1,0
tajna reč ili fraza koju zna samo mala grupa,1,0
glagolski oblik kojim se izražava radnja završena u prošlosti pre neke druge radnje,1,0
stanovnik Argentine ili poreklom iz Argentine,1,0
novčana jedinica Češke,1,0
hrskava tamno crvena jabuka,1,0
potpora ili temelj,1,0
kožuškari,1,0
osoba koja živi (ili je smeštena) blizu druge,1,0
krem preliven šećerom i ispečen,1,0
najveći planinski lanac u Bugarskoj i na Balkanskom poluostrvu,1,0
gubljenje sposobnosti da normalno funkcioniše,1,0
povratak u originalno stanje,1,0
ceremonija koja se održava u sinagogi (obično za vreme Pedesetnice) kojom se priznaju za odrasle članove Jevrejske zajednice mladići i devojke koji su uspešno završili kurs Judaizma,1,0
preći jezikom preko nečega,1,0
"dužnost koju morate da ispunite, posebno u oružanim snagama",1,0
mišić ili nerv koji se širi ili koji širi delove tela,1,0
Rod iz familije Equidae: jedini preživeli rod iz familije Equidae,1,0
Sporazumevati se ćutke i neverbalno; sporazumevati se jezikom znakova,1,0
procedura koja se preuzima da bi se došlo do medicinske dijagnoze,1,0
blagi italijanski beli sir,1,0
koji je označen beznadežnošću ili ispoljava beznadežnost,0,1
"nalog nekada izdat od strane kralja Francuske koji je mogao da naloži zatvaranje( hapšenje) ili pogubljenje lica, pismom overenim njegovim pečatom (žigom)",1,0
nerv  koji sprovodi impuls do mišića ili žlezda,1,0
"naziv cifre 3, znak koji obeležava broj tri",1,0
turkijski jezik kojim govore Turkmeni,1,0
pripadnik kartuzijanskog reda,1,0
knjiga koja sadrži klasifikovan popis sinonima,1,0
čin dozvoljavanja,1,0
dugačak naoštren štap koji se koristi kao oružje,1,0
kamenjari,1,0
probližavanje beskonačnog red konačnoj granici,1,0
dragi ili puludragi kamen ugrađen u nakit,1,0
Lisice,1,0
atabaskanski jezik kojim govori narod Navaho,1,0
znak (') koji se stavlja iznad vokala kako bi označio naročit način njegovog izgovora,1,0
mineral koji se sastoji od hlorida i vanadata olova; izvor vanadijuma,1,0
izjava koja izražava lićno mišljenje ili uverenje,1,0
uređaj nalik na praćku koji se koristi u raznim primitivnim društvima za izbacivanje strelica ili kopalja,1,0
"komercijalni proces koji je na snazi u toku promocije, prodaje i distribucije kakvog proizvoda ili usluge",1,0
iskrivljeno parče drveta koje kada se baci kako treba vrati bacaču,1,0
sendvič,1,0
prekrivati zemljište malčem,1,0
iznenada nasilna promena na površini Zemlje,1,0
biti konkretan,1,0
podzemni tunel ili prolaz koji omogućava pešcima da pređu put ili železničku prugu,1,0
novčana jedinica Iraka,1,0
personalni računar koji može lako da se prenosi i nosi u ruci,1,0
mandat koji se daje vladi i njenoj politici putem izborne pobede,1,0
prednji deo kopita,1,0
pokrenuti se brzo ili iznenadno,1,0
Kvalitet nekog ili nečega što ima slabiju ili manje poželjnu poziciju.,0,1
savremeni persijski jezik kojim se govori u Iranu,1,0
retka supa od mesa ili ribe ili bujon od povrća,1,0
any of various beetles of the family (or subfamily) Melolonthidae,1,0
Lak mekan srebrnobeli element iz grupe alkalnih metala; brzo oksidira na vazduhu i reaguje burno s vodom; ima ga u prirodi u velikim količinama u mešavinama u morskoj vodi i ???,1,0
"odstupanje od normalnog ili uobičajenog poretka, oblika ili pravila",1,0
potvrditi konsultujući se sa izvorom ili autoritetom,1,0
uticajni nemački idealistički filozof (1724-1804),1,0
osoba koja falsifikuje,1,0
Predstava koja uključuje umetnički ples,1,0
Imaju vrlo razvijene kožne izraslinena nosu u obliku potkovice i lista; nemaju ušnih poklopaca.,1,0
"Biti lažljiv, neiskrene prema nekome.",0,1
okarakterisan zlobom,0,1
kardinalna tačka kompasa koja je na 180 stepeni,1,0
brza promena mesta,1,0
nekoliko vrsta ruma sa voćnim sokom i obično likerom od kajsije,1,0
"zaslađena kaša napravljena od tapioke, brašna ili ovsene kaše, kuvana kratko u mleku ili vodi",1,0
Mehanički proces habanja ili mlevenja nečega (kao kada ga trunje glača).,1,0
"severoistočni deo Crvenog mora, između Sinajskog poluostrva i Saudijske Arabije",1,0
odlučujući momenat u romanu ili drami,1,0
napisati ili izgvoriti slova koja zajedno čine kakav konvencionalno prihvaćeni sled (reč ili deo reči),1,0
slatkovodna riba iz reda šarana,1,0
"zaokruženi odeljak muzičkog komada, simfonije ili sonate",1,0
aromatičnije i kiselije voće od pomorandži; koristi se pravljenje pića i marmelade,1,0
posebna veličina i stil unutar jedne familije slova,1,0
koji koristi ili sadrži previše reči,1,0
"sklonost da se jedna grupa, stav ili mišljenje pretpostavi svim alternativama",1,0
Azijsko voće slično ličiju,1,0
veoma nesrećan; ispunjen mizerijom,0,1
razmeniti poruke,1,0
"ukrašavanje materijala figurama, bojama ili drugim šarama",1,0
zapis koji je u službi obožavanja božanstva,1,0
ostvarenje cilja,1,0
nacrtati ili napisati skicu ili nacrt,1,0
novčana jedinica Austrije,1,0
jumanski jezik kojim govori narod Hualapai,1,0
potvrditi ceremonijom Bat Micva devojčice u jevrejskoj veri,1,0
bitka za vreme Napoleonovih ratova (1800); Francuska je porazila Austrijance,1,0
pokrenuti silom,1,0
period vremena koji se provede spavajući,1,0
najmanji ceo broj ili znak koji obeležava taj broj,1,0
Familija pustinjskog žbunja i drveća - uglavnom? i?,1,0
nekome dati da brine ili štiti,1,0
kolekcija i izučavanje poštanskih maraka,1,0
izuzetno loš ili nezadovoljavajući,0,1
prekidač koji se koristi za selektovanje između alternativa,1,0
veštački jezik koji se temelji što je više moguće na rečima zajedničkim za sve evropske jezike,1,0
Smešten u ćivot,1,0
pravougaona matrica tačkica pomoću koje se mogu formirati pisani karakteri,1,0
pretvoriti se u žele,1,0
"Prolivati suze zbog tuge, besa ili bola.",0,1
Ružičasto obojena velika čaplja s kratkim savijenim kljunom; živi u zapadnoj Aziji i severnoj Africi.,1,0
fudbalska utakmica u kojoj dve ekipe od 11 igrača pokušavaju da loptu ubace u ili usmere prema protivničkom golu,1,0
"precizno pravilo, ili skup pravila, koje specifikuje kako treba rešiti neki problem",1,0
pravougaoni komad tkanine koji se koristi za slanje signala,1,0
pojednostavljeni opis kompleksnog entiteta ili procesa,1,0
učestvovanje u igri ili sportu ili kakvoj drugoj rekreaciji,1,0
hemijsko jedinjenja koga čine samo dva elementa,1,0
kontrola nad društvom putem dominacije,1,0
poljoprivredna zgrada u kojoj su smeštena pernata živina,1,0
Najveća familija živih morskih pasa; ima ih svuda u svetu a posebno u tropskim morima;?,1,0
BT,1,0
pismo od 38 slova kojim je zapisan armenijski jezik,1,0
postupak klasifikovanja ili obezbeđivanja indeksa da bi se neke stavke mogle lakše pronaći,1,0
švajcarski sir sa malim rupama,1,0
sličan krompiru generalno,1,0
"Zeljaste biljke iz Evrope, Severne Amerike i Azije: makovica",1,0
praktikovati šamanizam,1,0
preći na drugu stranu čega,1,0
supstanca koja ističe iz pora biljaka ili životinja,1,0
čin gledanja ili viđenja ili posmatranja,1,0
prenositi ili poslužiti kao medij za prenos,1,0
standardni engleski kojim se govori na jugu Engleske,1,0
Grupa mačaka.,1,0
"Koji nema potrebne sposobnosti, veštinu ili znanje.",0,1
pomešan škotski viski i soda,1,0
izmišljeni Englez koji putuje u nepostojeću zemlju Liliput iz satiričnog romana Džonatana Svifta,1,0
pregovarač koji služi kao veza između parničnih strana,1,0
odašiljač koji pretvara tečnost (poput parfema) u fin sprej,1,0
šošonski jezik kojim govori narod Ute,1,0
dolina reke Loare gde se gaje mnoga Francuska vina,1,0
dugačka riba masnog mesa koja se pronalazi u slatkim vodama Evrope i Amerike; dugačke jegulje se obično dime ili stavljaju u salamuru,1,0
napraviti širim,1,0
položaj studenta,1,0
položaj na kakvoj skali,1,0
Ženka labuda,1,0
"upoznati nešto ili postati nečega svestan, obično slučajno",1,0
ručno kolo koje se koristi za upravljanje,1,0
slaganje u licu između zamenica i glagola,1,0
novčana jedinica Slovačke,1,0
čitanje površno ili nasumično,1,0
skinuti se,1,0
uklonite spoljni pokrivač ili omotač s čega,1,0
glavni grad Bocvane,1,0
Jako pozitivno osećanje poštovanja i privreženosti,1,0
vežbanje za neki javni nastup,1,0
dokument koji se odnosi na neko poslovanje,1,0
iskren ili hitan zahtev,1,0
korisnici usluga zbirno (?),1,0
osnovna novčana jedinica Etiopije,1,0
ponašati se na nekontrolisan način,1,0
novčana jedinica Ukrajine,1,0
Koji predtsvlja suštinsku komponentu,1,0
nemasno meso nekoliko vrsta riba koje se nalaze u toplim Atlantskim vodama,1,0
novčana jedinica Alžira,1,0
beli mineral; ruda cinka,1,0
Glodar rovaciz starog i novog sveta koji uništava useve,1,0
pravougaoni komad upijajuće tkanine (ili papira) za sušenje ili brisanje,1,0
"smeđe, uglavnom morske alge",1,0
zlatnica,1,0
koji odstupa od opšteg ili uobičajenog poretka ili vrste,1,0
kome stranu držati; uz koga stati; za koga snažnu podršku izraziti,1,0
Slepić,1,0
prebaciti datoteku ili program s jednog računara na neki drugi,1,0
Žena koja je crna,1,0
postupati prema nekome drugačije zbog njegovog pola ili rase,1,0
pražnjenje nečega odvođenjem tečnosti koja se tu nakupila,1,0
biljka južne Evrope s bodljikavim lišćem i ruzixčastim cvetovima koja se gaji zbog jestivih listova i korena,1,0
smanjenje u širinu,1,0
šnicla pohovana prezlama i jajima,1,0
na nižem nivou po rangu ili značaju,0,1
trka između timova; svaki član trči ili pliva deo staze,1,0
promena iz adsorbovanog stanja na površini u čvrsto ili gasovito stanje,1,0
slogan koji se koristi zarad dobijanja podrške za kakav viši cilj,1,0
slepaši,1,0
"tčin dovođenja nečega do najvećemoguće tačke, vrednosti ili pozicije",1,0
čaša napravljena od papira za jednokratnu upotrebu,1,0
usoljena masnoća s leđa i obe strane trbuha svinje,1,0
republika na severozapadnoj obali Afrike,1,0
torba koja se nosi na leđima,1,0
Stanje stalnog živahnog delovanja koje karakteriše neku aktivnost,1,0
dug tanak komad tkanine ili papira koji se koristi za vezivanje ili pričvršćivanje,1,0
peščani sprud,1,0
proces erozije kojim se formira ravna površina,1,0
slatkovodna riba nemasnog mesa iz roda Micropterus,1,0
kratak roman,1,0
novčana jedinica Avganistana,1,0
egipatski bog Sunca sa glavom jastreba,1,0
božanstvo koje se obožavali u drevnom Rimu,1,0
prirodni žuti ili purpurno crveni pigment koji se javlja u biljnom ili životinjskom svetu,1,0
kanta u kojoj stoji đubre dok se ne izbaci,1,0
čin savladavanja ili potčinjavanja nekoga,1,0
"koji izaziva neprijatnost; na primer, neprijatna istina",0,1
oduzeti ili ukloniti,1,0
"blag, kremast, holandski sir žute boje; okruglog je oblika",1,0
turkijski jezik kojim govore Kazasi,1,0
posuđe sastavljeno od kompletnog seta (srebro ili posuđe) za upotrebu za stolom,1,0
Stanje koje karakterišu osećanja u rasponu od blagog nezadovoljstva do dubokog bola.,0,1
Rod žbunja i niskog drveća iz Starog sveta; ima mirisno cveće u lepim grozdovima:?,1,0
puzavci,1,0
uređaj koji proizvodi vazdušnu struju,1,0
novčana jedinica Argentine,1,0
mleko dobijeno od koze,1,0
Izumrli gmizavac koji uključuje: dinosauruse; ?plesiosaurs; ?pterosaurs; ?ichthyosaurs; thecodonts,1,0
italijanska usoljena i sušena šunka koja se seče veoma tanko,1,0
glavni i najveći grad Nigera,1,0
Pljosnate ribe,1,0
kolekcija knjiga sačinjenih ubrzo posle Hristove smrti; druga polovina hrišćanske Biblije,1,0
vatreno oružje koje se puni kroz cev,1,0
hokan jezik kojim govori narod Čimariko,1,0
trka izmđe ljudi koji voze bicikle,1,0
rešavanje problema koje uključuje brojeve i veličine,1,0
determinator koji se odnosi na klasu entiteta koji se ne mogu jasno identifikovati ('a' u engleskom),1,0
gelski jezik kojim se nekada govorilo na ostrvu Man,1,0
Stanje koje još ne odgovara zrelosti.,0,1
Napraviti izbor,1,0
"reprodukcija nanošenjem mastila na papir, kod pripreme teksta za izdavanje",1,0
tretirati sumporom radi zaštite,1,0
novčana jedinica koja je deo (obično stoti) osnovne novčane jedinice,1,0
risevi,1,0
izbijati upadljivo iz nečega,1,0
prekursor plazma ćelije,1,0
uvod u pozorišni komad,1,0
"Koji se tiče Austrije, njenih stanovnika i kulture",1,0
uzeti i zadržati,1,0
raznovrsnost biljnog i životinjskog sveta na nekom staništu,1,0
viljuška s kojom se služimo za stolom pri jelu,1,0
crni magnetni mineral koji se sastoji od magnezijum karbonata,1,0
Godišnje i višegodišnje trave iz starog sveta: vrbovnik.,1,0
zakrivljen ili savijen uređaj za kačenje ili povlačenje nečega,1,0
reč koja je određena nekim modifikatorom,1,0
aktivnost kojom se krši moralna ili pravna norma,1,0
zbir vrednosti podeljenih brojem vrednosti,1,0
kamena riba severnog Atlantskog okeana,1,0
uništiti kakav raspored ili redosled,1,0
naslov podsekcije koji je ispisan u telu teksta,1,0
farma na kojoj se proizvode mlečni proizvodi,1,0
sposoban za korektno i validno rezonovanje,1,0
način rada ili ponašanja,1,0
zgrada vlade u kojoj su smeštene administrativne kancelarije gradske vlade,1,0
eksplozivna naprava koja eksplodira pri kontaktu; napravljena da uništava voyila ili brodove,1,0
izgubiti toplotu,1,0
prxzena loptica ili pljeskavica ribljeg mesa i pire krompira,1,0
zaključiti rezonovanjem,1,0
alkoholno piće (najčešće pivo) koje se pravi kod kuće,1,0
društvena grupa unutar nacionalne kulture koja ima svojstvene obrasce ponašanja i verovanja,1,0
preparat koji se koristi za čišćenje nečega,1,0
"popuniti, natopiti ili u potpunosti utopiti",1,0
komad tkanine koji se koristi za ukras ili da zakrpi ili pokrije rupu,1,0
zamenica koja izražava razlike u licu,1,0
naći zajednički jezik ili se uspećno izboriti sa nečim,1,0
poslovno odelo koje se sastoji od jakne i prsluka i pantalona,1,0
Izgovoriti sa roljajući; o fonemi /r/,1,0
niz brojeva kod kofga je svaki broj zbir prethodna dva,1,0
učiniti oštrim,1,0
listovi bilo koje biljke iz porodice Lactuca sativa,1,0
amfioks,1,0
uzastopno poređan skup stvari ili događaja ili ideja u kome je svaki naredni član povezan sa prethodnim,1,0
Vršiti vlast nad nekim; npr. o narodima.,1,0
objekat u pasivnoj konstrukciji,1,0
opaziti slušajući,1,0
koristiti FT protokol za prenos podataka sa jednog računara na drugi,1,0
novčana jedinica Gvineje Bisao,1,0
priručnik koji sadrži reči (u alfabetskom poretku) sa njihovim značenjima,1,0
potvrda ili vaučer (obveznica) koji potvrđuje dug (dugovanje),1,0
bogosluženje koje se obavlja u kasno popodne ili veče,1,0
aritmetička ili logička programska greška koja se otkriva u vreme izvršavanja programa,1,0
meso domaće svinje ili praseta,1,0
ispitati dodirom,1,0
reč ili grupa reči koji funkcionišu kao prilog,1,0
jedan zahtev,1,0
Buve,1,0
hibrid dobijen ukrštanjem Prunus domestica i Prunus armeniaca,1,0
nadmoćno osećanje straha i zebnje,1,0
autokratija u kojoj vlada monarh koji nasleđuje vlast,1,0
Ispoljiti želju,1,0
okrenuti tako da se izloži lice,1,0
"trivalentan metal, retka Zemlja; javlja se zajendo sa itrijumom; njegova jedinjenja imaju jako namagnetisanje",1,0
predmet pričvršćen za jedno mesto (posebno u domaćinstvu),1,0
"lanac ostrva koji uključuje Boreno, Sulavesi, Javu i Sumatru",1,0
knjiga ili dokument ispisan rukom,1,0
salata od voća,1,0
ruda iz koje se vadi gvožđe,1,0
prokuvane zelene paprike najčešće punjene punjene pirinčem i mesom i kratko pečene,1,0
jedinica težine 100 kilograma,1,0
"fazani, prepelice,?",1,0
šupljina u lobanji u kojoj su smeštene očne jabučice,1,0
zbirka basni za koju se veruje da ju je napisao Grčki pripovedač Ezop,1,0
zaslađeno isušeno mleko,1,0
stanovnik Nauruana ili poreklom sa Nauruana,1,0
proučavanje geografije drevnih vremena ili drevnih epoha,1,0
niz uređenih grupa ljudi ili stvari unutar sistema,1,0
unos sa listom osoba koje su doprinele filmu ili pisanom radu,1,0
mladunče konja,1,0
program koji može da se smesti u različite delove memorije u razno vreme,1,0
stručnjak za mitologiju,1,0
dupliranje reči ili fraze (kao za efekat retoričnosti0,1,0
osnovna novčana jedinica Bahreina,1,0
"kremasti beli sos koji sadrži hleb umesto brašna, začinjen karanfilićem i crnim lukom",1,0
odnos intenziteta signala prema intenzitetu šuma,1,0
reč ili sintagma koja bliže određuje značenje nekog drugog elementa,1,0
Osobina onoga što ne zaslužuje poverenje.,0,1
"biljka sa tankim, belim stabljikama koje nose tamno-zelene listove i formiraju zdužene glavice",1,0
mineral koji se sastoji od kalijum-magnezijum sulfata,1,0
ukrštanje biljaka i životinja različitih urođenih osobina,1,0
novčana jedinica Irana,1,0
pesnik koji piše sonete,1,0
bivša osnovna novčana jedinica Obale Slonovače,1,0
"Skakavci, zrikavci i?",1,0
duhovni tekst svih hrišćanskih religija,1,0
uslužni program koji prikazuje instrukcije i rezultate izvršavanja nekog drugog programa,1,0
ispravljač koji ekstrahuje mudulaciju iz nosača radio signala,1,0
telekomunikacioni sistem koji prenosi slike objekata (mirujućih ili pokretnih) između udaljenih tačaka,1,0
kolekcija kxiga koju čine sveti hebrejski rukopisikoji beleže njihovu istoriju izabranih ljudi; prva polovina hrišćanske Biblije,1,0
stvaranje programa koji omogućavaju računaru da logički rezonuje,1,0
moruzge,1,0
"severozapadni ogranak Indijskog okeana, između Indije i Arabije",1,0
dozvola i izdavanje deonica za prodaju,1,0
novčana jedinica Kube,1,0
pojačati ili smanjiti intenzitet,1,0
vozilo sa točkovima koje može da se vuče iza automobila ili kamiona; opremljeno za život;,1,0
"karakteristika apsolutnog vladara ili vladanja, koji ima putpunu vlast",1,0
knjiga koja sadrži zbirku pesama,1,0
novčana jedinica Jemena,1,0
