X,Predicted,Real
studentkinja na koledžu ili fakultetu,1,0
briga o razlikovanju dobra i zla ili pravednog i nepravednog; dobro ili pravedno ponašanje,1,0
penutski jezik kojim govori narod Sahapti,1,0
optužnica koju odobrava velika porota,1,0
čin uvođenja u svešteni čin,1,0
sredstvo za čišćenje metenjem; snop slamki ili grančica prikačenih na dugačku ručku,1,0
supstanca ili jedinjenje koje se dodaje da bi se izazvala hemijska reakcija,1,0
meso sabljarke obično se služi kao odrezak,1,0
promena ka nečemu manjem ili nižem,1,0
koristiti točkić za izbor broja telefona,1,0
sportska grana koja razvija dobru vožnu biciklom ili motociklom,1,0
novčana jedinica Bocvane,1,0
zemljouz koji povezuje Centralnu i Južnu Ameriku,1,0
nalog kojim se ovlašćuje policija da uhapsi osumnjičenog i izvede ga pred sud,1,0
sudbina koja prede nit života,1,0
Radnik koji je najamljen da obavi posao.,0,1
indijski jezik kojim govore stanovnici Gudžarata u zapadnoj Indiji,1,0
"smeđa forma mike koja se sastoji od vodonik silikata kalijuma, magnezijuma i aluminijuma",1,0
predgrađa koja se smatraju kulturnom klasom ili subkulturom,1,0
određena količina eksploziva koja je spremljena tako da eksplodira u tačnom trenutku,1,0
desna strana broda ili aviona onome ko gleda prema krmi ili pramcu,1,0
utvrđen broj stihova koji formira jedinicu pesme,1,0
Slova upisana na nečemu (posebno izrezbarena ili ugravirana).,1,0
"Koji nije popustljiv, kojim se teško upravlja.",0,1
peto slovo grčkog alfabeta,1,0
oduzeti ili ukloniti,1,0
"karakteristika sistema čije izlazne veličine ne zavise samo od ulaznih veličina, već i od istorije sistema; posebno, pojava pri kojoj namagnetisanost feromagnetnog tela ne zavisi samo od aktuelne vrednosti magnetnog polja, već i od prthodnih magnetnih stanja",1,0
poseban splet okolnosti,1,0
racers,1,0
mišić koji približava deo tela ka centralnoj osi,1,0
lay eggs,1,0
način rada ili ponašanja,1,0
redak srebrnkast obično trivalentan metal; tečan na temperaturi iznad sobne,1,0
deo ili odeljak putovanja,1,0
tipski rod porodice Cotingidae: kotinge,1,0
pripadnik naroda tamne kože koji su živeli U Australiji pre nego što su stigli Evropljani,1,0
Grupa ptica.,1,0
"tečnost koja se koristi ya štampanje, pisanje ili crtanje",1,0
Društveni čin okupljanja u određenu svrhu,1,0
odbiti da se nešto preda ili podeli,1,0
krompir koji se peče i služi sa ljuskom,1,0
zrno pasulja crne boje koji potiče iz Južne Amerike; uglavnom se koristi osušen,1,0
buba iz južne Evrope,1,0
Osećati tugu.,0,1
Višegodišnja zeljasta biljka čiji rizom miriše slično kao đumbir,1,0
uticajni nemački idealistički filozof (1724-1804),1,0
osnovna novčana jedinica Jermenije,1,0
najstariji bog; predstavlja beskonačnost prostora koji je prethodio nastanku sveta,1,0
"šesti od sedam kanonskih časova molitve, pada predveče, danas je to javna služba nedeljom",1,0
kvadratna matrica kod koje su sve elementi koji nisu na glavnoj dijagonali jednaki 0,1,0
komunikacija putem računara,1,0
uskladištena informacija koja se koristi da da identifikuje neku stavku u sistemu za skladištenje i pronalaženje informacija,1,0
osobina ljudi da veruju u poštenje i pouzdanost drugih,1,0
postupak podizanja čina ili položaja,1,0
podnevni obrok,1,0
Republika Sudan,1,0
Čin predaje (pod dogovorenim uslovima).,1,0
žestok rani pristalica kakvog principa ili reforme,1,0
zamišljena linija koja povezuje tačke koje imaju istu temperaturu u datom trenutku,1,0
bukavci,1,0
kome stranu držati; uz koga stati; za koga snažnu podršku izraziti,1,0
traženje informacija,1,0
Ne osecati se dobro ili udobno.,0,1
opredeljenje koje karakteriše mišljenje grupe ili nacije,1,0
mandast tokom kojeg se drži određena pozicija,1,0
stanovnik Holandije ili poreklom iz Holandije,1,0
mrski zec,1,0
anatolski jezik,1,0
u pravu; teritorija unutar koje se može vršiti vlast,1,0
imitatorsko ponašanje,1,0
dull-colored moth whose larvae have tufts of hair on the bodž and feed on the leaves of many deciduous trees,1,0
jedinica za učestalost; jedan herc ima periodu ponavljanja od jedne sekunde,1,0
modrozelene alge,1,0
Čin zagađivanja.,1,0
Čin ubeđivanja (ili pokušaj ubeđivanja).,1,0
obuća za plivanje; prednji deo poput ploče pomaže pri plivanju posebno pod vodom,1,0
"interfejs koji se obično koristi za modeme, miševe i neke štampavye koji dozvoljava transmisiju bit po bit",1,0
Drveni duvački instrument koji ima dva jezička od trske,1,0
podzemna površina ispod koje je tlo potpuno zasićeno vodom,1,0
sprečiti donošenje odluke porote,1,0
novčana jedinica Malavija,1,0
jedinica koja određuje cenu plaćanja,1,0
šupljina u kojoj počinje debelo crevo a u koju se otvara ileum,1,0
umetnost oblikovanja ili modelovanja (rezbarije i skulptura),1,0
koji pripada ili je nasleđen od čijeg oca,1,0
kozice,1,0
ručno kolo koje se koristi za upravljanje,1,0
iyučavanje literature,1,0
stanovnik ili poreklom iz Afrike,1,0
pročišćen puter bojen polako braon bojom i začinjen sirćetom ili limunovim sokom i kaparom,1,0
Takva matematička relacija koja jednom element jednog skupa pridružuje bar jedan element drugog sk,1,0
bučni nemir,1,0
ublažavanje kazne ili oslobađanje od kakve neprijatne dužnosti od strane sudije ili roditelja ili nastavnika,1,0
posuda za kuvanje koja se sastoji od ravnog pravouganog metala koji se koristi za pečenje kolača,1,0
"Beli prah od kalcijum sulfata od koga se sa vodom pravi semsa koja se brzo stvrdnjava; koristi se u građevini, za skulpture, u medicini kod preloma, itd.",1,0
"odvojiva brava koja ima šarnir sa šarkama koji se može provući kroz alke u lancu, posle čega se zatvara",1,0
reč koja je nastala iz dve ili više reči izostavljanjem ili kombinovanjem nekih zvukova,1,0
glavni i najveći grad Jemena,1,0
švajcerski matematičar (1707-1783),1,0
novčana jedinica Sirije,1,0
"redak element u prirodi, a pojavljuje se u malim koncentracijama u silikatnim mineralima",1,0
koji izaziva strah ili užas,0,1
"zadati niz koraka, deo većeg računarskog programa",1,0
Germanski karakter koji vodi poreklo od runa,1,0
mašina koja simulira neko okruženje radi obuke ili istraživanja,1,0
uništiti kakav raspored ili redosled,1,0
poluprovodnik koji se sastoji od p-n junkcije,1,0
supa sa von ton knedlama,1,0
rekviziti koji se koriste za ribolov,1,0
"Čin prisustvovanja (na sastanku, i sl.)",1,0
mineral koji se sastoji od cirkonijum oksida,1,0
usvojene reči nekog govornika jezika,1,0
knjiga ili brošura koja sadrži popis stvari,1,0
sušeno grožđe bez semena,1,0
bonito,1,0
unutar molekula; dešava se usled reakcije između različiti delova istog molekula,1,0
božanstvo koje se obožavali u drevnom Rimu,1,0
nastaviti nakon prekida,1,0
indikator koji uspostavlja da je pozicija horizontalna kada je mehurić centriran u cevi koja sadrži tečnost,1,0
"pratiti, otkriti ili utvrditi tok razvoja čega",1,0
"Čvrsto istkana tkanina, koristi se za stolice, jedra, šatore).",1,0
srazmerno velika neuroglijalna ćelija,1,0
pun ili označen ozlojeđenošću ili zlovoljom,0,1
kukuruzar,1,0
jedinica govornog jezika veća od foneme,1,0
u kome su slojevi jedan preko drugog,1,0
"gubiti dlaku, kožu, rogove ili perje; za životinje",1,0
"međusobno inkorporiranje materija, upijanje materija jednu uz drugu",1,0
reprezentacija koja se sastoji od scenografije i drugih sredstava koja se koriste za identifikaciju lokacije kakve dramske produkcije,1,0
novčana jedinica Norveške,1,0
okluzivni konstant koji nastaje usled usisavanja vazduha u usta (kao u Bantu),1,0
"Skandinavski punč napravljen od Klareta i akvavita sa začinima, grožđicama, pomorandžinom korom i šećerom",1,0
drvena ili plastična ploča na kojoj se mesi testo za hleb,1,0
društveni sistem koji manjinske grupe odvaja u separatne ustanove,1,0
motor koji pokreće avione,1,0
Koji nije naklonjen prea nečemu.,0,1
onaj koji nije stalan ili postojan,0,1
tekst koji sledi posle glavnog teksta knjige,1,0
"Najrasprostranjenija nedozvoljana droga, smatra se lakom drogom; sastoji se od suvog lišća idijske konplje; puši se i žvaće,.",1,0
testiranje ideje,1,0
gliste,1,0
"gust paprikaš napravljen od pirinča, piletine i male divljači; južne Sjedinjene države",1,0
"način na koji vesti predstavljaju novinari novina, radija i televizije",1,0
glavni i najveći grad Madagaskara,1,0
"tikva glatke površine obično dugačkog, pravog vrata i slatkog narandžastog mesa",1,0
žblja trava,1,0
nalog za izvršenje smrtne kazne,1,0
parazitske sporozoe koje formiraju spore koje sadrže jednu ili više infektivnih sporozoa,1,0
dozvola za prodavanje pića i njegovo konzumiranje u objektu,1,0
najduža reka u Aziji; teče na istok od Tibeta i uliva se u Istočno kinesko more blizu Šangaja,1,0
prikupiti i zapaliti materijal za,1,0
nauka o kriminalitetu i počiniocima kriminalnih dela,1,0
prekrstiti nekoga (učiniti znak krsta preko nekoga) da bi se nad tom osobom prizvala Božija zaštitila,1,0
dozvola da privatno lice konfiskuje imovinu građanina druge nacije (države),1,0
svaki racionalan ili iracionalan broj,1,0
Britanski pisac (rođen u Irskoj) (1856-1950).,1,0
posuda u koju se odlalje smeće,1,0
"Umanjiti po vrednosti, karakteru itd.",0,1
novčana jedinica Papue Nove Gvineje,1,0
iz bivše klasifikacije,1,0
oklopnik miš,1,0
Zapadno indijsko voće koje podseća na mango; često ukiseljeno,1,0
stepen izloženosti pažnji javnosti,1,0
čadski jezik kojim se govori u severnoj Nigeriji,1,0
koji nije raspoložen da sarađuje,0,1
niz brojeva kod kofga je svaki broj zbir prethodna dva,1,0
gospodar države koji to postaje nasleđivanjem,1,0
tibetsko-burmanski jezik kojim se govori u severnoj Burmi i u Junanu,1,0
Britanski tajni agent 007 iz romana Jana Fleminga,1,0
promeniti zagrevanjem,1,0
jedrenjak sa dva jarbola,1,0
Ženka labuda,1,0
zadatak dodeljen za pojedinačne studije,1,0
afiks koji se nalazi unutar reči,1,0
nagnuti jedan prema drugom kako bi formirali korito,1,0
proučavanje geografske rasprostranjenosti životinja ili biljaka,1,0
metoda za analiziranje ili predstavljanje statističkih podataka,1,0
političar koji vodi kampanju da bude izabran na javnu funkciju,1,0
mek srebrnkast metal; redak u zemlji,1,0
obična čigra Evrope i Azije koja ima sivo i crno perje,1,0
pomešan škotski viski i soda,1,0
znakovni jezik koji se koristi u Sjedinjenim Državama,1,0
suspenzija radijskog ili TV prenosa,1,0
klavijatura sa žicama koje se trzaju trzalicom,1,0
"upadljivo sazvežđe južne hemisfere, blizu Južnog krsta",1,0
Polemoniaceae; Solanaceae; Boraginaceae; Labiatae; Lentibulariaceae; Pedaliaceae; u nekim klasifikacijama uključuje red Scrophulariales,1,0
"naziv cifre 6, znak koji obeležava broj šest",1,0
administrativna jedinica u kojoj je sedište savezne vlade,1,0
novčana jedinica Gvatemale,1,0
izmišljeni detektiv iy romana A. K. Dojla,1,0
pokušavati da se spreči otkrivanje (posebno od strane policije),1,0
izumrla grana indoevropskih jezika koju neki smatraju srodnom sa jermenskim,1,0
Stabljike se jedu kao celer ili se kandiraju; seme se koristi kao začin ili se kiseli.,1,0
Rezultat razvijanja.,1,0
Stanje u kome je neko tužan.,0,1
jezik australijskih starosedelaca,1,0
"ruska reka u Sibiru; izvire blizu granice sa Mongolijom, teče na sever i uliva se u Karsko more",1,0
Predstava koja uključuje umetnički ples,1,0
"Koji nije vlik po količini, broju ili stepenu.",0,1
lantanoide - srebrnobeli feromagnetni trivalentan metal,1,0
mrežna topologija čije su komponenet povezane na glavni računar,1,0
fabrička mešavina sastojaka za pravljenje kolača braunis,1,0
bivša osnovna novčana jedinica Estonije,1,0
čiji domaćin biti,1,0
slatko mesnato tropsko voće sa debelom ljuskavom korom i sjajnim crnim semenkama,1,0
supruga koja se stara o kući dok joj muž zarađuje za porodicu,1,0
novčana jedinica Dominikanske republike,1,0
osoba koja zabavlja druge blesavim ponašanjem,1,0
pekidanje sednice ili sastanka,1,0
Vršiti vlast nad nekim; npr. o narodima.,1,0
hodati određenim korakom,1,0
jedan zahtev,1,0
raznovrsnost biljnog i životinjskog sveta na nekom staništu,1,0
oblik komunizma za koji se zalagao Lav Trocki; zalaže se za svetsku revoluciju proleterijata,1,0
majmuni hvatači,1,0
sledbenik luteranstva,1,0
kockice mesa ili morskih plodova prženih uvrelom ulju i potom umočenih u neki sos,1,0
raketa koja je napravljena da iz aviona gađa neki cilj na zemlji,1,0
prozračni optički uređaj koji se koristi da sakuplja ili rasejava svetlo i formira slike,1,0
novčana jedinica Makaoa,1,0
"Svernoamerička držva koju čine 50 država, od koji su 48 s središnjem delu Severne Amerike, Aljaska je na severozapadu Severne Amerike, Havaji su ostrava u Tihom okeanu",1,0
izjava koja objašnjava,1,0
pozorište u kome se izvode opere,1,0
neformalni obrok koji se kuva i jede napolju,1,0
liturgijski jezik koptske crkve koji se koristi u Egiptu i Etiopiji; piše se grčkim alfabetom,1,0
(računarstvo) aktuator koji pomera glavu za čitanje/pisanje na odgovarajuću stazu sa podacima,1,0
prirodni otac ili majka,1,0
osoba koja ima nadležnost nad građanskim poslovima,1,0
tropsko žbunje i trave od kojih se pravi krotonovo ulje,1,0
zamena za benzin koja se sastoji od 90% benzina i 10% žitarskog alkohola od kukuruza,1,0
"glavni i najveći grad moderne države Izrael; sveti grad Jevreja, Hrišćana i Muslimana; bio je prestonica starog carstva",1,0
"promeniti nečiju poziciju ili lokaciju, iz poslovnih, pravnih, prosvetnih ili vojnih razloga",1,0
prozna priča kraća od romana,1,0
uređaj koji uklanja nešto iz nećega što kroz njega prolazi,1,0
pavpav,1,0
usoljena masnoća s leđa i obe strane trbuha svinje,1,0
ostvarenje cilja,1,0
prenos toplote ili elektriciteta ili zvuka,1,0
rukopis za film koji uključuje dijaloge i opise likova i scenografije,1,0
božanstvo koje su obožavali drevni Grci,1,0
"nezakonito uplitanje u čiji tuđi posed (lična imovina kao i nekretnine), ili postupak pokrenut za povraćaj štete",1,0
prost protein koji se nalazi u rožastima tkivima i sočivu oka,1,0
"prekršajna prijava koja se izdaje prekršiocu (na licu mesta),posebno onome ko je načinio prekršaj u saobraćaju",1,0
Višeodišnja aromatična trava koja često formira pokrivač; iz severnih umerenih područja; stolistak,1,0
Sveta tajna kojom se krštenoj osobi daje potpuno uključenje u crkvu,1,0
Postati demokratičniji (za naciju).,1,0
italijanska usoljena i sušena šunka koja se seče veoma tanko,1,0
odeća za ruke: pokriva ruku i zglob,1,0
novčana jedinica koja se koristi u Kirgistanu,1,0
knjiga sastavljena od karata koje se mogu iscepati i upotrebiti,1,0
Uništiti ili oštetiti na nasilan način.,0,1
ukrštanje biljaka i životinja različitih urođenih osobina,1,0
tvrditi ili potvrditi,1,0
koji odstupa od opšteg ili uobičajenog poretka ili vrste,1,0
sijuski jezik kojim govori narod Tutelo,1,0
sendvič,1,0
ugovor potpisan između dve ili više strana (država) koje su se sporazumele da nešto učine (da preduzmu neku radnju),1,0
osvetljenje u prozračnom,1,0
izgradnja reči iz komponentnih morfema koje zadržavaju svoj oblik i značenje u procesu kombinovanja,1,0
"mekana hrana dobijena kuvanjem ovsene kaše, drugog jela ili mahunarki u vodi ili mleku dok se ne zgusne",1,0
mali otvor između nečega,1,0
niz tačaka (najčešće tri) koji ukazuje na to da je deo teksta izostavljen ili da je rečenica nezavrsena,1,0
"Turčin, pripadnik plemena Osmana I",1,0
prestati opirati se; prestati boriti se,1,0
aktivna snaga tela ili duha,1,0
osoba koja ima opštu vlast nad drugima,1,0
alat za sečenje sa ravnim čeličnim sečivom sa reckavom ivicom,1,0
žensko rublje i noćna odeća,1,0
riba toplih mora; telo ribe išarano je raznim bojama od svetlozelene do tamno crvene,1,0
birači koji biraju predstavnika za svoje područje,1,0
uređivanje koje podrazumeva da se nešto ponovo napiše,1,0
Poklanjanje posebne pažnje (kao deci ili nemoćnim osobama).,1,0
proučavanje drevnih natpisa,1,0
pripremljena hrana za poneti,1,0
osnovna novčana jedinica Kine,1,0
tajno uvoziti zabranjenu robu ili robu na koju se ima platiti carina,1,0
entitet koji se realizuje imenicom ili imeičkom frazom u klauzi ili rečenici,1,0
srednji region tela  artropoda odnosno zglavkara  između glave i trbuha,1,0
praktikovati šamanizam,1,0
Zvanični akt suda kojim se naređuje neka činidba,1,0
koristi se u nuklearnim reaktorima,1,0
zapadnoafrički jezik kojim govori narod Volof u Senegalu; srodan je jeziku fula,1,0
Planinska republika u južnoj Evropi; ranije deo Otomanskog carstva i deo Jugoslavije; stekla nezavisnost,1,0
piće napravljeno od dva ili više sastojaka,1,0
"rafinisani beli šećer oblikovan u kocke, pogodan za služenje",1,0
Ljudski čin stvaranja.,0,1
Usmrtiti namerno i sa predumišljajem.,0,1
"Jako osećanje, usmereno prema nekoj stvarnoj ili navodnoj muci.",0,1
"poslati poruku ili pokušati da koga doći putem radija, telefona, itd; napraviti signal u cilju prenošenja poruke",1,0
držanje do moralnih principa,1,0
jezero između jugozapadne Šajcarske i Francuske koje se istoka na zapad preseca Rona,1,0
osloboditi led,1,0
"Kolač koji se služi uz kafu; može da sadrži pomorandžinu koru, suvo grožđe i badem",1,0
isterati ili izbaciti (pljuvaču ili flegmu ili sputum) iz usta,1,0
paralela oko severnog odnosno južnog pola,1,0
meso starije domaće ovce,1,0
nekadašnji tribunal Rimske katoličke crkve (1232-1820) stovren da otkrije i spreči heretičko ponašanje,1,0
dokument kojim se daje zvanično uputstvo ili naredba,1,0
pregovaranje između različitih naroda,1,0
čvrsta kutija za čuvanje novca ili dragocenosti koja može da se zaključava,1,0
greška ili neispravnost u sistemu ili mašini,1,0
nalaze se na vlažnim mestima kao kružne želatinozne kolonije,1,0
"zaokruženi odeljak muzičkog komada, simfonije ili sonate",1,0
hiljaditi deo sekunde,1,0
"smatra se osnovnom odbranom, pri kojoj se ispoljavaju suprotna osećanja ili impulsi od onih prvobitnih; osećanja i reakcije koje proizilaze iz reaktivne formacije često su prekomerne, uporne, nesrazmerne situaciji i okolnosti; osoba se ponaša potpuno suprotno od onoga kako bi zaista želela, a da toga nije ni svesna",1,0
dodati nekoj reči prefiks,1,0
napraviti sastavljanjem iz delova,1,0
"donositi, uzeti ili izvući iz kontejnera ili ispod kakvog poklopca",1,0
"nemetalni univalentan halogeni element, obično žut toksičan i lako zapaljiv gas",1,0
napasti koga usmeno ili pismeno,1,0
Rasprostranjena porodica trava i grmlja,1,0
"udruženje država, organizacija ili pojedinaca za zajedničko djelovanje",1,0
osušeno meso kokosovog oraha od koga se pravi kokosovo ulje,1,0
kopno koje spaja Severnu i Južnu Ameriku,1,0
jabuka koja se primarno koristi za kuvanje,1,0
prozračna pregrada nalik staklu koja vozaču obezbeđuje vidljivos a istovremeno ga štiti,1,0
poljoprivredna mašina kojom se žanje žito,1,0
Bordo ljubičasto grozdasto indijsko voće slatko opore ljubičaste pulpe koje se koristi za slatko,1,0
pogoditi projektilom iz oružja,1,0
osnovna novčana jedinica Južne Koreje,1,0
jedan poseban događaj,1,0
"Koji privremeno nije aktivan, o vulkanima",1,0
okrenuti se od; odustati,1,0
izvršiti obred potvrđivanja,1,0
Bolest krvi ili narušavanje funkcionisanja krvnih ćelija.,0,1
čin odlaska,1,0
znak ($) koji se stavlja ispred broja i označava vrednost u američkim dolarima,1,0
Kitovi sa kljunom,1,0
u grčkoj mitologiji bog zapadnog vetra,1,0
parazitska protozoa iz roda Plasmodium koja izaziva malariju kod ljudi,1,0
dodavanje informacija ili detalja,1,0
porodica jezika kojom govore Karibljani,1,0
Ono što izaziva bol ili patnju.,0,1
osobina neprijatelja ili onoga ko je spreman za borbu,1,0
vijoglavke,1,0
naelektrisani atom ili grupa atoma; jonsko naelektrisanje potiče od gubitka ili dobitka elektrona,1,0
zabranjeno zakonom ili zvanično usvojenim pravilima,1,0
oružje koje se koristi u biološkom ratu,1,0
odbacivanje činom zabrane,1,0
supstanca koja ističe iz pora biljaka ili životinja,1,0
povrediti nečija osećanja,0,1
narandžast koren; važan je izvor karotena,1,0
"visina, posebno iznad nivoa mora ili iznad zemlje",1,0
veštački jezik koji se koristi za trgovinu između govornika različitih jezika,1,0
makromolekularni produkt polimerizacije propilena; predstavlja tvrdi termoplastični polimer,1,0
"nalog nekada izdat od strane kralja Francuske koji je mogao da naloži zatvaranje( hapšenje) ili pogubljenje lica, pismom overenim njegovim pečatom (žigom)",1,0
Okrugla lepinja posuta makom; pravi se od testa koje je četvrtastog oblika tako što se krajevi privuku do sredine,1,0
snažno potvrditi; reći da je nešto tačno ili postojeće,1,0
"Neko ko pravi modele (za šivenje, stolarske radove i sl.)",1,0
vežbanje za neki javni nastup,1,0
odašiljač koji pretvara tečnost (poput parfema) u fin sprej,1,0
napraviti nered u nečemu,1,0
iznenada se sručiti; upadljivo opadati,1,0
težak toksičan srebrnobeli radioaktivni metal; javlja se u mnogim izotopima; koristi se kao nuklearno gorivo i u nuklearnom oružju,1,0
jedinica koja je deo nekog roda vojske,1,0
krasti dobra,1,0
"upravljati ili kontrolisati (projekte, kompanije itd)",1,0
poslastica od jabuka uvijenih u testo koja se peče,1,0
novčana jedinica Irana,1,0
uređaj koji se koristi za slanje signala,1,0
organ koji je smešten na ili pri površini tela,1,0
bivša osnovna novčana jedinica Luksemburga,1,0
dobričica,1,0
Kvalitet koji ne pruža zadovoljstvo čulima.,0,1
Igra na otvorenom koja se igra na polju određenih dimenzija,1,0
palica koja se koristi kao oružje,1,0
sposobnost da se odbiju talasi,1,0
koristi se za hranu za bebe,1,0
svojstvo onoga kome nedostaje živost,0,1
neformalan naziv za oca,1,0
"oštar zakrivljen rožnati deo na prstima  ptica, nekih sisara i gmizavaca",1,0
okruglo karipsko voće veličine jednog inča sa grubom zelenom kožom i slatkom sočnom providnom pulpom; jede se kao grožđe,1,0
ozloglašenost zbog neke posebne karakteristike,1,0
kompozitna stena sastavljena od čestica različite veličine,1,0
započeti događaj koji je impliciran i ograničen prirodom ili inherentnom funkcijom direktnog objekta,1,0
mleko zgusnuto puterom i brašnom,1,0
Tuga povezana sa nekim učinjenim zlom ili nekim razočaranjem.,0,1
društvena klasa koja je najniža u društvenoj hijerarhiji,1,0
poreklom s Kanarskih ostrva i Azorksih ostrva; ima žuto perje i lepo peva,1,0
Sedište za jahača na konju.,1,0
mala kašika kojom se mešaju čaj ili kafa,1,0
zaslađena kafa u koju je dodat irski viski i šlag,1,0
pretvarati običan jezik u kod,1,0
(računarstvo) datoteka namenjena čuvanju i ažuriranju rezervnih kopija,1,0
supstanca pomoću koje se nešto postiže,1,0
padež kojim se označava obraćanje,1,0
uoljeno salo sa leđa svinje,1,0
Tih neprekidan nerazumljiv zvuk; obično ga prati kretanje usana koje ne proivodi artikulisani govor.,0,1
"aplikacija koja korisniku pruža alat potreban za pisanje, uređivanje i formatiranje teksta kao i za slanje na štampanje",1,0
"pretvoriti u digitalni oblik, za korišćenje pomoću računara",1,0
preneti kakvu informaciju,1,0
majonez sa belim lukom,1,0
znak interpunkcije (!) koji se koristi nakon uzvika,1,0
prerijski psi,1,0
politička nezavisnost,1,0
podroban analitičan ili objašnjavajući esej ili diskusija,1,0
"Biti lažljiv, neiskrene prema nekome.",0,1
postaviti pitanje nekome i očekivati odgovor,1,0
priznaš svoju veru u šta ili privrženost čemu,1,0
prenosivi zaklon (obično od platna razapetog preko kolaca i pričvršćenog za zemlju pomoću užadi i klinova),1,0
viski destilovan iz smeš koja sadrži bar 80 procenata kukuruza,1,0
povećanje gustine nečega,1,0
determinator koji se odnosi na klasu entiteta koji se ne mogu jasno identifikovati ('a' u engleskom),1,0
uključivanje preuzimanjem,1,0
vršiti vojnu službu,1,0
milijarditi deo sekunde; hiljaditi deo mikrosekunde,1,0
čin odstranjivanja sadržaja iz nečega,1,0
tkanina koja prekriva grudi ili prsa,1,0
bronhije i pluća,1,0
zakrivljen ili savijen uređaj za kačenje ili povlačenje nečega,1,0
"ispitati deo tela palpacijom, dodirom",1,0
rečenica u indikativu kojom se nešto izjavljuje,1,0
pomeriti glatko duž neke površine,1,0
modna elita,1,0
atabaskanski jezik kojim govori narod Navaho,1,0
metamorfna stena sastavljena uglavnom od amfibola i plagioklaze,1,0
dozvolite nacrt,1,0
oprostiti nekom deo kazne na koju je osuđen,1,0
uzdržavanje od hrane,1,0
novčana jedinica Libana,1,0
aromatičnije i kiselije voće od pomorandži; koristi se pravljenje pića i marmelade,1,0
"savetodavna, zakonodavna, upravna ili sudska skupština",1,0
Neko govedo posebno iz roda Bos ili blisko povezano sa Bibos,1,0
rukom pisan tekst koji liči na štampani tekst???,1,0
glavni i najveći grad Ugande,1,0
osnovna novčana jedinica Avganistana,1,0
poljoprivredni alat koji ima jedan ili više teških sečiva kako bi razdrobio zemljište i izbrazdao ga pre setve,1,0
odbrana protiv gubitka,1,0
lanac dugačak oko 400 milja od preko 200 ostrva na zapadu središnjeg Tihog okeana,1,0
"(krivično pravo) pravnosnažna,osuđujuća presuda u krivičnom postupku sa dosuđenom kaznom",0,1
"uklanjati nečistoće iz čega, povećavati koncentraciju čega i odvajati putem procesa destilacije",1,0
mandat koji se daje vladi i njenoj politici putem izborne pobede,1,0
okrenuti tako da se izloži lice,1,0
modrozelene alge,1,0
beli mineral; ruda cinka,1,0
tanka šunka dimljena na orahovini; tamno crveno meso,1,0
rashlađeno mešano piće koje često sadrži alkohol i priprema se za više serviranja; servira se u činiji punč,1,0
okrugao plod sa hlebnom teksturom mesa; jede se kuvan ili pečen,1,0
instrument za izradu koji se koristi za crtanje ili merenje uglova,1,0
NP,1,0
osnovna novčana jedinica Izraela,1,0
Vodena zeljasta biljka,1,0
praktikovanje neke profesije,1,0
"Jestivo žuto voće, vrsta ""Jamajčanskih orlovih noktiju""",1,0
Uspostaviti koloniju (za zemlje u razvoju).,1,0
dugačka riba koja liči na šarana; pronalazi se u Severnoj Americi,1,0
količina dobijena sabiranjem,1,0
zbirka zapisa posebno o nekoj instituciji,1,0
Sastavljati od komponenata ili delova.,0,1
"intenzivno učiti, kao pre ispita",1,0
pripradnik (budističkog) naroda koji živi oko reke Mekong u Laosu i Tajlandu i govori laoški jezik,1,0
novčana jedinica bivše Jugoslavije,1,0
isključivanje iz crkve ili iz religijske zajednice,1,0
glavni put za svaku vrstu motornih vozila,1,0
veštačka oprema koja kruži oko Zemlje ili Meseca,1,0
ćelije koje čine kožu,1,0
biljka nalik travi koja raste u vlažnim predelima sa cilindričnom šupljom stabljikom,1,0
obezbediti dokaz za nešto,1,0
najsnažniji članovi društva,1,0
uređaj za podizanje teških ili kabastih predmeta,1,0
Posramiti nekoga; povrediti nečiji ponos.,0,1
uređaj koji signalizira pojavu kakvog neželjenog događaja,1,0
penutski jezik kojim govori narod Kusan,1,0
osobine stečene kao posledica načina na koji ste bili tretirani kao dijete,1,0
Taksonomska grupa biljaka koja odgovara phylumu (redu) (u bilogiji).,1,0
doktrina ili verovanje u postojanje Boga ili bogova,1,0
princip prema kome kakva vlada uživa potpunu i neograničenu moć ,1,0
Telo punoletnih građana koji imaju pravo glasa,1,0
dolina reke Loare gde se gaje mnoga Francuska vina,1,0
tikva koja ima žutu koru i žućkastu sredinu i obično izdužen vrat,1,0
"izjava (bilo izgovorena, bilo pisana) koja se daje kao odgovor na pitanje ili zahtev ili članak ili pismo",1,0
čin namernog odstupanja od istine,0,1
goveđa pečenica,1,0
biti odbojan; izazivati averziju,0,1
uvući vazduh,1,0
program koji se koristi za pregled HTML dokumenata,1,0
osoba kod koje je inteligencija niža od normalne,1,0
uzrokovati da šta prođe,1,0
pribor za pisanje koji služi da se nešto označi,1,0
student koji jako puno uči,1,0
ukrasno drvo žutocrvenkastih cvetova,1,0
uglenixani materijal dobijen zagrevanjem uglja ili druge organske materije bez prisustva vazduha,1,0
font kod koga različiti karakteri imaju različite širine,1,0
"postepeno formiranje novog tla, povlačenjem mora ili deponovanjem sedimenta",1,0
"Slabljenje ili degeneracije, posebno usled nekorišćenja.",0,1
staviti pečat na nešto,1,0
"prikazivati u smešnom, karikaturalnom obliku",1,0
propadati ili se raspadati,1,0
mineral koji se sastoji od silikata mahnezijuma i gvožđa,1,0
obećati svečano i formalno,1,0
"majonez sa čili sosom ili kečapom, seckanim maslinama, papričicama i tvrdo kuvanim jajima",1,0
novčana jedinica Danske,1,0
stanovnik Kube ili poreklom sa nje,1,0
galago,1,0
Uputstvo ili savet po pitanju odluke ili toka radnje,1,0
uređaj za popravku zuba ili zamenu izvađenih zuba,1,0
zvonari,1,0
dugme kojim se aktivira računarski miš,1,0
Jevrejski praznik kojim se slavi šesti Sivan kojim se slavi Mozesovo primanje deset zapovesti,1,0
korekcija napravljena brisanjem,1,0
slatka tamno ljubičasta šljiva,1,0
osnovna novčana jedinica Kazahstana,1,0
oblikovati štampani materijal u traženi format,1,0
strasni poljubac,1,0
merenje količine toplote,1,0
kamen koji nastaje stvrdnjavanjem mineralnih soli; nalazi se u šupljim organima ili kanalima tela,1,0
zatvoreni prolaz na koji se sobe obično otvaraju,1,0
tuga izražena plakanjem,0,1
biljka južne Evrope s bodljikavim lišćem i ruzixčastim cvetovima koja se gaji zbog jestivih listova i korena,1,0
Postati zatvoren.,1,0
pomorandža sa slatkom sočnom pulpom; često sa tankom korom,1,0
organizacija profesionalnih ljudi za profesionalne ljude,1,0
promeniti odeću; obući drugu odeću,1,0
entitet koji ima fizičko postojanje,1,0
vremenski period u kome nešto (kao mašina ili fabrika) ne radi (posebno kao rezultat nefunkcionisanja),1,0
glavni i najveći grad Etiopije,1,0
"koga prema uputstvima i praksi trenirati, naročito da bi ga samokontroli podučili",1,0
objekat na koji neposredno utiče radnja glagola,1,0
kaktus jugozapadnog SAD-a i severnog Meksika koji ima jestiv sočan plod,1,0
bantu jezik,1,0
zadržavati ili sprečiti da ode,1,0
zglob koji se slobodno pokreće čije su kosti tako nameštene da omogućavaju pokretanje u jednoj ravni,1,0
posuda sa vodom za krštenje,1,0
staza koja se sastoji od popločanih površina za pešake - obično pored ulice ili kolovoza,1,0
smatrati delom nečega,1,0
baštenski alat za košenje trave na travnjacima,1,0
parče odlomljeno ili odsečeno od nečega,1,0
održati predavanje ili besedu,1,0
osnovna novčana jedinica Nigerije,1,0
(računarstvo) prozor za aktivnu aplikaciju,1,0
seckano meso pomešano sa krompirima i zapečeno,1,0
sposoban da čita i piše,1,0
Postati otvoren.,1,0
sprovoditi istragu o nečemu,1,0
osnovna novyana jedinica mnogih zemalja; 1 franak je jednak 100 santima,1,0
vozilo sa velikim točkovima; koristi se u zemljoradnji i u druge svrhe,1,0
pohađati religijske službe,1,0
novčana jedinica Japana,1,0
vidljiv znak napravljen an površini,1,0
proučavanje pravila za formiranje gramatičnih rečenica u jezicima,1,0
glavni i najveći grad Zambije,1,0
medijum koji širi informacije putem telekomunikacija,1,0
pružiti moralnu ili emocionalnu snagu,1,0
unos sa listom osoba koje su doprinele filmu ili pisanom radu,1,0
Grupa ratnih brodova koja se organizuje kao taktička jedinica,1,0
široko rasprostranjeni feldspar koji formira stene,1,0
horizontalna ravna površina prekrivena asfaltom,1,0
asocijacija država stvorena radi ekonomske i političke saradnje država jugoistočne Azije,1,0
muskogijski jezik kojim govori narod Hičiti,1,0
novčana jedinica koja se koristi u kraljevini Tonga,1,0
zapadnogermanski jezik kojim se govori u Holandiji,1,0
zgrada na farmi,1,0
višegodišnja biljka istočne Severne Amerike i Azije koja ima aromatičan gomuljast koren: ginseng,1,0
junak španske epske poeme iz XII veka,1,0
redak paprikaš od mesa i povrća,1,0
Čin prljanja nečega.,0,1
vratiti,1,0
"priznati Bogu u prisustvu sveštenika, kao u katolisykoj veri (?)",1,0
tuga izazvana bolom i tugom,0,1
postići bod ili cilj,1,0
skloniti kakav teret; koga osloboditi tereta,1,0
Duboko dirnuti.,0,1
koji obezbeđuje interpretaciju,1,0
zbirka basni za koju se veruje da ju je napisao Grčki pripovedač Ezop,1,0
šnicla pohovana prezlama i jajima,1,0
veličina koja može da uzme bilo koju iz skupa vrednosti,1,0
(računarstvo) operacije čitanja ili pisanja uskladištenih informacija,1,0
meso sa nogu živine,1,0
"koji oseća ili ispoljava žalost, naročito zbog nepovratnog gubitka",0,1
Koji trpi atrofiju,0,1
Biljka iz roda Nigella,1,0
rešavanje problema koje uključuje brojeve i veličine,1,0
prokuvane zelene paprike najčešće punjene punjene pirinčem i mesom i kratko pečene,1,0
napuniti mastilom,1,0
koji zavisi od kiseonika ili vazduha,1,0
divljačko i prekomerno ubijanje mnogih ljudi,0,1
Ljoskavac,1,0
jezici kojima govore brđanska plemena severne Burme i okolnih oblasti,1,0
ispoljavanje rastuženosti,0,1
Biserka,1,0
hokan jezik kojim govori narod Čimariko,1,0
prst na ruci na kome se obično nosi prsten,1,0
zastarela jedinica razdaljine promenljive dužine (obično 3 milje),1,0
Koji je pred erupcijom ili izbacuje lavu (o vulkanima),1,0
opaziti slušajući,1,0
"naziv cifre 9, znak koji obeležava broj devet",1,0
pečena pljeskavica od mlevene govedine servirana na zemički,1,0
pismo od 38 slova kojim je zapisan armenijski jezik,1,0
zamenica koja izdvaja određenu stavku ili stavke od drugih članova iste klase,1,0
"Onaj koji proživljava tugu, žalost ili nezadovoljtvo ili označen njima ili ih izaziva.",0,1
dodatak testamentu; testamentarni dokument koji ima za cilj da izmeni već izvršeni testament,1,0
torba koja se nosi na leđima,1,0
ručni alat koji ima zupčastu sečivo za sečenje,1,0
bakalar koji se prvo usoli pa se onda suši; koristi se za tortu od bakalara,1,0
tanka ploča ili sloj nekog tkiva,1,0
čin posredovanja,1,0
novčana jedinica Mongolije,1,0
oji se odnosi na logograme ili logografe,1,0
dugačka testenina punjena seckanim mesom ili slabim sirom pečena u sosu od paradajza,1,0
ukloniti iz tela,1,0
novčana jedinica Južne Afrike,1,0
severoistočni iranski jezik kojim se govori u Rusiji,1,0
Produžiti vremenski; izazvati da bude ili traje duže,1,0
žena autor,1,0
nečiji brat ili sestra,1,0
političko usmerenje onih koji smatraju republiku za najbolji oblik vlasti,1,0
"lekovito, magično ili otrovno piće",1,0
Jevrejski praznik žetve,1,0
Od koga potičete (ali obično dalji od dede ili babe).,1,0
izumrla grana indoevropske jezičke porodice poznata iz zapisa i značajna za rekonstrukciju praindoevropskog,1,0
upotrebiti moć ili uticaj,1,0
uređaj čiji je list perforiran i kroz čije proreze mastilo ili boja prolaze da bi stvorili odštampani otisak,1,0
Velika grupa riba,1,0
uzeti i zadržati,1,0
mineral koji se sastoji od kalijum-magnezijum sulfata,1,0
niz uređenih grupa ljudi ili stvari unutar sistema,1,0
novčana jedinica Slovačke,1,0
karakter ili simbol koji se nalazi iznad i odmah pored drugog karaktera,1,0
Familija monokotiledona iz podklase Liliidae;?,1,0
izvršavanje programa koji ima prioritetno pravo na računarski sistem,1,0
"tčin dovođenja nečega do najvećemoguće tačke, vrednosti ili pozicije",1,0
"neposredno pre ili posle, kao u lancu uzroka i posledica",1,0
napuniti (kao oružje),1,0
osoba koja kupuje ili koristi dobra ili usluge,1,0
bantu jezik,1,0
dravidski jezik kojim govore Gondi u južnom delu centralne Indije,1,0
duga depresija strmih ivica na dnu okeana,1,0
čin izuzimanja nekoga,1,0
konsonant koji se izgovara s vrhom jezika koji dodiruje rub desni,1,0
vrh nečega,1,0
"Veliko zimzeleno drveće i žbunje iz južne Evrope i sa zapada Severne Amerike: drvo jagoda, maginja",1,0
"predeo oko obe strane kičme između kukova i rebara kod ljudi, kao i kod četvoronožaca",1,0
proporcija između dva dela duži (ili dve dimenzije figure u ravni) takva da je kratka:dugoj=dugoj:(kratka+duga),1,0
drevni iranski jezik,1,0
napraviti manje ili više otvorenu aluziju na nešto,1,0
geološko svojstvo koje je ostatak ranije postojeće formacije nakon nestanka drugih delova,1,0
Balzamovano i osušeno telo zamotano za pokop (kao u Starom Egiptu),1,0
Pričati na besposlen ili neobavezan način sa elementom sumnje ili bez dovoljno razloga da se dođe do zaključka.,0,1
"Oktopod, lignja, hobotnica,...",1,0
otvor u zidu zgrade koji prima svetlo i vazduh; obično ga zatvara okvir koji sadrži prozirni materijal i može se otvoriti,1,0
pesnik koji piše sonete,1,0
tekst koji prethodi glavni tekst knjige,1,0
priručnik sa kratkim uputstvima,1,0
spoljašnji pokrivač ili omotač,1,0
Leteći zmajevi (gušteri),1,0
proučavanje geografije drevnih vremena ili drevnih epoha,1,0
trka izmeđo obično veoma moćnih automobila,1,0
fizički odnos između muškarca i žene,1,0
kristalna amino-kiselina koja sadrži sumpor; nalazi se u proteinima i važna je za ishranu,1,0
modifikacija koja sužava značenje nekog elementa ('crveni šešir' ima uže značenje nego samo 'šešir'),1,0
pozorišna oblast koja se nalazi izvan vidnog polja publike,1,0
štand na kome se izlažu artikli za prodaju,1,0
jedinica težine 100 kilograma,1,0
Malvaceae; Bombacaceae; Elaeocarpaceae; Sterculiaceae; Tiliaceae,1,0
stvoriti od reči,1,0
Misirski bog Sunca; brat i muž Izide; otac boga Hora,1,0
prirodna rupa u zemlji,1,0
ZM,1,0
kolekcija dela koja neki umetnik ili kompanija mogu da izvedu,1,0
"onaj kojem se ne može ukazati poverenje, u koga se ne možemo pouzdati",0,1
tukani,1,0
projektovati na ekran radi pregledanja,1,0
oslobađanje od stiska,1,0
risevi,1,0
napisati latiničnim pismom,1,0
Slično sa prastarim orgijskim obožavanjem Afrodite na Kipru,1,0
osnovna novčana jedinica Bangladeša,1,0
program koji kreira jedan programski modul od više njih tako što razrešava unakrsne reference između modula,1,0
jabuka koja rano sazreva popularna u severoistočnoj Americi; najčešće se jede sirova ali je pogodna i za sos od jabuka,1,0
"Čest polivalentni nemetalni element bez ukusa i mirisa, najpoznatiji po javljanju u žutim kristalima; javlja se u mnogim sulfidnim i sulfatnim mineralima, a čak i u izvornom obliku (posebno u vulkanskim područjima).",1,0
niz pokreta stopala koji sačinjavaju neki ples,1,0
predstava u umu u obliku ideje ili slike,1,0
(računarstvo) direktorijum koji je izlistan u nekom drugom direktorijumu,1,0
jaje prženo na ulju ili puteru; nekad prženo sa obe strane,1,0
posuđe sastavljeno od kompletnog seta (srebro ili posuđe) za upotrebu za stolom,1,0
nerv  koji sprovodi impuls do mišića ili žlezda,1,0
zrela jalapeno čili paprika osušena za potrebe kuvanja,1,0
"pozdravljati na neki propisani način (titulom, imenom)",1,0
"Biljke čije se glave sastoje od mnogo ?: kaloper,?",1,0
"preusmeravanje misli, osećanja i nagona sa jednog predmeta ili osobe na drugu osobu ili predmet; ljudi često koriste pomeranje kada ne mogu da ispolje svoja osećanja prema nekoj osobi na siguran način",1,0
zadatak koji se sastoji u tome da se nešto napiše,1,0
"ostrvska grupa u Francuskoj Polineziji u Južnom delu Tihog okeana, istočno od Samoe",1,0
izgubiti debljinu - postati tanak ili tanji,1,0
iskakanje kostiju zgloba iz čašie,1,0
koji oseća nadolazeću opasnost,0,1
CA,1,0
"ukuvano crno vino sa crnim lukom, peršunom, majčinom dušicom i puterom",1,0
Lak mekan srebrnobeli element iz grupe alkalnih metala; brzo oksidira na vazduhu i reaguje burno s vodom; ima ga u prirodi u velikim količinama u mešavinama u morskoj vodi i ???,1,0
pričvrstiti ili postati pričvršćen za matičnu reč,1,0
uvod u pozorišni komad,1,0
osećati zadovoljstvo zbog nečega,1,0
odseći nekome glavu,1,0
"smeđe, uglavnom morske alge",1,0
organizovan niz radnji i predstava,1,0
utakmica sa palicom i loptom između dve ekipe od 9 igrača; ekipe se smenjuju pokušavajući da pomoću palice ostvare pogodak,1,0
mleko dobijeno od krava,1,0
reč ili izraz pozajmljen iz francuskog,1,0
meso domaće svinje ili praseta,1,0
reptil koji ima par otvora u lobanji iza svakog oka,1,0
pokrenuti silom,1,0
ispravljač koji ekstrahuje mudulaciju iz nosača radio signala,1,0
oružje koje koriste vojne ili pomorske snage,1,0
meso sa slabine svinje,1,0
"dužnost koju morate da ispunite, posebno u oružanim snagama",1,0
Nesposobnost osobe da se seti ili uradi ono što obično može; često uzrokovana emoionalnom napetošću.,0,1
sladoled sa ukusom vanile,1,0
(računarstvo) upotreba mikroračunara sa grafičkim mogućnostima za proizvodnju štampanih materijala,1,0
količnik koji se dobija kada se veličina dela nečega podeli s veličinom celine,1,0
reč koja ima sopstveno leksičko značenje,1,0
uzdužno gledano polovina životinjskog trupa koja se koristi u ishrani,1,0
period od sedam uzastopnih dana koji počinje u nedelju,1,0
"niska ostrva između Severne i Južne Amerike, popularno letovalište",1,0
kostruisati ili strukturisati iznova,1,0
nejasno određen društveni događaj,1,0
gorušica; kupus; karfiol; repa; brokola itd.,1,0
odnosi se na društva kojima nedostaje kapital za industrijalizaciju,1,0
turkijski jezik kojim govore Karakalpaci,1,0
oruđe pomoću koga se pokreće i usmerava čamac,1,0
naziv za više vrsta morskih puževa koji se koriste u ishrani,1,0
"korpus pravila, regulative, naloga i odluka koje donose administrativne agencije vlade",1,0
"oglašavati se (kao vetar, voda ili vozila)",1,0
mali crveni ili žuti paradajz,1,0
određen spisak znakova koji se koriste zajedno u pisanju ili štampi,1,0
projekat od ličnog interesa za nekoga,1,0
Sedišta u glavnom nivou u pozorištu.,1,0
"mekan, sivi metal koji se koristi u legurama; ranije se zvao kolumbijum",1,0
personalni računar koji može lako da se prenosi i nosi u ruci,1,0
šošonski jezik kojim govori narod Pajute,1,0
osnovna novčana jedinica Azerbejdžana,1,0
poslovanje vezano za izdavanje,1,0
otrovna biljka sa fibroznim korenom,1,0
"dijakritički znak (,) koji se stavlja ispod slova c kako bi se označilo da se izgovara kao s",1,0
"Koga karakeriše ili koji pokazuje odbijanje, poricanje ili suprotstavljanje; koji nema pozitivna svojstva.",0,1
zatvorena figura u ravni ograničena pravim linijama,1,0
"Nemački pesnik, pripovedač i dramaturg, živeo u Vajmaru (1749-1832).",1,0
privremeni most za ulazak na i izlazak sa plovila na doku,1,0
turkijski jezik kojim govore Kirgizi,1,0
mađarsko vino koje se pravi od grožđa tokaj,1,0
zagovaranje za sistem vladavine u skladu sa ustavnim principima,1,0
Stanje stvari koje je skoro izvan nečije mogućnosti da je reši i zahteva veliki napor da se reši ili prevaziđe.,0,1
"najmanja planeta sunčevog sistema, najbliža suncu",1,0
virus koji je parazit u bakterijama; koristi bakterijski mehanizam i energiju da proizvodi više faga sve dok ne uništi bakteriju a zatim se fag oslobađa da bi napao okolne bakterije,1,0
Nešto što se duguje.,1,0
penutski jezik kojim govori narod Cimši,1,0
stanovnik Nauruana ili poreklom sa Nauruana,1,0
pokrenuti parnicu protiv nekog; tužiti,1,0
hrbat i veći deo korica su od jedne vrste materijala a ostatak korica od drugog,1,0
make larger,1,0
Ispuštati vonj.,0,1
prst na stopalu,1,0
pripadnik nemačke nacističke partije Adolfa Hitlera,1,0
formiranje ili deponovanje u slojevima,1,0
rovke,1,0
listovi tamno zelene boje koji mogu da se kuvaju ili se jedu sirovi u salatama,1,0
pododeljak čina u komadu,1,0
promeniti redosled nečega,1,0
teška okeanska ptica kratkog repa,1,0
Ljudska tvorevina koju je neko stvorio.,0,1
dodati kao novi element ili deo,1,0
korak pri hodanju ili trčanju,1,0
uređaj koji uvećava sliku malih predmeta,1,0
album za markice,1,0
napraviti širim,1,0
žensko prezime pre braka,1,0
ukloniti površinski sloj sa čega,1,0
meso koje uključuje jedno ili više rebara,1,0
stanovnik današnjeg Rima,1,0
osnovna novčana jedinica Filipina,1,0
UY,1,0
izraz bez reči,1,0
vatreno oružje koje se puni kroz cev,1,0
Davati nekome drogu u medicinske svrhe,1,0
nepromenljivi tekst koji se koristi u toku moljenja,1,0
tečnost ili gusta masa koja se dobija zagrevanjem i mlevenjem zrna kakaoa; osnova svake čokolade,1,0
mašina koja sabira brojeve,1,0
dvostruki sloj peritoneusa koji se drži za stražnji zid trbušne duplje i pridržava tanko crevo,1,0
prebacivanje nečega u formu romana,1,0
tanka creva svinje koja se pripremaju kao hrana,1,0
osećanje duboke ljubavi i divljenja,1,0
probližavanje beskonačnog red konačnoj granici,1,0
sredstvo ili napravo čiji je zadatak da spreči začeče,1,0
osnovna novčana jedinica Jemena,1,0
poslednjih 2 miliona godina,1,0
supstanca koja ima svojstvo ili sklonost da apsorbuje drugu supstancu,1,0
stručnjak dodeljen osoblju diplomatske misije,1,0
Dati izjavu pod zakletvom; izjaviti pod zakletvom.,1,0
novčana jedinica Jermenije,1,0
visoko mesto,1,0
"na primer, za ptice",1,0
uska traka zemlje koja izlazi u more,1,0
"započeti rad ili delovanje u određenom kapacitetu, na određenoj dužnosti ili na određenom poslu",1,0
duž koja spaja dve tačke na kružnici i prolazi kroz njen centar,1,0
popis stanovništva,1,0
Koji na sebi ima prljavštinu ili nečistoću.,0,1
usoljena ikra jesetre ili druge velike ribe; obično se služi kao predjelo,1,0
sindrom koji se javlja kod mnogih ženama 2 do 14 dana pre početka menstruacije,1,0
svirati kakav duvački instrument,1,0
uklonite spoljni pokrivač ili omotač s čega,1,0
tamno zeleno tropsko voće veličine kivija sa belim mesom; najviše se koristi za džemove i zimnicu,1,0
pripadnik naroda južne Afrike koji žive u Svazilendu i okolnim teritorijama,1,0
fenomen akumulacije sedimenta ili šljunka,1,0
glavni grad Tajvana,1,0
opaliti ili se isprazniti,1,0
urednik koji priprema tekst za izdavanje,1,0
Slepić,1,0
Cvetnice golosemenjače; pretpostavlja se veza između četinara i kritosemenjača; u nekim sistemima se klasifikuje kao klasa (Gnetopsida) a u drugima kao pododeljak (Gnetophytina or Gnetophyta).,1,0
veseo i ozaren,1,0
urbana zona sa određenom granicom koja je manja od grada,1,0
zaposleni koji obavlja fizički posao ili radi u fabrici,1,0
karakter koji označava relaciju ili operaciju među veličinama,1,0
aktivnost kojom se krši moralna ili pravna norma,1,0
prihvatiti nekoga u versaku zajednicu,1,0
bivša osnovna novčana jedinica Austrije,1,0
osoba koja zagovara verovanja i mišljenja kojih se ne drži,1,0
Blitva,1,0
Onemogućen i nije slobodan; ne mpože da deluje po sopstvenoj volji.,0,1
Mehanički proces habanja ili mlevenja nečega (kao kada ga trunje glača).,1,0
veličina izražena brojem,1,0
student koji ima stipendiju,1,0
izričito odobravanje čega,1,0
Kineska biljka sa palmolikim lišćem i malim zelenim cvetovima i aromatičnim korenom za koji se veruje da ima medicinska svojstva,1,0
oprema koja podrazumeva usmeren provod elektrona (posebno kroz gas ili vakuum ili poluprovodnik),1,0
položaj najvišeg autoriteta,1,0
"meso manjeg pileta čija težina ne prelazi 2 1/2 kg, pogodno za pečenje",1,0
zajednički naziv za novine i časopise,1,0
trka između timova; svaki član trči ili pliva deo staze,1,0
specijalista geologije,1,0
vladar i njegovi savetnici koji predstavljaju vladajuću klasu u državi,1,0
tipski rod porodice Sylviidae: grmuše,1,0
osnovna novčana jedinica Litvanije,1,0
kvalitet koji ima nešto što ima veliku vrednost ili cenu,1,0
stavka koja se umeće u pisani zapis,1,0
deveti mesec Francuskog revolucionarnog kalendara (maj i juni); mesec dolina,1,0
Rukom ili nekim predmetom izazvati udarac.,1,0
(računarstvo) operacija pristupa informacijama iz memorije računara,1,0
sesti u vozilo i kontrolisati ga,1,0
fakultet i studenti škole koja se specijalizira za jednu od lepih umetnosti,1,0
najčešći tip očvrsle lave; gusta tamno siva fino zrnasta magmatska stena sastavljena uglavnom od kalcijumom bogate plagioklase feldspara i piroksena,1,0
grana indoevropske jezičke porodice koja sadrži indijske i iranske jezičke grupe,1,0
Široki moreuz Severnog mora između Jilanda i Norveške,1,0
"visoka višegodišnja trava, poreklom iz jugoistočne Azije: šećerna trska",1,0
ostrvlje u Norveškom moru,1,0
prestonica Sao Tome i Principea,1,0
pravougaona matrica tačkica pomoću koje se mogu formirati pisani karakteri,1,0
novčana jedinica Kostarike,1,0
bezuslovan nalog ili obećanje za isplatu određene sume novca,1,0
promena agregatnog stanja iz jednog u drugo bez promene hemijskog sastava,1,0
usrećiti ili zadovoljiti,1,0
Učiniti da se nešto odvoji ili rastavi,1,0
Koktel Riki koji se pravi sa džinom,1,0
osoba (obično žena) za koju se smtra da ima posebne moći koje potiču od đavola,1,0
grana geologije koja proučava zemljotrese,1,0
ceremonija koja se održava u sinagogi (obično za vreme Pedesetnice) kojom se priznaju za odrasle članove Jevrejske zajednice mladići i devojke koji su uspešno završili kurs Judaizma,1,0
politički sistem kojim upravljaju bogati ljudi,1,0
gorionik koji meša vazduh i gas kako bi proizveo vrlo vrući plamen,1,0
sigurno mesto,1,0
Područje bezbol terena koje je okruženo sa 3 baze i?,1,0
italijanska komedija od XVI do XVIII veka koja improvizuje ustaljene situacije likove,1,0
Lazarkinja,1,0
strukture tela kojoj oblik daje hrskavica,1,0
popis kojim se reklamira seme u komercijalne svrhe sa cenama,1,0
prepolovljeno tvrdo kuvano jaje sa žumancem pomešanim sa majonezom i začinima i vraćenim u belance,1,0
koji koristi ili sadrži previše reči,1,0
Kvalitet onoga što je teško otkriti ili analizirati.,0,1
uređaj za dešifrovanje kodova i šifara,1,0
glodar s kesama na obrazima,1,0
"sadrži pileće, drugo meso ili sir pored povrća i zeleniša",1,0
odrati kožu s čega,1,0
ustanova ustanovljena da pruža pomoć onima kojima je potrebna,1,0
instrument koga pokreće računar a služi za crtanje grafikona i sličnih slika,1,0
međunarodna organizacija evropskih država formirana posle Drugog svetskog rata da bi se smanjile trgovinske barijere i povećala saradnja među članicama,1,0
postati manji,1,0
Gomoljasta biljka južne Evrope; lukovica sa razdvaja u odvojene češnjeve jakog mirisa i ukusa.,1,0
retka kaša ili supa (često ovsena kaša i voda začinjema mesom),1,0
dijakritički znak koji označava naglasak ili koji se stavlja iznad vokala kako bi označio naročit izgovor istog,1,0
dugačka i uska laguna; običnu u blizini ušća reke,1,0
pisac scenarija,1,0
povećati telesnu težinu,1,0
"ostrvska država, stekla nezavisnost 1960",1,0
povećanje u širinu,1,0
pojedinac ili grupa koja se bavi određenim delom privrede i pokušava da utiče na zakonodavce ili birokrate da deluju u njihovu korist,1,0
nečiji bračni drug,1,0
"rastvor u kome se nalaze čestice neke tvrde materije, koji se ne rastvara u drugoj tečnosti",1,0
odnosi se na pića koja sadrže alkohol,1,0
menjanje određene reči ili fraze,1,0
pretvoriti u žele,1,0
količnik dva cela broja,1,0
"saglasno zakonu, prema zakonu",1,0
svaka notacija koja koristi 2 karaktera (obično 0 i 1),1,0
"oblik društvene organizacije u kojoj je žena glava porodice, a loza se prati preko ženske linije",1,0
Inkvizicija koja je branika katolicizam u Španiji (posebno od XV do XVII veka),1,0
zamišljena linija koja spaja tačke u kojima se nešto dogodilo u isto vreme,1,0
čin prisiljavanja silom ili autoritetom,1,0
guava,1,0
"kontrolisati funkciju, proces ili stvaranje pomoću računara",1,0
predstava onoga što je percipirano; osnovna komponenta u formiranju koncepta,1,0
biljojedi ljiljci,1,0
ćelija koja je deo tumora,1,0
lider koji u političkoj partiji kontroliše glasanje i diktira imenovanja,1,0
odlučujuće uticati,1,0
stanovnik Argentine ili poreklom iz Argentine,1,0
područje u zapadnom Atlantiku gde su navodno mnogi brodovi misteriozno nestali,1,0
javn prodaja dobara onome ko ponudi više,1,0
sociolog koji je stručan za antropologiju,1,0
"Bilo kakva oštetočina na telu izazvana nasiljem, nezgodom ili prelomom.",0,1
Započeti ili voditi rat.,0,1
"štapić koji se sastoji od male, drvene ili plastične, trake i koji se koristi za iščačkavanje hrane između zuba",1,0
razraditi razvijanjem muzičke ideje i razrađivanjem ritmičkih i harmonijskih promena u temi,1,0
"popuniti, natopiti ili u potpunosti utopiti",1,0
razdvojiti od drugih,1,0
ugovor o prenosu lične svojine,1,0
novčana jedinica Ugande,1,0
Nepravedno postupanje prema nekoj osobi ili grupi na osnovu predrasuda.,0,1
bambusi,1,0
zloupotreba javne funkcije,1,0
Otkazati ili poništiti radnju ili njenu posledicu,1,0
toplo ili hladno mešano alkoholno piće sa umućenim jajima,1,0
postati želiran,1,0
Neinvazivna dijagnostička procedura koja koristi ultrazvuk za snimanje strukture mozga; zastarela metoda,1,0
iznenadni masovni strah i nespokojstvo zbog očekivanih događaja,1,0
Koji nije nezavisan.,0,1
učestvovati u pravnim procesima,1,0
Postati nestabilan.,0,1
"instrument koji pokazuje da li su dva periodična pokreta sinhrona (posebno, instrument koji omogućĚava pilotu da sinhronizuje propelere na avion koji ima dva ili više motora)",1,0
detaljni opis kriterijuma za osmišljavanje nekog dela,1,0
four o'clocks,1,0
izdržljiva pamučna tkanina obično žute boje koja se proizvodila u luci Nanking u Kini,1,0
mitologija starih Grka,1,0
"svaki pisani simbol koji predstavlja glas, slog, morfemu ili reč",1,0
izbaciti veliki deo rukopisa,1,0
osoba koja je umrla i proglašena za sveca procesom kanonizacije,1,0
shematski ili preliminarni plan,1,0
amfioks,1,0
crni magnetni mineral koji se sastoji od magnezijum karbonata,1,0
"uređaj koji aktivira, odpušta ili dovodi do toga da se nešto desi",1,0
"mreža u koju se ukrštaju krvni sudovi, nervi ili limfni sudovi",1,0
osnovna novčana jedinica Bahreina,1,0
Odsustvo kvaliteta koji bi činili nešto vrednim ili korisnim.,0,1
Delikatna evropska zeljasta biljka sa sivkastim lišćem i klasijem purpurnih cvetova; nekad se koristila kao lekovita trava..,1,0
antropolog koji se bavi etnografijom,1,0
Koji se protivi pravilima ili usvojenoj praksi.,0,1
doći do sporazuma,1,0
izraz kojim se vrši predikacija,1,0
provrteti rupu u nečemu,1,0
grozničnica,1,0
"koji misli najgore o ljudskoj prirodi i motivima; koji ima podrugljivu nevericu u, npr. u nesebičnost drugih",0,1
"međunarodna država nezavisnih arapskih država stvorena 1945. da promoviše kulturnu, ekonomsku, vojnu, političku i društvenu saradnju",1,0
testenina od ječma u obliku bisera; u grčkoj kuhinji se obično sprema sa jagnjetinom,1,0
organ koji je uključen u proizvodnju govora,1,0
"dugačak arhipelag od više od 500 ostrva u Mikroneziji, istočno od Filipina",1,0
karakter koji služi da označi unakrsnu referencu ili fusnotu,1,0
smatrati da ste u određenom stanju ili na određenom mestu,1,0
prezent koji se koristi kako bi se opisale prošle radnje ili stanja,1,0
poletuše,1,0
region koji pokriva Karipska ostrva,1,0
modul koji je tako napravljen da može da se umetne u veći deo opreme,1,0
Grupa mačaka.,1,0
znak (') koji se stavlja iznad vokala kako bi označio naročit način njegovog izgovora,1,0
raspored događaja u vremenu,1,0
osoba kvalifikovana da se bavi stomatologijom,1,0
ekstravagantan komad u kome je radnja više istaknuta nego karakterizacija,1,0
program koji se poziva da pripremi posao koji treba da se pokrene,1,0
"točak oko koga može da se namota vlakno, traka, film ili drugi fleksibilan materijal",1,0
biti nalik ili sličan,1,0
organsko jedinjenje koje sadrži samo ugljenik i vodonik,1,0
nastati; kakvu formu ili oblik preuzeti,1,0
donja strana stopala,1,0
preterano velik,1,0
letelica bez krila koja se penje zbog vrtnje gornjih elisa,1,0
"kontinentalna zemlja u centralnoj Africi, na severoistočnoj oblai jezera Tanjganjika",1,0
"program, kao operativni sistem, kompilator ili uslužni program, koji kontroliše neki aspekt rada računara",1,0
"male, masne ribe; obično su konzervirane",1,0
Proces promene u niže stanje.,0,1
kiselina koja sadrži bro i kiseonik,1,0
široko rasprostranjena bela čaplja starog sveta,1,0
mineral koji se sastoji od mangan karbonata; izvor mangana,1,0
usvojiti,1,0
okrutno ili nehumano postupanje,0,1
žena prorok,1,0
zapaliti se,1,0
"precizno pravilo, ili skup pravila, koje specifikuje kako treba rešiti neki problem",1,0
reprezentacija osobe (posebno u obliku skulpture),1,0
konverzija analognih informacija u digitalne,1,0
"indijski jezik; državni jezik Maharaštre, zapadni centralni deo Indije; pisan je devanagarijem",1,0
ukloniti nekoga sa položaja ili iz službe,1,0
kraljica olipjskih bogova u grčkoj mitologiji; Zevsova sestra i žena; ljubomorna na mnoge smrtnice u koje se Zevs zaljubio; u rimskoj mitologiji joj odgovara boginja Junona,1,0
veličina dobijena množenjem,1,0
Stanje slobode; moć delovanja ili govora ili mišljenja bez ograda. nametnutih spolja,1,0
čelik čije karakteristike su određene dodavanjem drugih elemenata osim uglja,1,0
"Izazvati ljutnju, bes.",0,1
komad mesa koji je odsečen od glavnog dela,1,0
geološka formacija koju čini velika masa leda,1,0
kim,1,0
metoda koja podešava krivu tačkama podataka tako da minimizuju sumu kvadrata rastojanja tačaka od krive,1,0
postaviti između dve površine i primeniti težinu ili pritisak,1,0
krajnja daljina do koje nešto ide,1,0
tanka serozna membrana oko pluća i unutrašnjeg zida grudi,1,0
kretati se unazad i od čega se udaljavati,1,0
proći prolaziti kroz proces konjugacije,1,0
lišiti života,1,0
licenca kojom se omogućava bavljenje određenom profesijom,1,0
služba u kojoj ljudi pevaju himne i zajedno se mole,1,0
pasulj belog zrna; obično se za ishranu koristi suv,1,0
napredovati od jedne tačke do druge,1,0
izbori kojima se određuje ko će dobiti kakvu poziciju ili političku dužnost,1,0
hibrid dobijen ukrštanjem Prunus domestica i Prunus armeniaca,1,0
učiniti oštrim,1,0
Komunistička država koja zauzima veliki deo teritorije Azije; najmnogoljudnija država na svetu,1,0
mekana vreća napunjena vazduhom ili ispunom kao što su perje ili sunđer,1,0
dravidski jezik kojim se govori u južnoj Indiji,1,0
"Govoriti nerazgovetno, obično tihim glasom.",0,1
najrasprostranjeniji i najpoznatiji jezik iz kadai jezičke porodice,1,0
"brak sa osobom koja ne pripada vašem plemenu ili grupi, kao što to zahteva običaj ili zakon",1,0
osobina onoga što je povezano ili stepen nečega što je povezano,1,0
kapu koja odgovara i vunena je i pokriva celu glavu osim lice,1,0
listovi marihuana uvaljane u cigaretu za pušenje,1,0
naglo zaokrenuti; iznenada promeniti smer,1,0
knjiga belih stranica sa džepovima ili kovertama; za organizovanje zbirki fotografija ili maraka,1,0
zujare,1,0
raditi ili funkcionisati,1,0
Tropske biljke,1,0
odnos izmedju jedinica kojim se izražava dodatni karakter njihovih značenja,1,0
Cipal,1,0
osećanje naklonjenosti,1,0
PE,1,0
aritmetička operacija koja se obavlja na brojevima u pokretnom zarezu,1,0
Stanje kada je učinjen prekršaj.,0,1
ostrva između Spoljašnjih Hebrida i zapadne obale Škotske,1,0
Tkanina istkana od lanenih niti.,1,0
runolist,1,0
Institucija niza koraka kroz koje se priziva pravno delovanje,1,0
drevni iranski jezik,1,0
