X,Predicted,Real
veštački jezik koji se temelji što je više moguće na rečima zajedničkim za sve evropske jezike,1,0
mašina koja se koristi za štampanje,1,0
slatka pomorandža iz Izraela skoro bez semenki,1,0
o izrazima ili rečima,1,0
novčana jedinica Pakistana,1,0
"Psi, vukovi, šakali i lisice.",1,0
rešavanje problema koje uključuje brojeve i veličine,1,0
prenositi ili otkrivati informacije,1,0
"neposredno pre ili posle, kao u lancu uzroka i posledica",1,0
penutski jezik kojim govori narod Kostano,1,0
reptil koji ima par otvora u lobanji iza svakog oka,1,0
slepaši,1,0
kalkulator koji vodi evidenciju koliko puta se nešto desilo,1,0
zajednički naziv za novine i časopise,1,0
unos sa listom osoba koje su doprinele filmu ili pisanom radu,1,0
potvrda ili vaučer (obveznica) koji potvrđuje dug (dugovanje),1,0
svaka ptica koja se oglašava pesmom,1,0
kiselina koja sadrži bro i kiseonik,1,0
"naziv cifre 2, znak koji obeležava broj dva",1,0
autokratija u kojoj vlada monarh koji nasleđuje vlast,1,0
Centar vlasti (kao što je grad iz koga se upravlja),1,0
prirodni otac ili majka,1,0
otrovna biljka sa fibroznim korenom,1,0
"odnositi se na što, odgovarati čemu",1,0
paleontologija mikrofosila,1,0
projekat od ličnog interesa za nekoga,1,0
odnos uzajamne zavisnosti ili delovanja ili uticaja,1,0
osoba koja pravi stvari,1,0
poslastica od jabuka uvijenih u testo koja se peče,1,0
prikupljeno delo nekog autora (obično se koristi u množini),1,0
Davati nekome drogu u medicinske svrhe,1,0
tanka šunka dimljena na orahovini; tamno crveno meso,1,0
dokument kojim se daje zvanično uputstvo ili naredba,1,0
Nešto što se duguje.,1,0
mali otvor između nečega,1,0
javna plesna dvorana gde se pleše uz snimljenu muziku,1,0
anatolski jezik,1,0
gusto piće koje sadrži sveže voće pasirano sa sladoledom ili jogurtom ili mlekom,1,0
čin uključivanja,1,0
izgubiti svaku nadu,1,0
prouzrokovati kretanje ili okretanje,1,0
Čin konstruisanja nečega (kao masšinskog dela).,1,0
avokado,1,0
obuhvata mnoge patogene vrste,1,0
dugačka riba masnog mesa koja se pronalazi u slatkim vodama Evrope i Amerike; dugačke jegulje se obično dime ili stavljaju u salamuru,1,0
kremasti beli sos koji sadrži ren i senf,1,0
imunitet od proizvoljne demonstracije vlasti: politička nezavisnost,1,0
"upadljivo sazvežđe južne hemisfere, blizu Južnog krsta",1,0
ceo broj ili količnik dva cela broja,1,0
napraviti sastavljanjem iz delova,1,0
iznenada se sručiti; upadljivo opadati,1,0
spisak kod koga će se poslednja nabavljena stavka prodati prva,1,0
monarhija na čijem je čelu gralj ili kraljica,1,0
greška ili neispravnost u sistemu ili mašini,1,0
gorušica; kupus; karfiol; repa; brokola itd.,1,0
"zatvoreno more na severozapadu Turske, povezano s Crnim morem preko Bosfora, a Egejskim morem preko Dardanela",1,0
ukloniti primenom vode ili druge tečnosti i sapuna ili nekog drugog sredstva za čišćenje,1,0
sistemsko kombinovanje korena i nastavaka u pojedinačne reči,1,0
ispunjen divljenjem i ushićenjem,1,0
turkijski jezik kojim govore Karakalpaci,1,0
Izgovoriti sa roljajući; o fonemi /r/,1,0
"Kolač koji se služi uz kafu; može da sadrži pomorandžinu koru, suvo grožđe i badem",1,0
tanak deo sa prednje četvrti životinje,1,0
gorešnik,1,0
farma na kojoj se proizvode mlečni proizvodi,1,0
prirodni spoljni omotoač ploda (obično se ukloni pre jela),1,0
"kontinentalna država jugoistočne Afrike, stekla nezavisnost 1968",1,0
prekinuti kretanje,1,0
stanovnik ili poreklom iz Afrike,1,0
Velika crvena jabuka,1,0
televizijski sistem koji se prenosi preko kablova,1,0
rekviziti koji se koriste za ribolov,1,0
Godišnje i višegodišnje trave iz starog sveta: vrbovnik.,1,0
prenositi ili poslužiti kao medij za prenos,1,0
krompir koji se sprema tako što se peče u rerni,1,0
poticati (iz),1,0
vozilo sa točkovima koje može da se vuče iza automobila ili kamiona; opremljeno za život;,1,0
kontraceptivno sredstvo u obliku pilule koja sadrži estrogen i prgeseron koji sprečavaju ovulaciju i tako onemogućuju začeče,1,0
novčana jedinica Izraela,1,0
ekspert koji je posvečen izučavanju neke uske discipline,1,0
gornji dom kongresa Sjedinjenih Država,1,0
Elegantni preživar iz starog sveta sa dugim nogama i rogovima koji nagore i unazad: uključuje gazele i ??,1,0
Sedište u kolima.,1,0
postojano skladište koje čuva informacije u obliku mehurića na tankom filmu od magnetnog silikata; više se uglavnom ne koristi,1,0
rezerva novca ostavljena na stranu za neku svrhu,1,0
konzorcijum nezavisnoih organizacija sačinjen da bi se ograničila konkurencija i kontrolisala proizvodnja i distribucija porizvoda i usluga,1,0
žirafe,1,0
naći mesto za nešto što bi poslužilo kao skladište,1,0
jova,1,0
potvrditi ceremonijom Bar Micva dečake u jevrejskoj veri,1,0
bronhije i pluća,1,0
osoba koja nezakonito drži žrtvu zatvorenu obično tražeći otkup,1,0
(računarstvo) sektor ili grupa sektora koji funkcionišu kao najmanja dozvoljena jedinica podataka,1,0
zaslađena kafa u koju je dodat irski viski i šlag,1,0
zao postupak,1,0
znak interpunkcije (!) koji se koristi nakon uzvika,1,0
čvrsto telo koje se formira učvršćivanjem hemijske supstance i ima veoma pravilnu atomsku strukturu,1,0
napraviti fonetsku transkripciju,1,0
izuzetno nelagodan,1,0
"ugledati :1, spaziti :1, opaziti :1a uhvatiti nekoga na vidiku",1,0
održati predavanje ili besedu,1,0
kolekcija knjiga sačinjenih ubrzo posle Hristove smrti; druga polovina hrišćanske Biblije,1,0
odbaciti (dokument) kao nevažeci,1,0
prenos toplote ili elektriciteta ili zvuka,1,0
menjati lokaciju pomeranjem unapred i unazad,1,0
afiks koji se dodaje na početak reči,1,0
uređaj koji se koristi za smeštanje stopala u cipelu,1,0
poseban i značajan naglasak posredstvom pozicije ili ponavljanja,1,0
severozapadni deo Crvenog mora koji se povezuje sa Sredozemnim morem preko Sueckog kanala,1,0
"dugačak arhipelag od više od 500 ostrva u Mikroneziji, istočno od Filipina",1,0
priznaš svoju veru u šta ili privrženost čemu,1,0
koji donosi dobar profit,0,1
poslovanje vezano za izdavanje,1,0
novčana jedinica Španije,1,0
dupliranje reči ili fraze (kao za efekat retoričnosti0,1,0
naći zajednički jezik ili se uspećno izboriti sa nečim,1,0
legura bakra i kalaja i ponekad još nekih elemenata,1,0
metal relativno velike gustine - specifična težina veća od 5g/cm3 - ili relativno velike atomske težine,1,0
konverzija iz jednog načina kodiranja u drugi,1,0
Pokušaj da se za sebe dobije lično priznanje (posebno neprihvatljivim sredstvima).,1,0
tipski i jedni rod porodice Menuridae,1,0
Komunistička država koja zauzima veliki deo teritorije Azije; najmnogoljudnija država na svetu,1,0
predmet pričvršćen za jedno mesto (posebno u domaćinstvu),1,0
široko rasprostranjeni feldspar koji formira stene,1,0
odnos intenziteta signala prema intenzitetu šuma,1,0
"oštar zakrivljen rožnati deo na prstima  ptica, nekih sisara i gmizavaca",1,0
zabeleška ili pripovedni opis prošlih događaja,1,0
ispitivanje i disekcija umrlog da bi se utvrdio uzrok smrti ili promene koje je izazvala bolest,1,0
pokušavati da se spreči otkrivanje (posebno od strane policije),1,0
neko ko piše romane,1,0
novčana jedinica Somalije,1,0
odlučujuće uticati,1,0
aromatičnije i kiselije voće od pomorandži; koristi se pravljenje pića i marmelade,1,0
"širok, ravan deo tela, kao što su leđa ili jezik",1,0
Čin ili proces merenja.,0,1
zagovornik secesije ili odvajanja od veće grupe (kao što je utvrđena crkva ili nacionalna zajednica),1,0
sendvič,1,0
neizlečivi optimist iz Volterovog satiričnog romana Kandid,1,0
imitatorsko ponašanje,1,0
znak interpunkcije (?) koji se stavlja na kraj rečenice kako bi se označilo pitanje,1,0
staviti nešto u nešto,1,0
"Glasanje u kome nije poznato kako je glasao ni jedan pojedinac, ali ukupni rezultati glasanja su javni.",1,0
"mekan, sivi metal koji se koristi u legurama; ranije se zvao kolumbijum",1,0
novčana jedinica Severne Koreje,1,0
stanovnik Holandije ili poreklom iz Holandije,1,0
predvodnik orkužanih snaga,1,0
koji pokazuje ili izaziva veselje i zadovoljstvo,0,1
egipatska boginja plodnosti; sestra i žena Ozirisa,1,0
novčana jedinica Poljske,1,0
moralna ispravnost,0,1
ruda iz koje se vadi gvožđe,1,0
"glagolsko vreme kojim se označavaju radnja, stanje ili zbivanje koji će se (iz)vršiti posle vremena govorenja ili posle nekog drugog vremena na koje se misli",1,0
osoba koja ima opštu vlast nad drugima,1,0
novčana jedinica Indonezije,1,0
potomak Arapa koji su naselili Palestinu,1,0
geološka struktura pri kojoj je središnji stenski blok uzdignut između dvaju ili više paralelnih raseda,1,0
"dug i debeo komad drveta, metala ili maltera itd, koji se koristi u građevinarstvu",1,0
pravni dokument kojim se neko lice imenuje da upravlja imovinom kada je izvršilac nepoznat,1,0
teški gvozdeni alat sa drvenom ručkom i zakrivljenom glavom koja je usmerena na oba kraja,1,0
suglasnik koji se artikuliše korišćenjem obeju usana ; / p / ili / b / ,1,0
Uliti nekom hrabrost,1,0
Jevrejski praznik kojim se slavi šesti Sivan kojim se slavi Mozesovo primanje deset zapovesti,1,0
imati određene osobine u vožnji,1,0
reč koja izražava atribut nečega,1,0
ručno kolo koje se koristi za upravljanje,1,0
novčana jedinica Laosa,1,0
"U skolastici, jedna od četiri vrline koje dolaze od prirode.",0,1
utvrđeno brdovito područje između južnog Libana i južne Sirije,1,0
keks posut kristal šećerom,1,0
"posebno označiti, istaći",1,0
"u logici, iskaz koji je uvek tačan",1,0
novčana jedinica Bahreina,1,0
Gomoljasta biljka koja ima prodoran miris.,1,0
čin stvaranja pisanih dela,1,0
"Čest polivalentni nemetalni element bez ukusa i mirisa, najpoznatiji po javljanju u žutim kristalima; javlja se u mnogim sulfidnim i sulfatnim mineralima, a čak i u izvornom obliku (posebno u vulkanskim područjima).",1,0
odbijati svedočenje pozivajući se na Peti amandman,1,0
postupati prema nekome drugačije zbog njegovog pola ili rase,1,0
"that you have the financial means for; ""low-cost housing""",1,0
prirodni predmet koji liči na mašinu po strukturi i funkciji,1,0
promena ponašanja ili principa ili tačke gledišta,1,0
isključivanje iz crkve ili iz religijske zajednice,1,0
promeniti se iz tečnog u čvrsto stanje kada je hladno,1,0
"smeđe, uglavnom morske alge",1,0
"Vrsta pasiflore veličine jabuke koja raste na Karibima, centralnoj i južnoj Americi",1,0
slikovnica za decu sa crtežima namenjenim za bojenje,1,0
ljubičasto tropsko voće,1,0
uzrokovati strah,1,0
Postati otvoren.,1,0
redak paprikaš od mesa i povrća,1,0
mek srebrnkast metal; redak u zemlji,1,0
mleveno meso ili rba uvaljani u jaja i prezle i pržne u dubokom ulju,1,0
mehanički ili električni eksplozivni uređaj ili mala količina eksploziva ; može se koristiti za iniciranje reakcije razornog eksploziva,1,0
"Trava sa dugačkim cilindričnim klasjem, gaji se na severu SAD i u Evropi zbog sena.",1,0
indijski jezik kojim govori narod Šri Lanke,1,0
senzacionalističko novinarstvo,1,0
čiji prethodnik biti,1,0
pripremljena hrana za poneti,1,0
duktus kroz koji se izbacuje mokraća kod večine sisara,1,0
ponavljanje reči ili fraze kao početak sukcesivnih klauza,1,0
područje u zapadnom Atlantiku gde su navodno mnogi brodovi misteriozno nestali,1,0
Sputati pomoću brave,1,0
jabuka koja rano sazreva popularna u severoistočnoj Americi; najčešće se jede sirova ali je pogodna i za sos od jabuka,1,0
"belančevinasta materija, supstanca od koje se sastoje rožnati delovi tela",1,0
"učiniti da nešto postane sanitarno (bez bacila), npr.sterilizacijom",0,1
stanje promene,1,0
povrće koje se gaji kao hrana za stoku,1,0
"Oktopod, lignja, hobotnica,...",1,0
Imati izvesne dimenzije.,0,1
"koji pobuđuje poštovanje, divljenje ili čuđenje",0,1
postaviti pitanje nekome i očekivati odgovor,1,0
"Bumbari, ??",1,0
obožavanje svetaca,1,0
biljojedi ljiljci,1,0
zlonamerno zadovoljstvo,1,0
indonezijski jezik kojim se govori na Javi,1,0
koji ima urođenu sklonost prema dobroti,0,1
Religiozni obred ili služba koju propisuje crkvena vlast,1,0
novčana jedinica Kine,1,0
neformalan naziv za oca,1,0
kozji rogovi,1,0
tipski rod porodice Pandionidae,1,0
KG,1,0
Sedalo na klozetsko šolji pričvršćeno šarkama.,1,0
razmeniti poruke,1,0
puter napravljen od mleka jaka,1,0
kompleks prteina koji kombinuje amino-kiseline s drugim supstancama,1,0
kratki iskaz koji izlaže glavne teza na koncizan način,1,0
Sveta tajna kojom se krštenoj osobi daje potpuno uključenje u crkvu,1,0
formiranje kamena u unutrašnjim organima,1,0
tvrditi ili potvrditi,1,0
prva školska knjiga iz koje đak uči,1,0
čuga; ?hemlock fir; ?hemlock spruce,1,0
rasprava koja donosi nove tačke gledišta kao rezultat istraživanja; obično je zahtev za više akademske titule,1,0
Čin kojim se nešto čini čistim.,0,1
proširenje izgrađeno na kosom krovu u koji se smešta uspravan prozor,1,0
"meso manjeg pileta čija težina ne prelazi 2 1/2 kg, pogodno za pečenje",1,0
tpolitička i ekonosmka teorija Karla Marksa i Fridriha Engelsa koja govori da je klasna borba neophodna da bi se ostvarile istorijske promene i da će kapitalizam na ktaju biti zamenjen komunizmom,1,0
knjiga koja sadrži kalendar i prazan prostor za beleženje termina sastanaka,1,0
mladunče konja,1,0
tanki ravni komad odsečen od nekog predmeta,1,0
služba u kojoj ljudi pevaju himne i zajedno se mole,1,0
Koga se tič principi dobra i zla; koji se uklapa u standarde ponašanja i karaktera koji su zasnovani na ovim principima.,0,1
indikator za opštu orijentaciju,1,0
uređaj koji se sastoji od ručke sa slobodnim štapićem na kraju i koji se koristi u ručnom trešenju,1,0
prenosivi zaklon (obično od platna razapetog preko kolaca i pričvršćenog za zemlju pomoću užadi i klinova),1,0
osnovna novčana jedinica Sudana,1,0
Čin ukrašavanja nečega (u nadi da će od toga privlačnije izgledati).,1,0
"Familija riba koja uključuje: šaran, ????",1,0
pročišćen puter bojen lagano i začinjen sokom od limuna i peršunom,1,0
nerimovani stih (najčešće u jampskim pentametrima),1,0
pollack,1,0
okeanijski jezik kojim se govori na Havajima,1,0
reč koja se govori naglas,1,0
"kontrolisati funkciju, proces ili stvaranje pomoću računara",1,0
"delovi egzoskeleta, spoljašnjeg skeleta artropoda koji daju potporu organima a za njih su pričvršćeni i mišići",1,0
pripadnik naroda tamne kože koji su živeli U Australiji pre nego što su stigli Evropljani,1,0
izdužena pravougaona kost koja čini most nosa,1,0
u kome su slojevi jedan preko drugog,1,0
supstanca za koju se veruje da leči sve bolesti,1,0
poslastica koja se služi smrznuta,1,0
Listopadni uspravni žbun,1,0
pismo od 38 slova kojim je zapisan armenijski jezik,1,0
usisati u sebe,1,0
slatka tamno ljubičasta šljiva,1,0
podneti zahtev za šta,1,0
pasulj belog zrna; obično se za ishranu koristi suv,1,0
"indijski jezik; državni jezik Maharaštre, zapadni centralni deo Indije; pisan je devanagarijem",1,0
reprezentacija osobe (posebno u obliku skulpture),1,0
šljuka starog sveta; ptica selica kratkih nogu i dugog kljuna,1,0
drevni iranski jezik,1,0
izgubiti brzinu; kretati se sporije,1,0
prostor u velikoj zgradi koji je podeljen u zasebne jedinice,1,0
kremasti preliv koji sadrži mrvljeni plavi sir,1,0
indijski jezik kojim govori većina stanovnika Pendzaba u severoistočnoj Indiji,1,0
period od 10 godina,1,0
dugačka i često iskrivljena ljuta crvena paprika,1,0
UG,1,0
okrugli crveni koren koji se koristi u ishrani,1,0
poslovno odelo koje se sastoji od odgovarajuće jakne i suknje ili pantalona,1,0
osoba (obično žena) za koju se smtra da ima posebne moći koje potiču od đavola,1,0
vlasnik novina,1,0
pridružiti ili kombinovati,1,0
izvijena bakterija (naročito neke koje su štapičastog ili razgranatog oblika u nodulima korena kod biljaka koje su azotofiksatori),1,0
biljka iz roda Piqueria ili iz veoma bliskog roda Stevia,1,0
iskren ili hitan zahtev,1,0
crevo koje ne služi ničemu,1,0
stručnjak dodeljen osoblju diplomatske misije,1,0
kratak kritički prikaz,1,0
novčana jedinica Omana,1,0
predstava u umu u obliku ideje ili slike,1,0
"podesan za dugotrajno korišćenje, nošenje i trošenje",1,0
pronaći nečiju lokaciju,1,0
tajna reč ili fraza koju zna samo mala grupa,1,0
Pomoć u nevolji.,0,1
"Koji ima ili ukazuje na dobro zdravlje tela ili duha, kod koga nema upale ili bolesti.",0,1
duž koja spaja dve tačke na kružnici i prolazi kroz njen centar,1,0
"Promena nabolje, napredak u razvoju.",0,1
Urezati brazdu u stub,1,0
ukazati na neophodnost kakvog zahvata (u medicini),1,0
novčana jedinica Nemačke,1,0
prvi deo nekog saopštenja,1,0
skandinavski jezik koji je zvanični jezik Danske,1,0
bivša osnovna novčana jedinica Irske,1,0
palma penjačica iz Šri Lanke i južne Indije,1,0
podupirač koji se stavlja na kraj reda knjiga da bi stajale uspravno (na polici ili stolu),1,0
uređivanje elemenata u sastavu ili kazivanju,1,0
osnovna novčana jedinica Nikaragve,1,0
osnovna novčana jedinica Indije,1,0
zagovornik izolacionizma u međunarodnim pitanjima,1,0
"Jestivo voće jajastog oblika, poreklom američka tropska loza, u srodstvu sa pasiflorom",1,0
osnovna novčana jedinica Slovačke,1,0
razgnevxlen nečim nepravednim ili pogrešnim,1,0
"visoka višegodišnja trava, poreklom iz jugoistočne Azije: šećerna trska",1,0
vlaknasti amfibol;  koristi se za proizvodnju vatrootpornih proizvoda; udisanje vlakana može izazvati azbestozu ili karcinom pluća,1,0
odnos srodstva između oca i njegovog potomstva,1,0
pesma sa pričom ikoja potiče iz naroda,1,0
koristi se u nuklearnim reaktorima,1,0
tipski rod porodice Sylviidae: grmuše,1,0
Morski konjic,1,0
osnovna novčana jedinica Moldavije,1,0
student starogrčkog i latinskog jezika,1,0
Slagati se.,1,0
burito punjen goveđim mesom,1,0
servilni crnac iz romana Harriet Beecher Stowe,1,0
gubljenje sposobnosti da normalno funkcioniše,1,0
napraviti raspored; planirati vreme i mesto događaja,1,0
Imaginarni broj oblika a+bi kod koga je a=0,1,0
"ukrašavanje materijala figurama, bojama ili drugim šarama",1,0
odrednica u rečniku koja daje objašnjenje reči,1,0
sresti se,1,0
nepromenljiva reč sa specifičnom gramatičkom funkcijom; u engleskom se koristi za formiranje frazalnih glagola,1,0
stvoriti od reči,1,0
unositi zarazne klice ili njihove produkte u živo tkivo radi dijagnoze ili posticanja imuniteta,1,0
napravljena od ostatka grožđa ili jabuka nakon ceđenja,1,0
Nukleotid je osnovna jedinica građe i funkcije nukleinskih kiselina,1,0
hemikalija koja se koristi za uništavanje insekata,1,0
prva strana nekih knjiga koja sadrži samo naslov,1,0
tipski rod porodice Coccidae,1,0
štrcaljka koja podseća na pištolj za nanošenje tečnih supstanci (kao što su boje) putem prskanja,1,0
meso između vrata (glave) i grudi,1,0
vežbanje za neki javni nastup,1,0
srna,1,0
uzrokovanje da se nešto stalno pomera sa jedne na drugu stranu,1,0
prirodno i periodićno stanje odmora tokom koga se gubi svest o svetu,1,0
pustinja između Nila i Crvenog mora,1,0
pažljivo o nečemu razmišljati; vagati,1,0
Familija monokotiledona iz podklase Liliidae;?,1,0
lantanoide - srebrnobeli feromagnetni trivalentan metal,1,0
"Zaslađeno i rashlađeno piće koje se pravi od vina ili likera i voća, služi se u visokoj čaši",1,0
retki plagioklastični feldspar koji se javlja u mnogim magmatskim stenama,1,0
majmuni hvatači,1,0
"pištolj za koji se puni kroz cev i koji ima dugačko burence, ranije korišten od pešadije",1,0
Nešto što ima veličinu i može da se predstavi matematičkim izrazom pomoću konstane ili promenljive.,0,1
rečnik koji daje prevode reči na dva jezika,1,0
program koji može da se smesti u različite delove memorije u razno vreme,1,0
bitka tokom Američkog rata za nezavisnots (1777); Britanci pod rukovodstvom Burgojna su bili poraženi,1,0
koji je sklon ljubavi ili ispoljavanju ljubavi,0,1
kretati se kroz tekst da bi se videli delovi koji ne staju na ekran,1,0
koristiti točkić za izbor broja telefona,1,0
okruglo pljosnato seme,1,0
"obrok sačinjen od sendviča, sira i salate",1,0
"niz konlikata (1618-1648) između protestanata i kataloika koji je počeo u Nemačkoj a dalje se širio sve dok Fracuska, Danska i Švedska nisu ustale protiv Svetog Rimskog Carstva i Španije",1,0
pravougaoni niz elemenata raspoređenih u vrste i kolone,1,0
Osećanje velike sreće.,0,1
usoljen i sušen zid stomaka sa boka svinje,1,0
osnovna novčana jedinica Gvineje Bisao,1,0
koji zaslužuje uvažavanje i poštovanje,0,1
mustra koja se korsti za štampanje; koristi se da obezbedi zatvaranje ili autentičnost dokumenta,1,0
predmeti napravljeni od stakla,1,0
indijski jezik kojim govore stanovnici Gudžarata u zapadnoj Indiji,1,0
dekorativna značka koju nose žene,1,0
nemasno meso nekoliko vrsta riba koje se nalaze u toplim Atlantskim vodama,1,0
izvršiti obred potvrđivanja,1,0
glavni i najveći grad i luka Libije,1,0
poseban i pamćenja dostojan period,1,0
osluškivati sa namerom,1,0
mekan sivi mineral; glavna ruda antimona,1,0
tipski rod porodice Arcidae: mušule,1,0
muskogijski jezik kojim govori narod Čiksau,1,0
posuda koja je okrugla i otvorena za serviranje hrane,1,0
štrkalj čije larve prodiru u potkožno tkivo govečeta,1,0
površina koja je uspravna,1,0
program koji prevodi s jednog programskog jezika na drugi,1,0
slatkovodna riba uglavnom braon boje sa crvenim očima,1,0
"pratiti, otkriti ili utvrditi tok razvoja čega",1,0
Glodar rovaciz starog i novog sveta koji uništava useve,1,0
protozoa sa mikroskopskim izraštajima koji se šire od površine ćelije,1,0
vežbati šta,1,0
onaj koji je po moralnim kvalitetima ili izgledu nalik na anđela ili sveca,0,1
izmišljeni Englez koji putuje u nepostojeću zemlju Liliput iz satiričnog romana Džonatana Svifta,1,0
priručnik sa kratkim uputstvima,1,0
ograničiti (školarcima) pravo kretanja na spavaonicu ili kampus kao kaznu,1,0
napd kojim se odgovara na protivnički napad,1,0
"karakteristika apsolutnog vladara ili vladanja, koji ima putpunu vlast",1,0
položaj na kakvoj skali,1,0
rutina koja može da poziva samu sebe,1,0
Izjaviti za nekoga da nije kriv po krivičnim optužbama.,0,1
"dugačak kožni remen, ili od nekog drugog materijala koji služi da poveže neke stvari ili da ih drži na jednom mestu",1,0
kompozitna stena sastavljena od čestica različite veličine,1,0
osloboditi od instrukcija ili podataka,1,0
zaslađeno isušeno mleko,1,0
seckano meso pomešano sa krompirima i zapečeno,1,0
Markovljev proces kod koga su parametar diskretne vremenske vrednosti,1,0
čadski jezik kojim se govori u Čadu,1,0
zakrivljen ili savijen uređaj za kačenje ili povlačenje nečega,1,0
Čin povraćaja ili spasavanja nečeg izgubljenog (ili u opsanosti da se izgubi).,1,0
čin odvajanja ili povlačenja,1,0
iznenadna promena vlasti obično uz upotrebu sile,1,0
racers,1,0
Koji nastaje iz želje da se doprinese blagostanju ili sreći drugih.,0,1
savremeni grčki varijetet,1,0
pregovaranje između različitih naroda,1,0
germanski jezik Skandinavije do otprilike 700. godine,1,0
novčana jedinica Kipra,1,0
sudski nalog (izdavan u prošlosti)administrativnom činovniku za povraćaj imovine,1,0
"podvrći se, pretrpeti genetičku rekombinaciju",1,0
kamen koji nastaje stvrdnjavanjem mineralnih soli; nalazi se u šupljim organima ili kanalima tela,1,0
Sjedinjen ili spojen,1,0
sredstvo s kojim se nešto briše,1,0
determinator koji se odnosi na klasu entiteta koji se ne mogu jasno identifikovati ('a' u engleskom),1,0
tanki sloj na nečemu,1,0
poređati nešto kao nisku,1,0
veličina dobijena množenjem,1,0
Biti prihvatljiv ili pristao.,0,1
herpes virus koji inficira kožu i nervni sistem,1,0
kugara,1,0
prirodni žuti ili purpurno crveni pigment koji se javlja u biljnom ili životinjskom svetu,1,0
tražiti od nekoga da uradi nešto,1,0
odašiljač koji pretvara tečnost (poput parfema) u fin sprej,1,0
Skakavci sa kratkim rogovima; pravi?,1,0
podesiti razmake između reči,1,0
"zaokruženi odeljak muzičkog komada, simfonije ili sonate",1,0
udavke Starog sveta,1,0
prst na ruci na kome se obično nosi prsten,1,0
"uređaj koji prima signal ili stimulans (kao toplota, pritisak, svetlo ili poret) i odgovara na njega na odgovarajući način",1,0
peto slovo grčkog alfabeta,1,0
izderati površinu nečega,1,0
Nalaziti da je nešto zabavno ili prijatno.,0,1
Mehanički proces habanja ili mlevenja nečega (kao kada ga trunje glača).,1,0
glavni put za svaku vrstu motornih vozila,1,0
Irski pesnik i dramski pisac (1865-1939),1,0
dobiti,1,0
trka izmđe ljudi koji voze bicikle,1,0
najrasprostranjeniji savremeni indijski govor; govori se mahom na severu Indije; jedan je od zvaničnih jezika Indije (pored engleskog); obično se piše devanagarijem,1,0
nalog apelacionog suda kojim se zahteva od suda koji poseduje pisane (trajno zabeležene)postupke da navede dokumentaciju sa (tog) suđenja,1,0
(računarstvo) direktorijum koji je izlistan u nekom drugom direktorijumu,1,0
zlatnica,1,0
niz pokreta stopala koji sačinjavaju neki ples,1,0
običan fazan čije je perje živih boja a oko vrata ima beli prsten,1,0
Izumrli gmizavac koji uključuje: dinosauruse; ?plesiosaurs; ?pterosaurs; ?ichthyosaurs; thecodonts,1,0
dehidrirano obrano mleko,1,0
standardni protokol za komunikaciju između elektronskih muzičkih instrumenata i računara,1,0
mekan plavkasto-beli toksični metal; javlja se u rudama cinka,1,0
ovlašćivanje podređenih da donose određene odluke,1,0
potpuna izborna pobeda,1,0
proučavanje pravila za formiranje mogućih reči u jednom jeziku,1,0
rashlađeno mešano piće koje često sadrži alkohol i priprema se za više serviranja; servira se u činiji punč,1,0
"Koga karakteriše ili koji pokazuje prihvatanje, slaganje ili uverenost.",0,1
mleko dobijeno od krava,1,0
Nastrojen prema nečemu.,0,1
čaša napravljena od papira za jednokratnu upotrebu,1,0
Onaj koji nije običan; nije konevencionalan ili konformist.,0,1
specijalista geologije,1,0
"ući u savez, zavet",1,0
kost noge,1,0
vršiti poslove,1,0
sistemi koji se koriste za transmitovanje poruka na razdaljinu elektronskim putem,1,0
Kardinali.,1,0
"Najrasprostranjenija nedozvoljana droga, smatra se lakom drogom; sastoji se od suvog lišća idijske konplje; puši se i žvaće,.",1,0
metamorfna stena sastavljena uglavnom od amfibola i plagioklaze,1,0
farma vinove loze gde se proizvodi grožđe,1,0
mleko zgusnuto puterom i brašnom,1,0
povećanje u širinu,1,0
nemogućnost da se otplate svi dugovi kada dospeju za naplatu,1,0
tanki oštri komad metala koji je u kakav materijal kao spajalica ukucan,1,0
pretvoriti se u rastvor,1,0
"naziv cifre 6, znak koji obeležava broj šest",1,0
nanošenje telesnih povreda licu koje je osuđeno za izvršen zločin,1,0
zelena salata sa mekanim listovima koji nisu gusto raspoređeni; lako se kida,1,0
mineral koji se sastoji od skandijum itrijum silikata; izvor skandijuma,1,0
aromatični gomoljasti plod koji se koristi u ishrani ali i sveži listovi u salatama,1,0
"nemetalni univalentan halogeni element, obično žut toksičan i lako zapaljiv gas",1,0
Omotač koji treba da zaštiti nešto od oštećivanja ili povrede.,0,1
koštani izraštaj razvijen blizu gornjeg kraja femura za koji su zakačeni mišići,1,0
napisati računarski program,1,0
izbaciti sadržaj stomaka na usta,1,0
dugačko i uzano prirodno uzvišenje ,1,0
detaljni opis kriterijuma za osmišljavanje nekog dela,1,0
zvečarka,1,0
okruglo karipsko voće veličine jednog inča sa grubom zelenom kožom i slatkom sočnom providnom pulpom; jede se kao grožđe,1,0
Ptica koja se lovi iz starog i novog sveta iz familije ?; nastanjuje močvarna zemljistxa; nalikuje detliću?,1,0
"alkoholno piće pomešano sa vodom, šećerom i začinima koje se služi toplo",1,0
obožavanje đavola,1,0
slovoslagačka mašina kojom se upravlja pomoću tastature a koja izliva pojedinačna slova ili karaktere,1,0
Godišnja ili višegodišnja biljka iz tropske Azije koja ima klasove malih belih cvetova i aromatično lišće; jedna od najčešće korišćenih trava u kulinarstvu.,1,0
Stvoriti mišljenje o nečemu ili preneti stav.,0,1
vizuelni prikaz informacija,1,0
stvaranje sekvencija instrukcija koje omogućavaju računaru da nešto uradi,1,0
morski medvedi,1,0
"čvrsto prijanjajuće pantalone koje pokrivaju telo od struka do stopala i koje nose akrobate i plesači i. kao čarape, žene i devojke",1,0
zbirka basni za koju se veruje da ju je napisao Grčki pripovedač Ezop,1,0
nauka koja izučava ljudska društva,1,0
italijanska usoljena i sušena šunka koja se seče veoma tanko,1,0
dijagram koji koristi krugove za predstavljanje skupova; pozicija i preklapanje krugova ukazuje na relacije između skupova,1,0
brend za zamenu za kafu koji je izumeo C. W. Post; pravi se cikorija i prženih zrna,1,0
Status vođe.,1,0
runolist,1,0
GM,1,0
izvršiti matematičke i logičke operacije (na podacima) prema programiranim naredbama kako bi se dobile potrebne informacije,1,0
površ koju čine dva poluprečnika kružnice pod pravim uglom ipripadajući luk,1,0
Inherentni kompleks atributa koji određuju moralne i etičke akcije i reakcije osoba.,0,1
Buve,1,0
uređaj koji se sastoji od delova na kojima nešto može da se klizi,1,0
glagolsko vreme kojim se izražavaju stanja ili događaji koji su se već ostvarili,1,0
metod književne kritike kojim se analiziraju detalji teksta da bi se otkrili njegova struktura i značenje,1,0
komad govedine,1,0
"izvršenje religijske, ceremonijalne ili javne obaveze",1,0
"klizanje velikih masa snega, leda i blata niz planinu",1,0
rezime nečije akademske i poslovne prošlosti,1,0
"Domaće govedo Južne Amerike, tropske Afrike i Madagaskara s grbom od masnog tkiva",1,0
dugme kojim se aktivira računarski miš,1,0
"aromatični biljni liker zelene ili žute bpje, aromatizovan korom od narandže ili mentom; pravi se u manastiru u blizini Grenobla u Francuskoj",1,0
osnovna novčana jedinica bivše Jugoslavije,1,0
period od 40 dana do Velike subote u toku koga hrišćani strogo poste,1,0
Čin procenjivanja ili prosuđivanja.,0,1
program koji konvertuje program na asemblerskom jeziku u mašinski ejzik,1,0
zgrada u kojoj su smešteni konji i druga stoka,1,0
uređaj koji je povezan na računar i na kojem se CD-ROM može očitati,1,0
"donositi, uzeti ili izvući iz kontejnera ili ispod kakvog poklopca",1,0
komercijalna hrana koja je trenutno spremna za upotrebu,1,0
prirodna pojava koja se tiče strukture ili sastava zemlje,1,0
količina dobijena sabiranjem,1,0
obična čigra Evrope i Azije koja ima sivo i crno perje,1,0
kakav zakrivač koji služi za zaštitu privatnost ili da zadrži svetlost,1,0
"ubiti svakog desetog, kao pobunjenike u rimskim vojskama",1,0
oblik komunizma koji je u Kini uveo Mao Cetung,1,0
ponuditi tumačenje ili objašnjenje čega,1,0
Grana morfologije koja se bavi građom životinja,1,0
divljenje Engleskoj i engleskim običajima,1,0
dolina reke Loare gde se gaje mnoga Francuska vina,1,0
dodavanje informacija ili detalja,1,0
krasti dobra,1,0
oji se odnosi na logograme ili logografe,1,0
Društveni odnosi koji zahtevaju vlast ili moć.,1,0
Neko ko prede (uvrće vlakno i pravi niti).,1,0
odnos između jedinica kojim se izražava disjunktnost njihovih značenja,1,0
nepromenljivi tekst koji se koristi u toku moljenja,1,0
usvojene reči nekog govornika jezika,1,0
izjava koja nekome ili nečemu odaje priznanje,1,0
ostrvo u istočnom Mediteranu,1,0
meso mladog bakalara ili poloka ili neke druge ribe belog mesa podeljeno i očišćeno; obično se bari,1,0
dobija se mlevenjem durum brašna i koristi za izradu testenine,1,0
"onaj kojem se može ukazati poverenje, u kojeg se možemo pouzdati",0,1
kontrola nad društvom putem dominacije,1,0
Pobeda dobijena na poene kada nema nokauta (boks).,1,0
čin nasilnog oduzimanja imevine od vlasnika,1,0
alkoholno piće koje se pravi od fermentisanog kobiljeg mleka; prvobitno su ga pravili nomadi u centralnoj Aziji,1,0
uobičajeni način da se softver učini dostupnim; korisnicima je dopušteno da se prijave kao 'gosti' bez lozinke i da odatle preuzmu sve što se tamo nalazi,1,0
veštački stvoren spoj putem hemijske reakcije,1,0
Otkopčati dugmad na nečemu,1,0
novčana jedinica Gambije,1,0
dokument koji se odnosi na neko poslovanje,1,0
Rukom ili nekim predmetom izazvati udarac.,1,0
kongenitalna tendencija ka nekontrolisanom krvarenju; obično se ispoljava kod muškaraca i prenosi se sa majke na sina,1,0
uglenixani materijal dobijen zagrevanjem uglja ili druge organske materije bez prisustva vazduha,1,0
"rafinisani beli šećer oblikovan u kocke, pogodan za služenje",1,0
tkanina koja prekriva grudi ili prsa,1,0
Sporazumevati se ćutke i neverbalno; sporazumevati se jezikom znakova,1,0
tipski rod porodice Globigerinidae,1,0
uređaj koji isporučuje električnu struju kao rezultat hemijske reakcije,1,0
oblik matematičke logike u kome istinitost može da ima kontinuum vrednosti između 0 i 1,1,0
obrada podataka kod koje se određuje koje će se operacije izvršavati preko sistema prioriteta,1,0
čvrsto zgrabiti,1,0
komad metala koji se stavlja konju u usta i vezuje za uzdu da bi jahač kogao da ga kontroliše,1,0
rezime u kome se nabrajaju glavni delovi teme,1,0
napraviti elektronski zapis,1,0
"Lavovi, leopardi, jaguari, tigrovi, ??",1,0
bakalar koji se prvo usoli pa se onda suši; koristi se za tortu od bakalara,1,0
"spajanje susednih zvukova, slogova ili reči",1,0
Brod sa ravnim dnom za prenos teškog tereta (posebno na kanalima).,1,0
Prostorija opremljena mogućnostima za pranje ruku i vršenje nužde,1,0
oblik koji se krivi ili bubri napolje,1,0
"oblikovano i sušeno testo napravljeno od brašna, vode i ponekad od jaja",1,0
sposobnost da se odbiju talasi,1,0
osmo slovo grčkog alfabeta,1,0
pripadnik narodna istočne i centralne Evrope i Rusije,1,0
Otkazati ili poništiti radnju ili njenu posledicu,1,0
dodatak na đonu sportske obuće koji se sastoji od trvdog šiljka,1,0
zamenjivanje imena naslovom (titulom?),1,0
okrenuti se od; odustati,1,0
kratka prodorna buka,1,0
uputiti udarac nekome,1,0
koristiti apostrof,1,0
rabarbara,1,0
"gubiti dlaku, kožu, rogove ili perje; za životinje",1,0
"naziv cifre 9, znak koji obeležava broj devet",1,0
jumanski jezik kojim govori narod Havasupai,1,0
promena položaja nagore,1,0
Produžiti vremenski; izazvati da bude ili traje duže,1,0
popustljivost i saosećanje koje prema počiniocima kakvog krivičnog dela pokazuju lica ili agencije zadužene za sprovođenje pravde,1,0
uređaj koji se koristi za slanje signala,1,0
prezent koji se koristi kako bi se opisale prošle radnje ili stanja,1,0
"nasilno hvatanje, zarobljavanje lica",1,0
neočekivana aktivnost glumca radi postizanja dramskog efekta,1,0
odustati od kakve pozicije ili se sa nje povući,1,0
(računarstvo) datoteka namenjena čuvanju i ažuriranju rezervnih kopija,1,0
bivša osnovna novčana jedinica Holandije,1,0
uniformno kretanje bez rotacije,1,0
pokušavati saznati čije mišljenje i namere,1,0
Čin kojim se sloboda neke osobe ograniči tako što se ona zatoči,1,0
organizovan niz radnji i predstava,1,0
"ostrvska grupa u Francuskoj Polineziji u Južnom delu Tihog okeana, istočno od Samoe",1,0
zrela jalapeno čili paprika osušena za potrebe kuvanja,1,0
dodati kiseonik nečemu ili kombinovati s kiseonikom,1,0
konjski jezik,1,0
uzastopno poređan skup stvari ili događaja ili ideja u kome je svaki naredni član povezan sa prethodnim,1,0
otpor tečnosti da promeni položaj svojih molekula,1,0
novčana jedinica Irana,1,0
veštački izazvano potpuno besvesno stanje radi većih operacija,1,0
Zvanični akt suda kojim se naređuje neka činidba,1,0
novčana jedinica Kostarike,1,0
"U pravu, osoba koja potvrđuje verodostojnost dokumenta ili potpisa svojim sopstvenim potpisom",1,0
iz bivše klasifikacije,1,0
glavni deo organa ili drugih telesnih struktura,1,0
žestoko piće dobijeno fermentacijom žitarica,1,0
muzičar koji svira obou,1,0
trka izmeđo obično veoma moćnih automobila,1,0
običaj koji je dugo bio važna karakteristika neke grupe ili društva,1,0
(čin) terapije lekovima,1,0
Naknada.,1,0
Neka biljka iz porodice Araceae; ima male cvetiće,1,0
afiks koji se nalazi unutar reči,1,0
osnovna novčana jedinica Norveške,1,0
niz planina,1,0
pomiloovati obično grupu ljudi,1,0
iskaz koji je tačan,1,0
nečiji bračni drug,1,0
reč ili grupa reči koji funkcionišu kao prilog,1,0
jevrsjske knedle napravljene od brašna koje se koristi za matzo jevrejski hleb; obično se služi u supi,1,0
amfioks,1,0
jezik australijskih starosedelaca,1,0
započeti događaj koji je impliciran i ograničen prirodom ili inherentnom funkcijom direktnog objekta,1,0
iznositi tužbu pred sudom,1,0
ponašanje koje nije u skladu sa prihvaćenim standardima,1,0
dovesti do najnovijeg tehnološkog stanja,1,0
tekst koji je dodat u publikaciji; obično na njenom kraju,1,0
sindrom koji se javlja kod mnogih ženama 2 do 14 dana pre početka menstruacije,1,0
Pokazivati poštovanje.,0,1
glavni satir u službi Bahusovoj; otac Dionisijev; obicno se predstavlja kao veseli pijanac koji jaše na magarcu,1,0
u vezi sa političkim telima,1,0
"Beli prah od kalcijum sulfata od koga se sa vodom pravi semsa koja se brzo stvrdnjava; koristi se u građevini, za skulpture, u medicini kod preloma, itd.",1,0
signal koji ulazi u neki elektronski sistem,1,0
korateanski jezik naroda Karok,1,0
raditi ili funkcionisati,1,0
tibetsko-burmanski jezici kojima se govori na krajnjem severu Burme i u susednim oblastima Kine i Indije,1,0
osnivač ruskih boljševika i vođa ruske revolucije i prvi vođa SSSR-a (1870-1924),1,0
vatreno oružje koje se puni kroz cev,1,0
"blag, pljosnat luk koji raste u toplim područjima",1,0
veća dublja kašika kojom se jede supa i tečna hrana,1,0
Svaranje slika uz pomoć boja,1,0
"alkalni metal IA grupe, ima 30 izotopa čije se atomske mase nalaze između 75-98; postojan je samo jedan - 85; u prirodi se javlja i njegov izotop 87",1,0
novčana jedinica Butana,1,0
agens koji dovodi do hemijske reakcije,1,0
"primeniti, primenjivati u komponovanju zakone kontrapunkta",1,0
raspravljati o uslovima kakvog dogovora,1,0
zaslađeno piće koje sadrži gaziranu vodu i pojačivače ukusa,1,0
simptom koji se pojavljuje i postaje vidljiv,1,0
ogromno istočno indijsko voće koje podseća na hlebno drvo; njegovo semenje se najčešće peče,1,0
duhovni tekst svih hrišćanskih religija,1,0
osnovna novčana jedinica Južne Afrike,1,0
inkorporacija pridruživanjem ili ujedinjavanjem,1,0
"osoba koja smišlja, piše i testira računarske programe",1,0
isterati ili izbaciti (pljuvaču ili flegmu ili sputum) iz usta,1,0
aktivna snaga tela ili duha,1,0
Kvalitet koji pruža zadovoljstvo čulima.,0,1
bukavci,1,0
šesto slovo grčkog alfabeta,1,0
glavni i najveći grad Nigera,1,0
Načiniti napetim.,0,1
bezalkoholno piće; obično gazirano,1,0
pridržavati se praznika ili obreda,1,0
zapadnoafrički jezik kojim govori narod Volof u Senegalu; srodan je jeziku fula,1,0
"tekstil koji se koristi u domaćinstvu, obično bele boje",1,0
sporazumevati se preko pisama,1,0
jasno različit od nekog sasvim drugog ili prvog,1,0
proći prolaziti kroz proces konjugacije,1,0
polica za držanje knjiga,1,0
rodbinska veza u kojoj su dve osobe biološki povezane,1,0
upravljati (kao mašinerijom),1,0
Drveni duvački instrument koji ima dva jezička od trske,1,0
osvetljenje u prozračnom,1,0
osnovna novčana jedinica Saudijske Arabije,1,0
Igra na otvorenom koja se igra na polju određenih dimenzija,1,0
uređaj koji isporučuje električnu energiju,1,0
Stanje slobode; moć delovanja ili govora ili mišljenja bez ograda. nametnutih spolja,1,0
rezonovanje koji vodi zaključku koje je uzvedeno na bazi prethodnih zaključaka i posrednih dokaza a ne na osnovu direktne opservacije,1,0
promeniti redosled ili pozicije nečega,1,0
kamen koji se koristi za označavanje groba,1,0
listopadno ili zimzeleno nisko žbunje ili drveće,1,0
"izvršna, zakonodavna i sudska grana savezne vlade Sjedinjenih Država",1,0
najviša tačka planine,1,0
čin prikupljanja informacija,1,0
Neko ko pravi delove odeće pomoću pletenja (sa dve igle i klupkom vune).,1,0
stanovnik Argentine ili poreklom iz Argentine,1,0
Višeodišnja aromatična trava koja često formira pokrivač; iz severnih umerenih područja; stolistak,1,0
"vegetativno telo gljive (u zemlji ili na drugoj podlozi), razvijeno iz spora, sastavljeno iz gustog spleta niti, hifa",1,0
testiranje ideje,1,0
novčana jedinica Bangladeša,1,0
"Jestivo žuto voće, vrsta ""Jamajčanskih orlovih noktiju""",1,0
podrška na koju se možete nasloniti dok sedite,1,0
Jevrejski praznik žetve,1,0
Vršiti vlast nad nekim; npr. o narodima.,1,0
pojedinac ili grupa koja se bavi određenim delom privrede i pokušava da utiče na zakonodavce ili birokrate da deluju u njihovu korist,1,0
hiljaditi deo sekunde,1,0
muški valdar imperije,1,0
promena iz adsorbovanog stanja na površini u čvrsto ili gasovito stanje,1,0
Guste vlasi koje pokrivaju telo ili njegov deo (kao na glavi čoveka); pomažu očuvanju toplote.,1,0
urednik koji priprema tekst za izdavanje,1,0
"dugačak, crni turovet",1,0
čin dozvoljavanja,1,0
"primiti, primati u sebe",1,0
Učiniti čistim uklanjanjem prljavštine ili neželjenih supstanci.,0,1
ići određenim korakom,1,0
neko ko prvi ili donosi zakone,1,0
bivša osnovna novčana jedinica Estonije,1,0
Napraviti od komponenata,1,0
iskreno moliti ili tražiti nešto,1,0
zaslon na površini velikog kraja katodne cevi na kojoj se elektronski stvara,1,0
novčana jedinica Finske,1,0
svojstvo onoga što se lepi za neku površinu,1,0
period vremena koji se provede spavajući,1,0
konusno oblikovana posuda koja ima usku cijev na malom kraju i koja se koristi za usmeravanje toka supstanci u kontejner sa malim ustima,1,0
prednja i zadnja korica knjige,1,0
fiktivno ime koje se koristi kada osoba igra određenu društvenu ulogu,1,0
vođa klana ili plemena,1,0
Pokret koji je karakterističan za fluide (tečnosti i gasove).,1,0
zamišljena linija koja spaja tačke u kojima se nešto dogodilo u isto vreme,1,0
i u metaforičkom značenju,0,1
niz uređenih grupa ljudi ili stvari unutar sistema,1,0
pauza kada se neka aktivnost prekida,1,0
Institucija niza koraka kroz koje se priziva pravno delovanje,1,0
zbirka odlomaka iz književnog dela,1,0
povratak u originalno stanje,1,0
Dudovac,1,0
Grupa mačaka.,1,0
čelik čije karakteristike su određene dodavanjem drugih elemenata osim uglja,1,0
iznenadna promena unutar rečenice iz jedne sintaksičke strukture u drugu,1,0
značenje reči ili izraza; način na koji se reč ili izraz ili situacija mogu tumačiti,1,0
dugačak naoštren štap koji se koristi kao oružje,1,0
napisati drugačije; promeniti nešto što je napisano,1,0
gelski jezik kojim se nekada govorilo na ostrvu Man,1,0
novčana jedinica Sudana,1,0
"duhovit, satiričan stih koji obuhvata dve rimovane strofe i pominje poznate ličnosti",1,0
rezonovanje koje pokazuje kako zaključak logički sledi prihvaćenih premisa,1,0
"nestratifikovano tlo koje taloženjem formira glečer; sastoji se od smeše peska, gline, šljunka i oblutaka",1,0
"fleksija imenica, prideva i zamenica u indoevropskim jezicima",1,0
Akt učestvovanja u Euharistiji,1,0
komercijalni proizvodi koji sadrže većinu potrebnih sastojaka neophodnih za pripremu nekog jela,1,0
Nešto predloženo (kao plan).,1,0
anatolski jezik,1,0
iseći i sakupiti delove čega,1,0
"organ, žlezda ili mišić, koji postaje aktivan kao odgovor na nervni impuls",1,0
dugačak riblji file uvaljan u prezle i pržen,1,0
odbijanje da prepoznate nekoga koga znate,1,0
"obrtanje normalnog reda reči (kao u ""sir ja volim"")",1,0
objekat na koji neposredno utiče radnja glagola,1,0
glavni grad Bahama,1,0
uređaj koji uvećava sliku malih predmeta,1,0
utvrđenje dugačko 1500 milja izgrađeno preko severnog dela Kine u III veku pre nove ere,1,0
gajiti osećanja dubokog poštovanja i straha pred autoritetom.,0,1
unutrašnja deblja kost ljudske noge od kolena do gležnja knee and ankle,1,0
Okrenuti lice u određenom smeru,1,0
podupirač koji se sastoji od metalnih petlji u koje se smeštaju vozačeve noge,1,0
uvijuša,1,0
promeniti odeću; obući drugu odeću,1,0
znak ili znamen koji je ostavilo nešto što je prošlo,1,0
korak pri hodanju ili trčanju,1,0
apstraktna komponenta ili element,1,0
prikazivati se emitovanjem svetlosti kao zračenjem,1,0
na šta prava zadržati,1,0
egipatski bog Sunca sa glavom jastreba,1,0
jjedan od četiri jevrejska proroka iz 6 veka pre nove ere,1,0
biljka južne Evrope s bodljikavim lišćem i ruzixčastim cvetovima koja se gaji zbog jestivih listova i korena,1,0
zbirka (skup) pravnih propisa kojima se upravlja (koje važe) među državama,1,0
pridržavati se čega,1,0
područje na severoistoku Južne Amerike koje uključuje Surinam i Gvajanu,1,0
naziv (ili skraćeni naslov) knjige korišćen u zaglavlju,1,0
papir koji deluje zgužvano; obično je u boji i koristi se za dekoraciju,1,0
Izreći sud o nekome.,0,1
jastuk za podršku glave osobe koja spava,1,0
Okrugla lepinja posuta makom; pravi se od testa koje je četvrtastog oblika tako što se krajevi privuku do sredine,1,0
naklonjenost prema nečemu,1,0
odrati kožu s čega,1,0
odbacivanje činom zabrane,1,0
posluženje koje se sastoji od sendviča i garnirunga,1,0
pojedinacni hromozomi iz para homologih hromozoma se rastavljaju tokom formiranja gameta i odvajaju u posebne gameti tako da svaki gamet dobija samo jedan hromozom iz para homologih hromozoma,1,0
podarka,1,0
dravidski jezik kojim se govori u južnoj Indiji,1,0
gust sos napravljen od paradajza sa mnogim začinima,1,0
junak španske epske poeme iz XII veka,1,0
"tanka,, prozračna hartija koja obično služi za brisanje",1,0
slikovno predstavljanje i manipulacija podataka uz pomoć računara,1,0
karaktera koja počinje tačkom iza koje slede jedno ili više alfanumeričkih simbola; drugi deo imena datoteka na MS PC računarima,1,0
koji oseća ili ispoljava veliko uzbuđenje ili zainteresovanost,0,1
Tkanina istkana od lanenih niti.,1,0
Stvoriti mišljenje o nečemu; suditi oprezno; napraviti procenu.,0,1
goveđa pečenica,1,0
irokeški jezik kojim govori narod Oneida,1,0
"mineral koji je izvor retkih lemenata; sastoji se od silikata gvožđa, berilijuma, cerijuma. itrijuma i erbijuma",1,0
izvršenje smrtne kazne nad osuđenim licem,1,0
osnovna novčana jedinica Švedske,1,0
"dugačka, masna haringa malo usoljena i kratko dimljena",1,0
raditi kao vozač,1,0
"Čin udaranja lopte palicom, reketom ili rukom (sport).",1,0
"zaoštrena alatka za pisanje, crtanje ili graviranje",1,0
određena količina eksploziva koja je spremljena tako da eksplodira u tačnom trenutku,1,0
radikal koji koristi teror kao političko oružje - obično se sa drugim teroristima udružuje u male ćelije; često koristi religiju da zamaskira svoje terorističke aktivnosti,1,0
pojava iz gramatike latinskog - imenica i njen modifikator koji funkcionišu kao modifikatori rečenice,1,0
osnovna novčana jedinica Libije,1,0
"najmanja suverena država na svetu, sedište Pape i Rimokatoličke crkve, steka nezavisnost od Italije 1929",1,0
nedostatak brige za dobrobit drugih,1,0
Predmet koji stoji na putu (i mora se ukloniti ili preći ili zaobići).,1,0
grana nauke koje izučava društvo i odnose jedinki u njemu,1,0
izmišljeni slon koji se pojavljuje u mnogim francuskim knjigama za decu,1,0
karakter koji služi da označi unakrsnu referencu ili fusnotu,1,0
prokuvane zelene paprike najčešće punjene punjene pirinčem i mesom i kratko pečene,1,0
imati sastanak da bi se o nečemu razgovaralo,1,0
strma neravna stena ili litica,1,0
zgrada na farmi,1,0
pretvoriti se u žele,1,0
odeća za ruke: pokriva ruku i zglob,1,0
naneti nekome nepravdu,1,0
novčana jedinica Tanzanije,1,0
usmeriti ili postaviti; tražiti odgovor na šta,1,0
anatolski jezik,1,0
privremeno prebivalište vojske,1,0
potpora ili temelj,1,0
religijski obrok koji se deli kao znak ljubavi ili prijateljstva,1,0
turkijski jezik kojim govore Čuvaši,1,0
"uzorak :3, mustra :1 mali deo neÄega koji se shvata kao predstavnik celine",1,0
Događaj gorenja (često destruktivnog).,1,0
Familija gljiva čiji ???,1,0
"oblik društvene organizacije u kojoj je žena glava porodice, a loza se prati preko ženske linije",1,0
zbir vrednosti podeljenih brojem vrednosti,1,0
oružje koje koriste vojne ili pomorske snage,1,0
program koji se koristi za pregled HTML dokumenata,1,0
novčana jedinica Mozambika,1,0
žena imperator ili žena imperatora,1,0
Porodica arbovirusa koju prenose artropode (zglavkari).,1,0
EC,1,0
pripadnik naroda koji žive na jugu Benina i Togoa i na jugoistoku Gane,1,0
Koji se kreće.,0,1
škrtost koja proizilazi iz brige za sopstvenu dobrobit i nepoštovanje drugih,1,0
zabeležiti pokrete u plesu pomoću sistema znakova,1,0
"najjednostavniji alkohol (CH_3OH), bezbojna vrlo otrovna tečnost, dobija se suvom destilacijom drvetal",1,0
naći nešto kopanjem zemlje,1,0
objekat uveden predlogom,1,0
odsustvo osećanja,1,0
"zamenica (kao 'koji' ili 'čiji') kojom se odnosna rečenica uvodi u imeničku sintagmu, pri čemu upućuje na centar te sintagme",1,0
(računarstvo) prozor za aktivnu aplikaciju,1,0
kada nema jednakosti,1,0
tajno uvoziti zabranjenu robu ili robu na koju se ima platiti carina,1,0
Sloboda od sumnje; vera u sebe i svoje sposobnosti.,1,0
spoljašnji pokrivač ili omotač,1,0
podešavanje koje dovodi do toga da se nešto dešava ili ponavlja usaglašeno,1,0
Učiniti lepšim.,0,1
torba od papira ili plastike u koju se obično stavlja kupljena roba,1,0
Zabava koja drži pažnju.,0,1
pročišćen puter bojen polako braon bojom i začinjen sirćetom ili limunovim sokom i kaparom,1,0
novčana jedinica Kube,1,0
svaki racionalan ili iracionalan broj,1,0
majonez sa belim lukom,1,0
stanovnik Brazila ili poreklom iz njega,1,0
riba toplih mora; telo ribe išarano je raznim bojama od svetlozelene do tamno crvene,1,0
"Karlični položaj je položaj bebe u materici zadnjicom ili nogama nadole, odnosno kada se u donjem delu materice napipavaju zadnjica ili noge ploda, i sreće se prosečno kod 3-4 odsto žena. Samim tim dolazi do karličnog porođaja.",1,0
okrugao plod sa hlebnom teksturom mesa; jede se kuvan ili pečen,1,0
prebaciti datoteku ili program s jednog računara na neki drugi,1,0
zašiljeni deo gramofona kojim se proizvodi zvuk kada on prelazi preko udubljenja na disku koji se okreće potrebnom brzinom,1,0
oslonac na koji mogu da se stave stvari,1,0
oštar zvuk koji proizvode male ptice ili insekti,1,0
tipski rod porodice Sturnidae: običan čvorak,1,0
Jupiterov epitet,1,0
naspramne stranice knjige ili neke druge publikacije,1,0
reprezentativni oblik ili obrazac,1,0
turkijski jezik kojim govore Uzbeci,1,0
"Loša vremenska prilika sa vetrovima od 64 do 72 čvora (11 po Boforovoj skali) sa padavinama, grmljavinom i sevanjem.",1,0
Nešto urađeno (obično suprotno od nečeg rečenog).,1,0
(računarstvo) datoteka koja sadrži podatke koji služe kao ulaz u uređaj ili program,1,0
firma koja se bavi poslovima izdavanja,1,0
piće koje osvežava,1,0
krompir koji se peče i služi sa ljuskom,1,0
uobičajen beo ili bezbojan mineral - kalcijum sulfat dihidrat - koji se koristi za proizvodnju cenementa,1,0
novčana jedinica Azerbejdžana,1,0
koji oseća ili izražava radost i veselje,0,1
ptica pevačica s ćubom na glavi,1,0
slaganje u licu između zamenica i glagola,1,0
virus koji izaziva velike boginje kod ljudi; može da se koristi kao biološko oružje,1,0
pegava pastrmka evropskih reka; preneta i u Severnu Ameriku,1,0
švajcarski sir sa velikim rupama,1,0
sladoled sa ukusom vanile,1,0
primiti u grupu ili zajednicu,1,0
Misirski bog Sunca; brat i muž Izide; otac boga Hora,1,0
Spojen ili vezan.,0,1
brza promena mesta,1,0
pregovarati o uslovima razmene,1,0
Godišnje i vošegodišnje drvenaste biljke iz urenih područja; gušarka.,1,0
sivo-belo meso list ribe,1,0
izlaz relativno u odnosu na ulaz; količina koja prolazi kroz sistem od ulaza ka izlazu (posebno kod računarskih programa u nekom periodu vremena),1,0
"niska ostrva između Severne i Južne Amerike, popularno letovalište",1,0
učiniti nešto mogućim preko neke specifične akcije,1,0
propadati ili se raspadati,1,0
svojstvo vezano za vreme,1,0
čin vraćanja aktivnosti i značaja nečemu,1,0
posveta na nadgrobnoj ploči ili spomeniku u sećanje osobu sahranjenu na tom mestu,1,0
Onaj koji ima veliku moć ili silu ili snagu ili uticaj.,0,1
položaj studenta,1,0
izumrla vrst aguštera: ichthyosaurs,1,0
okrugao predmet koji se koristi kao igračka,1,0
glavni grad Pakistana,1,0
"Koji je u skladu sa fiksiranim redosledom, procedurom ili principom.",0,1
"precizno pravilo, ili skup pravila, koje specifikuje kako treba rešiti neki problem",1,0
uređaj za dešifrovanje kodova i šifara,1,0
Tipski rod porodice Soricidae: rovke,1,0
mesnato tkivo koje okružuje usta,1,0
crvenkastosmeđ; uglavnom o kosi,1,0
nemogućnost prisustva,1,0
prethodna pojava ili uzrok ili događaj,1,0
neformalni izrazi za novac,1,0
strukture tela kojoj oblik daje hrskavica,1,0
dijakritički znak (-) koji se stavlja iznad vokala kako bi označio dug zvuk,1,0
čadski jezik kojim se govori u Čadu,1,0
dvostruki sloj peritoneusa koji se drži za stražnji zid trbušne duplje i pridržava tanko crevo,1,0
proizvodnja biljaka ili životinja,1,0
prijatno i površno uzbuđujući,0,1
popis stanovništva,1,0
obezbediti računarima,1,0
blok zemaljine kore koji je ograničen rasedima i pomeren tako da formira vrhove planinskog područja,1,0
higrometar koji pokazuje varijacije relativne vlažnosti atmosfere,1,0
drvo od ariša,1,0
osnovna novčana jedinica Kostarike,1,0
Specijalna grupa koja je delegirana da razmotri neku stvar.,0,1
skandinavski jezik kojim se govori u Norveškoj,1,0
novčana jedinica Egipta,1,0
"napraviti strateški, agresivan napad na neprijatelja, protivnika ili metu",1,0
"naziv cifre 4, znak koji obeležava broj četiri",1,0
koji koristi ili sadrži previše reči,1,0
lanac dugačak oko 400 milja od preko 200 ostrva na zapadu središnjeg Tihog okeana,1,0
odvratno prljav; prekriven ili zamazan kakvom odvratnom tvari,1,0
"koga zadovoljiti ili šarmirati, obično da bi se na njega uticalo",1,0
korisnici usluga zbirno (?),1,0
pisana procena književnog rada,1,0
Imati poverenje ili veru u nekoga.,0,1
Liturgijska molitva koja počinje ovim latinskim rečima,1,0
"Kojim se lako upravlja, koji ustupa.",0,1
uspravna struktura koja deli ili odeljuje,1,0
mandast tokom kojeg se drži određena pozicija,1,0
(računarstvo) datoteka koji sadrži podatke koji predstavljaju izlaz iz uređaja ili programa,1,0
horizontalna ravna površina prekrivena asfaltom,1,0
posebno prostorno uređenje,1,0
osoba koja zagovara verovanja i mišljenja kojih se ne drži,1,0
"Zeljaste biljke iz Evrope, Severne Amerike i Azije: makovica",1,0
privlačenje supstance hemisorpcijom,1,0
knjiga ili sveščica koja sadrži zadatke i prazan prostor za unošenje rešenja,1,0
osnovna novčana jedinica Papue Nove Gvineje,1,0
membrana u uvetu koja vibrira na zvuke,1,0
praktikovati šamanizam,1,0
karakter koji služi da označi unakrsnu referencu ili fusnotu,1,0
administrativna jedinica u kojoj je sedište savezne vlade,1,0
evolucija ili geneza ljudske rase,1,0
silabičko pismo koriščeno na Kritu u 13. veku pre nove ere,1,0
politički organizovana celina,1,0
opaliti ili se isprazniti,1,0
pravougaoni komad upijajuće tkanine (ili papira) za sušenje ili brisanje,1,0
kljunari,1,0
komad nameštaja sa površinom za pisanje i obično ladicama i drugim pregracima,1,0
javna isprava koju država izdaje svom državljaninu za putovanje u inostranstvo i povratak u domovinu,1,0
mleko od životinje jak; melo je ružičaste boje,1,0
"sadrži pileće, drugo meso ili sir pored povrća i zeleniša",1,0
"Zeljasta ili grmolika, zimzelena ili listopadna biljka, godišnja ili višegodišnja biljka;?",1,0
veličina i opšti izgled publikacije,1,0
novčana jedinica Danske,1,0
Gajiti nežna osećanja prema nekome.,0,1
završno otpuštanje pritiska sakupljenog tokom okluzivne faze pri izgovoru okluzivnih suglasnika,1,0
veštačka oprema koja kruži oko Zemlje ili Meseca,1,0
"poslastica koja se sprema od karamelizovanog šećera, jaja i mleka, a peče se u rerni",1,0
knjiga belih stranica sa džepovima ili kovertama; za organizovanje zbirki fotografija ili maraka,1,0
novčana jedinica Malte,1,0
"voziti se preko, duž i kroz šta",1,0
događaj u koem se nešto premešta bez rotacije,1,0
predstava nečega; obično u manjim razmerama,1,0
zagovornik maoizma,1,0
piće napravljeno od dva ili više sastojaka,1,0
grbica koja raste u čistim barama i potocima,1,0
pripadnik grupe Jevreja koji su u vreme ranog hrišćanstva prihvatili Hrista kao mesiju,1,0
posuđe za kuvanje,1,0
sredstvo ili napravo čiji je zadatak da spreči začeče,1,0
turkijski jezik kojim govore Turci,1,0
blato ili glina ili sitan kamen koje talože reka ili jezero,1,0
Čin u kome nešto gori,1,0
porodica jezika kojom govore Karibljani,1,0
"pripremiti za objavljivanje ili prezentaciju korigujući, prerađujući ili adaptirajući",1,0
kravajac,1,0
mineral koji se sastoji od stroncijum karbonata,1,0
Britanski pisac (rođen u Irskoj) (1856-1950).,1,0
junak koji je poznat po svojoj snazi; obavio je 12 velikih zadataka da bi postao besmrtan,1,0
režuha,1,0
"zadati niz koraka, deo većeg računarskog programa",1,0
žalostan zbog gubitka ili uskraćenosti,1,0
najduža i najdeblja kost ljudskog kostura; ide od kuka do kolena,1,0
relacija koja postoji kada se stvari odvijaju istovremeno,1,0
osoba čije političke pozicije odgovaraju političkom centru,1,0
kvalitet onoga što ima veliku cenu,0,1
"dugačak konopac, vezan u čvor, koji se koristi za lov na životinje",1,0
Zaokupiti na prijatan ili zabavan način.,0,1
čin odlaska,1,0
promena agregatnog stanja iz jednog u drugo bez promene hemijskog sastava,1,0
Tropske biljke,1,0
Keks koji sadrži seckani badem; uglavnom je u obliku polumeseca,1,0
instrukcija koja prekida program koji se izvršava i predaje kontrolu supervizoru,1,0
Muholovke iz novog sveta; ?antbirds; ?oven birds; ?woodhewers,1,0
doktrina koju prihvataju sledbenici enke filozofije,1,0
koristiti ili pomerati,1,0
"Čin prisustvovanja (na sastanku, i sl.)",1,0
posuda sa vodom za krštenje,1,0
ploča koja je izgravirana,1,0
urediti i korigovati (pisani ili štampani materijal),1,0
Stanje zadovoljstva jer nema bolesti.,0,1
prirodna količina tekuće vode koja teče po zemlji ili pod njom,1,0
drvena struktura koja se sastoji od uspravne grede sa poprečnom letvom,1,0
novčana jedinica Tajlanda,1,0
"način na koji vesti predstavljaju novinari novina, radija i televizije",1,0
"Zadovoljno stanje sreće, zdravlja i prosperiteta.",0,1
posude za kuvanje od emajliranog čelika,1,0
Raniji naziv za Čanophyta,1,0
Misa koja se čita bez muzike,1,0
novčana jedinica Libana,1,0
aritmetička operacija koja se obavlja na brojevima u pokretnom zarezu,1,0
Rusomača,1,0
odnosi se na tip rečenice ili glagolskog oblika kojim se izražava pitanje,1,0
oruđe pomoću koga se pokreće i usmerava čamac,1,0
tamno zeleno tropsko voće veličine kivija sa belim mesom; najviše se koristi za džemove i zimnicu,1,0
bavarski krem okružen piškotama,1,0
