X,Predicted,Real
Okrutni poslodavac koji od zaposleni traži da prekomerno rade.,0,1
zrela jalapeno čili paprika osušena za potrebe kuvanja,1,0
Prošireno značenje; posebno se odnosi na psihološku hladnoću; bez ljudske topline i emocija.,0,1
trka između timova; svaki član trči ili pliva deo staze,1,0
Neko ko operiše nervni sistem (posebno mozak).,1,0
kugara,1,0
strah od nepoznatog ili od donošenja odluka,1,0
zakrivljeni komad elastičnog drveta sa napetim kablom za izbacivanje strela,1,0
"lanac ostrva koji uključuje Boreno, Sulavesi, Javu i Sumatru",1,0
"Jestivo žuto voće, vrsta ""Jamajčanskih orlovih noktiju""",1,0
koji nešto potvrđuje,1,0
dodatak koji se preliva preko nekog jela,1,0
opaziti slušajući,1,0
grana biologije koja proučava biljke,1,0
trosložna metrička stopa u kojoj je samo prvi slog naglašen,1,0
supstanca ili jedinjenje koje se dodaje da bi se izazvala hemijska reakcija,1,0
stanje sumorne žalosti,0,1
konzsitentnost kompaktnih čvrstih tela,1,0
Proizvodnja hrane pripremom zemlje da donosi rod (u poljoprivredi).,1,0
doktrina koju prihvataju sledbenici enke filozofije,1,0
literarna proza koja sadrži dosta mašte i fantazije,1,0
"Prokariotski organizmi koji se ponekad smatraju klasom, kolom ili podkraljevstvom; poklapaju se sa porodicom Čanophyceae",1,0
naziv za više vrsta morskih puževa koji se koriste u ishrani,1,0
tajna reč ili fraza koju zna samo mala grupa,1,0
nezavisna hrišćanska crkva ustanovljena 300 g. pod uticajme rimske i vizantijske tradicije,1,0
mnogougaonik sa četiri strane,1,0
odnos između anafore i njenog antecedenta,1,0
sirovi grašak malog zrna,1,0
"dugačka, masna haringa malo usoljena i kratko dimljena",1,0
najčešći tip očvrsle lave; gusta tamno siva fino zrnasta magmatska stena sastavljena uglavnom od kalcijumom bogate plagioklase feldspara i piroksena,1,0
kratak deo književnog ili dramskog dela koji ćini deo povezane serije,1,0
turkijski jezik kojim govore Karakalpaci,1,0
determinator koji se odnosi na klasu entiteta koji se ne mogu jasno identifikovati ('a' u engleskom),1,0
sticanje nečega plaćanjem,1,0
koji ispoljava žalost,0,1
strma neravna stena ili litica,1,0
"pokrivač za glavu konja; uključuje oglav, žvale i uzde koje jahaču ili vozaču daju kontrolu",1,0
šarena ptica koja se hrani lešnicima i orasima,1,0
ER,1,0
Sastoji se od svih živih glavonožaca osim porodice Nautilidae: redovi Octopoda (hobotnice) i Decapoda (lignje),1,0
"Najveća severnoamerička reka; izvire na severu Minesote, teče na jug i uliva se u Meksički zaliv",1,0
sposoban za korektno i validno rezonovanje,1,0
najstariji bog; predstavlja beskonačnost prostora koji je prethodio nastanku sveta,1,0
pokušati uzavreti javno mnjenje,1,0
trka izmeđo obično veoma moćnih automobila,1,0
čin uklanjanja nečega,1,0
novčana jedinica Angole,1,0
novčana jedinica Avganistana,1,0
primeniti silu tako da se izazove kretanje prema izvoru kretanja,1,0
uglačana površina koja stvara slike odbijajući svetlo,1,0
obrub koji se koristi za ukrašavanje odeće ili zavesa,1,0
redak sos napravljen od fermentiranih zrna soje,1,0
osobina atraktivno tanke osobe,1,0
"Turčin, pripadnik plemena Osmana I",1,0
najveći pingvin s Antarktika,1,0
"slatkovodna, mala riba iz porodice Centrarchidae, nemasnog mesa",1,0
okeanijski jezik kojim se govori na Fidžiju,1,0
iskaz koji je tačan,1,0
neučestvovanje u sporu ili ratu,1,0
turkijski jezik kojim govore Turci,1,0
imperator Rimskog carstva,1,0
jaja mućena sa mlekom ili pavlakom i pržena dok nisu gotova,1,0
prva strana nekih knjiga koja sadrži samo naslov,1,0
posuda za kuvanje koja se sastoji od ravnog pravouganog metala koji se koristi za pečenje kolača,1,0
biti podvrgnut promeni ili razvoju,1,0
bivša osnovna novčana jedinica Finske,1,0
eksplozivna naprava koja eksplodira pri kontaktu; napravljena da uništava voyila ili brodove,1,0
Čin prljanja nečega.,0,1
"Drveće i žbunje koje ima plod u vidu bobica, koštunica ili čaura; ponekad se smešta u red Oleales: masline i ??",1,0
kost noge,1,0
položaj sudije,1,0
zgrada u kojoj su smešteni konji i druga stoka,1,0
sloj tla između gornjeg sloja zemlje i stenovite podloge,1,0
priručnik koji obično ide uz tehnički uređaj i koji sadrži uputstva o njegovom stavljanju u upotrebu ili rad,1,0
Močvarna biljka umerenih područja,1,0
čin raskidanja nekog kontinuiteta,1,0
obojiti prugama ili mrljama različitih nijansi,1,0
novčana jedinica Bolivije,1,0
posuđe sastavljeno od kompletnog seta (srebro ili posuđe) za upotrebu za stolom,1,0
"Karlični položaj je položaj bebe u materici zadnjicom ili nogama nadole, odnosno kada se u donjem delu materice napipavaju zadnjica ili noge ploda, i sreće se prosečno kod 3-4 odsto žena. Samim tim dolazi do karličnog porođaja.",1,0
Javno prikazivanje ili zabava.,1,0
Nukleotid je osnovna jedinica građe i funkcije nukleinskih kiselina,1,0
"čvrsto prijanjajuće pantalone koje pokrivaju telo od struka do stopala i koje nose akrobate i plesači i. kao čarape, žene i devojke",1,0
slepaši,1,0
čvrsto telo koje se formira učvršćivanjem hemijske supstance i ima veoma pravilnu atomsku strukturu,1,0
žuta Pipin jabuka sa karakterističnim ukusom,1,0
lična nezavisnost,1,0
međunarodna organizacija evropskih država formirana posle Drugog svetskog rata da bi se smanjile trgovinske barijere i povećala saradnja među članicama,1,0
zadržavati ili sprečiti da ode,1,0
Koji sledi prihvaćene običaje i pristojnost.,0,1
onaj koji nije stalan ili postojan,0,1
jumanski jezik kojim govori narod Diegeno,1,0
prihvatiti nekoga u versaku zajednicu,1,0
"aromatični biljni liker zelene ili žute bpje, aromatizovan korom od narandže ili mentom; pravi se u manastiru u blizini Grenobla u Francuskoj",1,0
"napeta avanturistička priča, pozorišni komad ili film",1,0
dodatak predstavljati,1,0
Igra na otvorenom koja se igra na polju određenih dimenzija,1,0
pročišćen puter bojen lagano i začinjen sokom od limuna i peršunom,1,0
izjava koja objašnjava,1,0
izbijati upadljivo iz nečega,1,0
osnovna novyana jedinica mnogih zemalja; 1 franak je jednak 100 santima,1,0
pritisak koji ostvaruje atmosfera,1,0
novčana jedinica Sirije,1,0
privremena vlada koja su u stranu zemlju prebacili ili u stranoj zemlji formirali izgnanici koji se nadaju da će doći na vlast kada njihova zemlja bude oslobođena,1,0
posuda u kojoj se jelo služi ili iz koje se jede,1,0
skandinavski jezik koji je zvanični jezik Islanda,1,0
prirediti interlinearni prevod reči ili izraza,1,0
oštra strana koju obrazuje presek dveju površina nekog predmeta,1,0
personalni računar koji može lako da se prenosi i nosi u ruci,1,0
Kvalitet nekog ili nečega što ima slabiju ili manje poželjnu poziciju.,0,1
glavni i najveći grad Etiopije,1,0
GT,1,0
Osećati bol.,0,1
kome nedostaje dobrog raspoloženja,0,1
metoda za analiziranje ili predstavljanje statističkih podataka,1,0
osoba iz vaše zemlje,1,0
pregovaranje između različitih naroda,1,0
koji oseća nadolazeću opasnost,0,1
zamišljena linija koja povezuje tačke koje imaju isti barometarski pritisak u datom trenutku,1,0
Čin primene (koji daje praktična sredstva da se nešto postigne).,1,0
odbacivanje činom zabrane,1,0
"drvenasta penjačica, obično tropskih predela",1,0
poslovanje koje obezbeđuje usluge turistima,1,0
poljoprivredna zgrada u kojoj su smeštena pernata živina,1,0
svaki čulni organ koji je hemijski stimulisan,1,0
monarhija na čijem je čelu gralj ili kraljica,1,0
"viski destilovan iz kaše od kukuruza, slada i raži, čuvan da odstoji u ugljenisanim hrastovim bačvama",1,0
promena pravca u kome se nešto kreće,1,0
vremenski period tokom koga nešto mora da se uradi ili završi,1,0
osećati zadovoljstvo zbog nečega,1,0
ugovor o konstituisanju (stavljanju) hipoteke,1,0
"glavni i najveći grad moderne države Izrael; sveti grad Jevreja, Hrišćana i Muslimana; bio je prestonica starog carstva",1,0
strmi visoki obronak ili stena,1,0
bambusi,1,0
prst na stopalu,1,0
odbrana protiv gubitka,1,0
okarakterisan zlobom,0,1
počistiti metlom ili kao metlom,1,0
čin prihvatanja i odobravanja; povoljan prijem,1,0
žut ili narandžastocrven pigment koji proizvode biljke,1,0
unutrašnja noseća struktura koja objektu daje oblik,1,0
preneti ili izraziti značenje,1,0
izmišljeni detektiv iy romana A. K. Dojla,1,0
Koji je otrovan ili proizvodi otrov.,0,1
objekat na koji neposredno utiče radnja glagola,1,0
"brak sa osobom koja ne pripada vašem plemenu ili grupi, kao što to zahteva običaj ili zakon",1,0
"tečnost koja se koristi ya štampanje, pisanje ili crtanje",1,0
Okrenuti lice u određenom smeru,1,0
novčana jedinica u Gvineji,1,0
stručnjak za mitologiju,1,0
Prostorija opremljena mogućnostima za pranje ruku i vršenje nužde,1,0
pomornik i?,1,0
utvrđeni sistem simbola koji se koristi za zapisivanje nečega,1,0
penutski jezik kojim govori narod Kostano,1,0
slatkovodna riba iz reda šarana,1,0
vizuelni prikaz informacija,1,0
koščato meso ribe koja liči na haringu; obično se hvata tokom migracije u slatke vode radi mrešćenja,1,0
čitanje ili brzo pregledanje,1,0
ploča koja je izgravirana,1,0
(poetski) muka,0,1
nestandardni varijetet američkog engleskog kojim govore neke crnačke zajednice u SAD,1,0
ponašati se na nekontrolisan način,1,0
tibetsko-burmanski jezici kojima se govori na krajnjem severu Burme i u susednim oblastima Kine i Indije,1,0
u pravu; teritorija unutar koje se može vršiti vlast,1,0
lečenje bolesti (posebno kancera) izlaganjem radioaktivnim supstancama,1,0
dugače trkaće saonice sa sistemom za upravljanje,1,0
prenosiva pravougaona putna torba za nošenje odeće,1,0
horizontalna ravna površina prekrivena asfaltom,1,0
bronhije i pluća,1,0
nastaviti nakon prekida,1,0
(računarstvo) sektor ili grupa sektora koji funkcionišu kao najmanja dozvoljena jedinica podataka,1,0
ćelija iz koje se razvija nervna ćelija,1,0
zamenica koja izražava razlike u licu,1,0
pomorandža sa slatkom sočnom pulpom; često sa tankom korom,1,0
kratak komad,1,0
uvući vazduh,1,0
"uređaj koji prima signal ili stimulans (kao toplota, pritisak, svetlo ili poret) i odgovara na njega na odgovarajući način",1,0
"Najmanja formalna litostratigrafska jedinica, koja se može izdvojiti na osnovu litoloških kriterijuma (ekvivalent u vulkanskim izlivnim stenama; tečenje - ""flow"").",1,0
prekrivači za krevet,1,0
koji ne pripada snagama sopstvene zemlje ili snagama saveznika,0,1
ćelija iz koje se razvija kost,1,0
integrisano kolo koje je ugrađeno u čip ili polu provodnik; u stvari više sistem nego pojedinačna komponenta,1,0
kuhinjski aparat koji služi za pečenje ili grilovanje hrane,1,0
podgrupa uto-astečkih jezika kojom se govori mahom na jugozapadu SAD,1,0
majonez sa belim lukom,1,0
meso je ispečeno pre dinstanja,1,0
utvrđen broj stihova koji formira jedinicu pesme,1,0
naredba da se neko pojavi lično na određenom mestu u određeno vreme,1,0
ulje dobijeno ceđenjem maslina,1,0
jezik Apača,1,0
tajno uvoziti zabranjenu robu ili robu na koju se ima platiti carina,1,0
odnos intenziteta signala prema intenzitetu šuma,1,0
Biljke koje imaju ?umbels ili ?corymbs cvetova s jednim prašnikom; uključuje Umbelliferae (uglavnom trave) i Cornaceae (uglavnom drveće i žbunje.),1,0
four o'clocks,1,0
Ptica koja se lovi iz starog i novog sveta iz familije ?; nastanjuje močvarna zemljistxa; nalikuje detliću?,1,0
novčana jedinica Pakistana,1,0
težak crvenkast mineral koji se sastoji od sulfida žive; glavni izvor žive,1,0
podregija koja obuhvata jugozapanu Aziju sa Egiptom,1,0
glavni i najveći grad Ruande,1,0
šnicla pohovana prezlama i jajima,1,0
kremasti preliv koji sadrži mrvljeni plavi sir,1,0
dravidski jezik kojim se govori pretežno u centralnoj Indiji,1,0
obrada podataka kod koje se određuje koje će se operacije izvršavati preko sistema prioriteta,1,0
hemijsko jedinjenje koje lako oslobađa kiseonik,1,0
tekst koji prethodi glavni tekst knjige,1,0
propadati ili se raspadati,1,0
rameni deo svinje često dimljen,1,0
dodavanje informacija ili detalja,1,0
kraljica olipjskih bogova u grčkoj mitologiji; Zevsova sestra i žena; ljubomorna na mnoge smrtnice u koje se Zevs zaljubio; u rimskoj mitologiji joj odgovara boginja Junona,1,0
posude za kuvanje od emajliranog čelika,1,0
endoskopska metoda ispitivanja organa u maloj karlici kod žena,1,0
"koji misli najgore o ljudskoj prirodi i motivima; koji ima podrugljivu nevericu u, npr. u nesebičnost drugih",0,1
odlučiti sa autoritetom,1,0
predstava onoga što je percipirano; osnovna komponenta u formiranju koncepta,1,0
"analiza svih aspekata projekta, zajedno sa načinima za prikupljanje podataka o radu njegovih delova",1,0
uređivanje elemenata u sastavu ili kazivanju,1,0
"tvrd, svetložuti sir s puno rupa kakav se pravi u Švajcarskoj",1,0
veličina dobijena množenjem,1,0
stanovnik Španije ili poreklom iz Španije,1,0
uređaj nalik na praćku koji se koristi u raznim primitivnim društvima za izbacivanje strelica ili kopalja,1,0
prozorska zavesa koja se povlači s puta,1,0
razvijati se u pozitivnom smeru,1,0
suspenzija radijskog ili TV prenosa,1,0
čvrsti sladoled koji se sastoji od 3 ili 4 sloja različite boje i ukusa,1,0
komunikacija pomoću prenetih signala,1,0
točak koji se okreće direktnim delovanjem vode - jednostavna turbina,1,0
dravidski jezik kojim se govori pretežno u istočnoj Indiji,1,0
"okluzivni konstant artikulisan oslobađanjem pritiska na glotisu, kao pri iznenadnom početku vokala",1,0
"standardno vreme u 5. vremenskoj zoni zapadno od Griniča, računato na 75. meridijanu; koristi se u istočnim Sjedinjenim Državama",1,0
usrećiti ili zadovoljiti,1,0
naziv pod kojim je poznata kakva geografska lokacija,1,0
jasno različit od nekog sasvim drugog ili prvog,1,0
retki plagioklastični feldspar koji se javlja u mnogim magmatskim stenama,1,0
mišić koji približava deo tela ka centralnoj osi,1,0
draguljima optočen ukras za glavu koji označava vlast,1,0
muskogijski jezik kojim govori narod Čokto,1,0
Koji ne može da se desi ili ostvari ili s kojim se ne može rukovati.,0,1
"svaki pisani simbol koji predstavlja glas, slog, morfemu ili reč",1,0
podudarnost u stavovima ili mišljenju do koga je došla grupa kao celina,1,0
izvijena bakterija (naročito neke koje su štapičastog ili razgranatog oblika u nodulima korena kod biljaka koje su azotofiksatori),1,0
"Zeljasto bilje, žbunje i malo drveće: pamuk",1,0
Ugljeno gorivo koje se dobija destilacijom uglja,1,0
meso sa nogu živine,1,0
krompir koji se sprema tako što se peče u rerni,1,0
porodica jezika kojom govore Karibljani,1,0
vratiti,1,0
glavni deo organa ili drugih telesnih struktura,1,0
sijuski jezik kojim govori narod Tutelo,1,0
izbaciti veliki deo rukopisa,1,0
veličina izražena brojem,1,0
"posno belo meso ribe slične bakalaru ali manja; može da se peče, pošira ili kratko dinsta ili prži kao filet",1,0
preparat koji se koristi za čišćenje nečega,1,0
glavni grad Zapadne Samoe,1,0
"nastati, početi postojati",1,0
prevući kalajem,1,0
lajati visokim tonom,1,0
ponavljanje istog značenja različitim rečima,1,0
prekrstiti nekoga (učiniti znak krsta preko nekoga) da bi se nad tom osobom prizvala Božija zaštitila,1,0
novčana jedinica Sejšela,1,0
"zaoštrena alatka za pisanje, crtanje ili graviranje",1,0
priznanje od strane koledža ili univerziteta da je kakav kurs uspešno završen - obično meren brojem časova nastave,1,0
"veštačka smola dobijena polimerizacijom uretana, služi za izradu trvdih, otpornih plastičnih masa",1,0
anatolski jezik,1,0
uređivanje koje podrazumeva da se nešto ponovo napiše,1,0
Nešto što se duguje.,1,0
rekreativni objekat koji uključuje bazen za vodene sportove,1,0
"dugačka, tanka, morska riba koja se nalazi duž istočne obale Severne Amerike",1,0
uslužni program koji prikazuje instrukcije i rezultate izvršavanja nekog drugog programa,1,0
tamno crvena ili crnkasta slatka trešnja,1,0
biti uzrok nečega,1,0
tanak oštri instrument koji se koristi za uzimanje,1,0
logička kapija koja daje izlaz samo kada svi ulazi postoje,1,0
jabuka koja se primarno koristi u kuvanju,1,0
determinator koji određuje specifičnost referencije imeničke sintagme,1,0
puter napravljen od mleka jaka,1,0
"polaze iz kičmene moždine (ili u nju ulaze) i glavni su nosioci somatskog  nervnog sistema; ima ih 31 par; jedan spinalni živac je funkcionalno uglavnom mešovit, što znači da sadrži aferentna i eferentna vlakna; Motorna (eferentna) vlakna polaze iz prednjeg roga kičmene moždine, aferentna vlakna ulaze ukrštena preko spinalne ganglije u zadnji rog kičmene moždine",1,0
koji nije veseo niti izaziva veselje,0,1
Rod tropskog drveća ili puzavica koje obično imaa široko-krilne?,1,0
Oružani sukob protiv neprijatelja.,0,1
obred koji se izvodi prilikom smrti ili sahrane,1,0
raditi ili funkcionisati,1,0
obavljati dužnost ili držati položaj; služiti u posebnoj funkciji,1,0
običaj koji je dugo bio važna karakteristika neke grupe ili društva,1,0
are,1,0
učiniti nešto mogućim preko neke specifične akcije,1,0
Sedište za jahača na konju.,1,0
uređaj za podizanje teških ili kabastih predmeta,1,0
korišćenje reči koje imitiraju zvuk koji označavaju,1,0
Čine je samo manati,1,0
"koristi se za osećaj fizičke toplote; onaj koji ima povišenu temperaturu, ili temperaturu višu od poželjne",1,0
bambus,1,0
poljoprivredna mašina kojom se žanje žito,1,0
tibetsko-burmanski jezik kojim se govori u severoistočnoj Indiji i susednim oblastima zapadne Burme,1,0
osnovna novčana jedinica Pakistana,1,0
automatska obrada podataka kod koje su prikupljanje podataka i drugi koraci obrade integrisani u koherentan sistem,1,0
utvrđeno tako da rezultat nije više sumnjiv ni upitan; definitivno poznat,1,0
projekat od ličnog interesa za nekoga,1,0
novčana jedinica koja je deo (obično stoti) osnovne novčane jedinice,1,0
novčana jedinica Libana,1,0
slovoslagačka mašina kojom se upravlja pomoću tastature koja svaki red izliva kao jedan mašinski red,1,0
komad govedine,1,0
"biti uplašen, plašiti se",0,1
helenska grana indoevropske jezičke porodice,1,0
sadrži nedovoljno materijala ili nema dovoljno značaja,1,0
tačka preseka pravih ili tačka nasuprot osnovi figure,1,0
"proći trening ili obuku radi pripreme za određenu ulogu, funkciju ili profesiju",1,0
pričvrstiti šivanjem; syiti,1,0
novčana jedinica Kazahstana,1,0
razmeštanje ili raspoređivanje ljudi ili stvari pravilno i uredno,1,0
društvena klasa koja je najniža u društvenoj hijerarhiji,1,0
prirodno i periodićno stanje odmora tokom koga se gubi svest o svetu,1,0
Sedalo za jednu osobu sa potporom za leđa.,1,0
testenina dugačkih tankih pljosnatih traka koja je šira je od špageta i uža od fetućina,1,0
korišćenje računara za prevođenje s jednog jezika na drugi,1,0
način predstavljanja glasova u jednom jeziku pomoću pisanih ili štampanih simbola,1,0
Imaginarni broj oblika a+bi kod koga je a=0,1,0
na-dene jezik naroda Haida,1,0
proučavanje geografske rasprostranjenosti životinja ili biljaka,1,0
čin prerađivanja nečega,1,0
čiji prethodnik biti,1,0
kvalitet koji ima nešto što ima veliku vrednost ili cenu,1,0
ruska reka u Sibiru; teče na sever i uliva se u Severno ledeno more,1,0
Koji dovodi (pričinjava) fizičku neudobnost.,0,1
prenos toplote ili elektriciteta ili zvuka,1,0
turkijski jezik kojim govore Turkmeni,1,0
naučno izučavanje jezika,1,0
dramski rad namenjen glumcima za izvedbu na sceni,1,0
dugačka i često iskrivljena ljuta crvena paprika,1,0
antropolog koji se bavi etnografijom,1,0
MA,1,0
prostor u kome važe Euklidove definicije i aksiome; metrički prostor koji je linearan i konačno-dimenzionalan,1,0
osnovna novčana jedinica Nikaragve,1,0
bantu jezik,1,0
"savetodavna, zakonodavna, upravna ili sudska skupština",1,0
izričito odobravanje čega,1,0
okrenuti se od; odustati,1,0
obična čigra Evrope i Azije koja ima sivo i crno perje,1,0
hebrejski koji se danas koristi u Izraelu; poreklom je iz drevnog hebrejskog,1,0
osoba ili firma koja zapošljava radnike,1,0
uređaj za dešifrovanje kodova i šifara,1,0
mali crveni ili žuti paradajz,1,0
Stanje biti nezaposlen ili nemati posao.,0,1
Srediti ili ispraviti; o teškoćama ili problemima,1,0
tipski rod Procellariidae,1,0
korekcioni kod koji je zapisan na svakom sektoru magnetnog diska i koristi se da uhvati greške u podacima,1,0
entitet koji se realizuje imenicom ili imeičkom frazom u klauzi ili rečenici,1,0
oblast u Italiji na ostrvu Sicilija,1,0
"Veliko zimzeleno drveće i žbunje iz južne Evrope i sa zapada Severne Amerike: drvo jagoda, maginja",1,0
odvojiti ili izolovati jednu stvar od druge i smestiti je grupu drugih stvari,1,0
krompir koji se peče i služi sa ljuskom,1,0
varijantna forma grafeme - kao 'm' i 'M',1,0
stavka koja se umeće u pisani zapis,1,0
napustiti svoja uverenja ili veze,1,0
"raširen, razbacan ili podeljen",1,0
"dugačak, beli turovet",1,0
dijakritički znak (~) koji se stavlja iznad slova n u španskom kako bi se označio palatalni nazalni zvuk ili koji se stavlja iznad vokala u portugalskom kako bi se označila nazalizacija,1,0
pasaž ili izraz koje se navodi ili citira,1,0
Struktura koja prekriva ili čini vrh građevine,1,0
jedan zahtev,1,0
knjiga koja sadrži kalendar i prazan prostor za beleženje termina sastanaka,1,0
senzacionalističko novinarstvo,1,0
društvena grupa unutar nacionalne kulture koja ima svojstvene obrasce ponašanja i verovanja,1,0
cifra u broju za koju se pouzdano zna da je tačna,1,0
drvena struktura koja se sastoji od uspravne grede sa poprečnom letvom,1,0
novčana jedinica Papue Nove Gvineje,1,0
trka izmđe ljudi koji voze bicikle,1,0
Poklapa se sa rodom Ceratophyllum: voščika (rastavić),1,0
biljka nalik travi koja raste u vlažnim predelima sa cilindričnom šupljom stabljikom,1,0
novčana jedinica Lesota,1,0
koristi se kao eksploziv i za veštačka đubriva,1,0
brend za zamenu za kafu koji je izumeo C. W. Post; pravi se cikorija i prženih zrna,1,0
jezik kojim govori narod Tupi u Brazilu i Paragvaju,1,0
važna riba severnih mora (posebno Atlantika) koja se lovi i koristi ca ishranu,1,0
kontrola nad društvom putem dominacije,1,0
peščani sprud,1,0
nametanje obaveza pod pretnjom primene sile,1,0
dugačak naoštren štap koji se koristi kao oružje,1,0
stanovnik Kube ili poreklom sa nje,1,0
čin utvrđivanja osobina nečega,1,0
"tčin dovođenja nečega do najvećemoguće tačke, vrednosti ili pozicije",1,0
Lak mekan srebrnobeli element iz grupe alkalnih metala; brzo oksidira na vazduhu i reaguje burno s vodom; ima ga u prirodi u velikim količinama u mešavinama u morskoj vodi i ???,1,0
kvalitet da je šta opšte ili široko rasprostranjeno ili da ima opštu primenljivost,1,0
lanac ostrva koji čini jednu Indonežansku provinciju istočno od Jave; uključuje Bali i Timor,1,0
sudbina koja prede nit života,1,0
ukras ili dekoracija na odeći,1,0
Koji nema ili ne obavlja funkciju.,0,1
stvaranje sekvencija instrukcija koje omogućavaju računaru da nešto uradi,1,0
osnovna novčana jedinica Južne Koreje,1,0
tipski rod porodice Pandionidae,1,0
znak koji govori da su poštanske usluge plaćene,1,0
uobičajeni način da se softver učini dostupnim; korisnicima je dopušteno da se prijave kao 'gosti' bez lozinke i da odatle preuzmu sve što se tamo nalazi,1,0
prirodni predmet koji liči na mašinu po strukturi i funkciji,1,0
obožavanje đavola,1,0
irokeški jezik kojim govori narod Oneida,1,0
"ostrvska grupa u Francuskoj Polineziji u Južnom delu Tihog okeana, istočno od Samoe",1,0
organsko jedinjenje koje sadrži amino-grupu,1,0
testiranje ideje,1,0
"vegetativno telo gljive (u zemlji ili na drugoj podlozi), razvijeno iz spora, sastavljeno iz gustog spleta niti, hifa",1,0
"smeđe, uglavnom morske alge",1,0
pesma sa pričom ikoja potiče iz naroda,1,0
prost protein koji se nalazi u rožastima tkivima i sočivu oka,1,0
Osećanje averzije ili antipatije.,0,1
"okrugla dilatacija ili proširenje u kanalu, sudu ili organu",1,0
zamišljena linija koja spaja tačke u kojima se nešto dogodilo u isto vreme,1,0
"sladak, zelen ili beli liker sa ukusom mente",1,0
predstavnik radničke zajednice,1,0
provrteti rupu u nečemu,1,0
preparat koji se koristi za čišćenje nečega,1,0
Lisice,1,0
Nepravedno postupanje prema nekoj osobi ili grupi na osnovu predrasuda.,0,1
leđa i bokovi svinje usoljeni i sušeni ili dimljeni; obično tanko sečeni i prženi,1,0
osvetljenje u prozračnom,1,0
program koji se koristi u biblioteci,1,0
pravougaona zona u gradu okružena ulicama koja obično sadrži nekoliko zgrada,1,0
prdavac,1,0
učestvovati u pravnim procesima,1,0
"čadski jezik kojim se govori u severnoj Nigeriji, blizak jeziku hausa",1,0
"Jastrebi, ležinari Starog sveta, orlovi, ??",1,0
osnovna novčana jedinica Turske,1,0
"Neko ko pravi modele (za šivenje, stolarske radove i sl.)",1,0
odašiljač koji pretvara tečnost (poput parfema) u fin sprej,1,0
tipski rod porodica Glareolidae: čcičavac zmijavac,1,0
"oblik društvene organizacije u kojoj je žena glava porodice, a loza se prati preko ženske linije",1,0
objekat uveden predlogom,1,0
drvena ili plastična ploča na kojoj se mesi testo za hleb,1,0
ozloglašenost zbog neke posebne karakteristike,1,0
uređaj koji prepliće dve ili više aktivnosti,1,0
odnos izmeđe dve različite vrste organizama koje su nezavisne ali jedna od druge ima koristi,1,0
čaša napravljena od papira za jednokratnu upotrebu,1,0
"koncizno objašnjenje značenja reči, fraza ili simbola",1,0
"na primer, premazati oluke lanenim uljem",1,0
istaknuti aspekat nečega,1,0
Jupiterov epitet,1,0
Čista nezaslađena čokolada koja se koristi za kuvanje (za pravljenje kolača).,1,0
u klasičnoj mitologiji bog muške plodnosti i zaštitnik bašti i vinograda,1,0
tradicionalna priča usvojena kao istorija; služi da objasni svetonazor ljudi,1,0
prirodna količina tekuće vode koja teče po zemlji ili pod njom,1,0
nalog kojim se ovlašćuje policija da uhapsi osumnjičenog i izvede ga pred sud,1,0
čin dozvoljavanja,1,0
ručni alat sa teškom krutom glavom i ručkom koji se koristi da sprovede silu udaranjem,1,0
čin posredovanja,1,0
kancelarijski nameštaj koji se sastoji od ladice za držanje papira u redu,1,0
mađarsko vino koje se pravi od grožđa tokaj,1,0
uređaj koji uvećava sliku malih predmeta,1,0
publikacija koja čini deo niza ili serije,1,0
Drveni duvački instrument koji ima dva jezička od trske,1,0
nakit za ukrašavanje uva; obično se prikačinje na ušnu duplju ili pričvršćuje kroz rupu u režnju,1,0
Godišnja i višegodišnja travnata biljka umerenih područja severne polulopte i Južne Amerike: ječam.,1,0
"testo od jaja, mleka i brašna koje se tanko nalije u podmazan tiganj i ispeče s obe strane",1,0
jezik australijskih starosedelaca,1,0
novčana jedinica Perua,1,0
osećanje velikog (obićno preteranog) ushićenja,1,0
"onaj kojem se ne može ukazati poverenje, u koga se ne možemo pouzdati",0,1
uzak izdužen otvor između dva simetrična dela,1,0
"zakrivljenost obale, manjih razmera",1,0
baza podataka o rečima,1,0
Potez kao u fudbalu,1,0
membrana u uvetu koja vibrira na zvuke,1,0
iznenadni masovni strah i nespokojstvo zbog očekivanih događaja,1,0
"slatko aromatično francusko vino (crno ili belo), pije se uglavnom kao aperitiv (zaštičeno ime)",1,0
(računarstvo) upotreba mikroračunara sa grafičkim mogućnostima za proizvodnju štampanih materijala,1,0
biljka južne Evrope s bodljikavim lišćem i ruzixčastim cvetovima koja se gaji zbog jestivih listova i korena,1,0
supstanca koja ima svojstvo ili sklonost da apsorbuje drugu supstancu,1,0
Koji nije nezavisan.,0,1
prirodni otac ili majka,1,0
ugovor o prenosu lične svojine,1,0
koji je označen beznadežnošću ili ispoljava beznadežnost,0,1
make larger,1,0
napraviti elektronski zapis,1,0
stići kamo i ukrcati se,1,0
"indijski jezik; državni jezik Maharaštre, zapadni centralni deo Indije; pisan je devanagarijem",1,0
beli mineral; ruda cinka,1,0
tečnost u kojoj se kuvaju povrće ili meso,1,0
dug vremenski period,1,0
bitka u kojoj učestvuju bar dve vojne sile,1,0
kopija koja se predstavlja kao da je original,1,0
Savezna država SAD-a u centralnom Pacifiku na Havajskim ostrvima,1,0
zaplena od strane države,1,0
fonemi ili niske fonema koje čine različite alomorfe nekog morfemaheme,1,0
Koji nije potreban.,0,1
BD,1,0
sportska grana koja razvija dobru vožnu biciklom ili motociklom,1,0
poreklom s Kanarskih ostrva i Azorksih ostrva; ima žuto perje i lepo peva,1,0
kvadratna matrica koja se koristi za rešavanje sistema jednačina,1,0
Onesposobiti kretanje nekom tako što se smesti unutar nekih granica.,0,1
izraziti zahvalnost ili pokazati poštovanje,1,0
Nauka o sistematskoj klasifikaciji,1,0
biti jako tužan,0,1
alkoholno piće koje se pravi od fermentisanog kobiljeg mleka; prvobitno su ga pravili nomadi u centralnoj Aziji,1,0
"(krivično pravo) pravnosnažna,osuđujuća presuda u krivičnom postupku sa dosuđenom kaznom",0,1
činjenje dobra; osećaj dobrotvornosti,1,0
mašina koja simulira neko okruženje radi obuke ili istraživanja,1,0
"biljka sa tankim, belim stabljikama koje nose tamno-zelene listove i formiraju zdužene glavice",1,0
odnos srodstva između oca i njegovog potomstva,1,0
Elemenat koji se u prirodi nalazi u mineralu berilu,1,0
osnovna novčana jedinica Jermenije,1,0
šastanski jezik kojim govori narod Šasta,1,0
"oglašavati se (kao vetar, voda ili vozila)",1,0
kapu koja odgovara i vunena je i pokriva celu glavu osim lice,1,0
baterija koja se sastoji od električnih elemenata povezanih serijski ili paralelno koja generiše slabu struju,1,0
na prljav i nečist način,0,1
mustra koja se korsti za štampanje; koristi se da obezbedi zatvaranje ili autentičnost dokumenta,1,0
novčana jedinica Bugarske,1,0
hulmani,1,0
razlikovna karakteristika ili atribut,1,0
glagolsko vreme kojim se izražavaju stanja ili događaji koji su se već ostvarili,1,0
predstava telesnog oblika (posebno osobe),1,0
početak renesanse u Italiji,1,0
novčana jedinica Moldavije,1,0
servilni crnac iz romana Harriet Beecher Stowe,1,0
korak pri hodanju ili trčanju,1,0
poslastica od jabuka uvijenih u testo koja se peče,1,0
mineral koji se sastoji od skandijum itrijum silikata; izvor skandijuma,1,0
postići dupli poen; osvojiti dve baze jednim udarcem (u bejzbolu),1,0
"u logici, iskaz koji je uvek tačan",1,0
aritmetička operacija koja se obavlja na brojevima u pokretnom zarezu,1,0
Zrikavci,1,0
osnovna novčana jedinica Vijetnama,1,0
Dati izjavu pod zakletvom; izjaviti pod zakletvom.,1,0
ostrvo u istočnom Mediteranu,1,0
pokrenuti silom,1,0
viski ilegalno destilovan iz kukuruzne smeše,1,0
smestiti u spremište za čuvanje slogova,1,0
osoba koja kupuje ili koristi dobra ili usluge,1,0
Religiozni obred ili služba koju propisuje crkvena vlast,1,0
"Stanje neaktivnosti (u poslovanju, umetnosti, itd.)",1,0
merenje količine toplote,1,0
sredstvo za čišćenje metenjem; snop slamki ili grančica prikačenih na dugačku ručku,1,0
"Psoglavi majmun iz zapadne Afrike, izgled mu je ružan i odvratam; brada mu je žuta, a obrazni nabori plavi; bxuška i zdnjični žuljevi cu crveni.baboon of west Africa with red and blue muzzle and hindquarters",1,0
evolucija ili geneza ljudske rase,1,0
organ koji je smešten na ili pri površini tela,1,0
Svaranje slika uz pomoć boja,1,0
reč koja je nastala iz dve ili više reči izostavljanjem ili kombinovanjem nekih zvukova,1,0
označiti kao kakvim znakom,1,0
tukani,1,0
Udariti nogom,1,0
"alkalni metal IA grupe, ima 30 izotopa čije se atomske mase nalaze između 75-98; postojan je samo jedan - 85; u prirodi se javlja i njegov izotop 87",1,0
novčana jedinica Severne Koreje,1,0
odbiti ulazak ili članstvo,1,0
naglo zaokrenuti; iznenada promeniti smer,1,0
Glodar rovaciz starog i novog sveta koji uništava useve,1,0
svetlosni mikroskop koji se sastoji od jednog konveksnog sočiva koji se koristi za proizvodnju uvećane slike,1,0
Predavač na nekim univerzitetima čija se predavanja sastoje u čitanju i obradi pročitanog (obično za podučavanje stranih jeyika).,1,0
novčana jedinica Paragvaja,1,0
proporcija između dva dela duži (ili dve dimenzije figure u ravni) takva da je kratka:dugoj=dugoj:(kratka+duga),1,0
prva školska knjiga iz koje đak uči,1,0
dijakritički znak (-) koji se stavlja iznad vokala kako bi označio dug zvuk,1,0
posmatrati kao okom,1,0
veća dublja kašika kojom se jede supa i tečna hrana,1,0
sindrom koji se javlja kod mnogih ženama 2 do 14 dana pre početka menstruacije,1,0
prezent koji se koristi kako bi se opisale prošle radnje ili stanja,1,0
Biserka,1,0
kontinentalna zemlja u jugocentralnoj Africi; BW,1,0
Veliki rasprostranjen rod krupnih dlakavih trava sa belim?,1,0
"uzorak :3, mustra :1 mali deo neÄega koji se shvata kao predstavnik celine",1,0
bivša osnovna novčana jedinica Francuske,1,0
"Azijska reka između Kine i Rusije, uliva se u Ohotsko more",1,0
Žive u planinskim predelima južne i istočne Afrike.,1,0
shematski ili preliminarni plan,1,0
Ženka lava,1,0
geološka struktura pri kojoj je središnji stenski blok uzdignut između dvaju ili više paralelnih raseda,1,0
švajcarski sir sa malim rupama,1,0
blato ili glina ili sitan kamen koje talože reka ili jezero,1,0
događaj u koem se nešto premešta bez rotacije,1,0
uređaj koji isporučuje električnu struju kao rezultat hemijske reakcije,1,0
diskriminacija ili zlostavljanje pripadnika druge rase,1,0
uklonite spoljni pokrivač ili omotač s čega,1,0
birači koji biraju predstavnika za svoje područje,1,0
Britanski tajni agent 007 iz romana Jana Fleminga,1,0
koji izaziva osećanje užasa,0,1
ostrvo u Indijskom okeanu kod istočne obale Afrike; pripada Republici Tanzaniji,1,0
"tibetsko-burmanski jezik kojim se govori na Tibetu i Nepalu, u Butanu i Sikimu",1,0
mineral koji se sastoji od stroncijum sulfata,1,0
povezivanje simbola u niz jedan za drugim,1,0
osoba ili firma koja zapošljava radnike,1,0
čadski jezik kojim se govori u Čadu,1,0
kretati se unazad i od čega se udaljavati,1,0
niz dela koji teži određenom cilju,1,0
Osećanje velike žalosti povezano sa gubitkom ili lišavanjem.,0,1
"Tipski rod porodice Polygalaceae; krestušac, ???",1,0
(računarstvo) blok (obično jedan sektor) koji ne može pouzdano da čuva podatke,1,0
"blag, kremast, holandski sir žute boje; okruglog je oblika",1,0
svojstvo onoga kome nedostaje živost,0,1
novčana jedinica Bangladeša,1,0
bez nade ili skoro bez nade,0,1
"Neko od brojnih drveća, žbunja ili povijuša iz porodice Rubiaceae",1,0
pantalone koje su kraće od normalne dužine,1,0
"Zaprljati, onečistiti.",0,1
najvažnija klasa rakova,1,0
odnosi se na društva kojima nedostaje kapital za industrijalizaciju,1,0
Sputati pomoću brave,1,0
svaka ptica koja se oglašava pesmom,1,0
Koji na sebi ima prljavštinu ili nečistoću.,0,1
niz uređenih grupa ljudi ili stvari unutar sistema,1,0
"širok, ravan deo tela, kao što su leđa ili jezik",1,0
"neposredno pre ili posle, kao u lancu uzroka i posledica",1,0
kolekcija i izučavanje poštanskih maraka,1,0
nagnuti jedan prema drugom kako bi formirali korito,1,0
preći u ležeći položaj,1,0
testo za hleb,1,0
"Anturium, filodendron,??",1,0
severoistočni iranski jezik kojim se govori u Rusiji,1,0
Nešto predloženo (kao plan).,1,0
muški valdar imperije,1,0
firma koja se bavi poslovima izdavanja,1,0
CA,1,0
osoba uključena u trgovačke ili industrijske poslove,1,0
Gomoljasta biljka koja ima prodoran miris.,1,0
kosti lobanje koje okružuju usta i služe da ih otvore; kosti koje nose zube,1,0
slatka jabukovača zagrejana sa začinima i citrusima,1,0
dobiti ili izvući,1,0
zglob koji se slobodno pokreće čije su kosti tako nameštene da omogućavaju pokretanje u jednoj ravni,1,0
jedinica kapaciteta koja je jednaka 10^{-12} jednog farada,1,0
Onaj kome nedostaje moć.,0,1
"Metvulja, ?horsemint, ?beebalm",1,0
oduzeti kakvo zaduženje od koga,1,0
"način kojim se radnja ili stanje predstavljaju ne kao činjenice, već kao nešto neizvesno ili moguće",1,0
odlaziti i koga ne povesti sa sobom,1,0
prirodna akumulacija bitumena na površini zemlje; često funkcioniše kao zamka za životinje čije se kosti tako očuvaju,1,0
menjati lokaciju pomeranjem unapred i unazad,1,0
ukloniti površinski sloj sa čega,1,0
novčana jedinica Letonije,1,0
praktičan metod ili veština primenjeni na neki specifičan zadatak,1,0
pomoć nekoj stvari ili politici ili interesima,1,0
novčana jedinica Malte,1,0
umetnost oblikovanja ili modelovanja (rezbarije i skulptura),1,0
raketa koja je napravljena da iz aviona gađa neki cilj na zemlji,1,0
irokeški jezik kojim govori narod Onondaga,1,0
glavni i najveći grad Papue Nove Gvineje,1,0
anatolski jezik,1,0
oduzeti ili ukloniti,1,0
nefinitni oblik glagola koji se u nekim jezicima ponaša kao njegov osnovni oblik,1,0
Rod biljaka sa mahunom koja sazreva ispod zemlje (kikiriki).,1,0
neko ko piše romane,1,0
organizacija ljudi (ili zemalja) uključenih u pakt ili ugovor,1,0
predvodnik orkužanih snaga,1,0
Koji nije u skladu sa metodama ili principima nauke.,0,1
tvar koja trpi brzu hemijsku promenu (uz proizvodnju gasa) kada se zagreje ili udari,1,0
pridržavati se čega,1,0
dugačko usko brdovito područje,1,0
Velika (glavobolja).,0,1
Lazarkinja,1,0
BT,1,0
predsedavajući na kakvoj savetodavnoj skupštini,1,0
naslov ili podnaslov članka u novinama,1,0
novčana jedinica koja se koristi u kraljevini Tonga,1,0
polica za držanje knjiga,1,0
uniformno kretanje bez rotacije,1,0
ravnopravna razmena,1,0
Velika tuga uzrokovana gubitkom voljene osobe (posebno smrću).,0,1
otvor na sredini lica cipele,1,0
napisati ili izgvoriti slova koja zajedno čine kakav konvencionalno prihvaćeni sled (reč ili deo reči),1,0
slatko aromatično grožđe koje se koristi za grožđice i vino,1,0
novčana jedinica Norveške,1,0
popustljivost i saosećanje koje prema počiniocima kakvog krivičnog dela pokazuju lica ili agencije zadužene za sprovođenje pravde,1,0
bitka između pomorskih flota,1,0
municija koja se sastoji od cilindričnog punjenja koje sadrži eksploziv i metke; ispaljuje se iz puške ili pištolja,1,0
čin traženja pomoći od koga,1,0
"ukinuti, čega uništenje ili opoziv uzrokovati",1,0
reprezentacija koja se sastoji od scenografije i drugih sredstava koja se koriste za identifikaciju lokacije kakve dramske produkcije,1,0
Kokoti i ??,1,0
(računarstvo) operacija pristupa informacijama iz memorije računara,1,0
javna plesna dvorana gde se pleše uz snimljenu muziku,1,0
kompatibilnost opservacija,1,0
unutrašnji deo organa ili strukture kod biljaka ili životinja,1,0
udavke Starog sveta,1,0
završno otpuštanje pritiska sakupljenog tokom okluzivne faze pri izgovoru okluzivnih suglasnika,1,0
potvrda da se neka činjenica ili iskaz tačni,1,0
Tkanina istkana od lanenih niti.,1,0
leksikograf koji se specijalizuje za etimologiju,1,0
kuhinjski pribor kojim se seče testo da bi se dobio željeni oblik,1,0
(računarstvo) operacije čitanja ili pisanja uskladištenih informacija,1,0
dokaz identiteta; nešto što utvrđuje osobu ili stvar,1,0
isterati ili izbaciti (pljuvaču ili flegmu ili sputum) iz usta,1,0
"znak interpunkcije (:) koji se koristi nakon reči koja najavljuje nabrajanje, primer ili neko objašnjenje (može se javiti i nakon pozdrava u poslovnom pismu u engleskom)",1,0
"najmanja suverena država na svetu, sedište Pape i Rimokatoličke crkve, steka nezavisnost od Italije 1929",1,0
mašina koja konvertuje kodirani tekst u običan jezik,1,0
avion sa jednim parom krila,1,0
nekastrirane odrasle muške ovce,1,0
mandat koji se daje vladi i njenoj politici putem izborne pobede,1,0
postaviti između dve površine i primeniti težinu ili pritisak,1,0
zagovornik izolacionizma u međunarodnim pitanjima,1,0
podesiti razmake između reči,1,0
Koji nije savršen; defektan ili neadekvatan.,0,1
mišići abdomena,1,0
kome stranu držati; uz koga stati; za koga snažnu podršku izraziti,1,0
Uništiti ili oštetiti na nasilan način.,0,1
klavijatura sa žicama koje se trzaju trzalicom,1,0
lagani obrok,1,0
konzorcijum nezavisnoih organizacija sačinjen da bi se ograničila konkurencija i kontrolisala proizvodnja i distribucija porizvoda i usluga,1,0
javni službenik ovlašćen da odlučuje o pitanjima koja se iznose pred sud,1,0
Nešto što se nudi (kao predlog ili zahtev).,1,0
meso mladog bakalara ili poloka ili neke druge ribe belog mesa podeljeno i očišćeno; obično se bari,1,0
zastareli nazivi za Čanophyceae,1,0
podupirač koji se postavlja između pokretnih delova da bi im omogućilo lakše kretanje,1,0
"ostrvska država na ostrvima privetrine, stekla nezavisnost 1979",1,0
Biljka koja se penje ili uvija:?,1,0
"Oktopod, lignja, hobotnica,...",1,0
oglasiti se putem vazduha proteranog kroz cev,1,0
izazvati ili odvratiti ili pretiti,1,0
novčana jedinica Alžira,1,0
"postepeno prelaziti u određeno stanje, preuzimati određenu osobinu ili atribut; postajati",1,0
uska i tanka drvena traka koja se koristi kao podloga za gips ili izradu rešetki,1,0
posebna veličina i stil unutar jedne familije slova,1,0
Koji nije intelektualan.,0,1
Elegantni preživar iz starog sveta sa dugim nogama i rogovima koji nagore i unazad: uključuje gazele i ??,1,0
razmena gde trgovinu hartijama od vrednosti vrše profesionalni brokeri,1,0
usvojene reči nekog govornika jezika,1,0
kamen koji nastaje stvrdnjavanjem mineralnih soli; nalazi se u šupljim organima ili kanalima tela,1,0
bivša osnovna novčana jedinica Irske,1,0
laki obojeni mineral koji se sastoji od kristala kalcijum magnezijum karbonata; koristi se za proizvodnju keramike,1,0
goveđa pečenica,1,0
Postati zatvoren.,1,0
osnovna novčana jedinica Slovačke,1,0
jjedan od četiri jevrejska proroka iz 6 veka pre nove ere,1,0
"Prolivati suze zbog tuge, besa ili bola.",0,1
Nejasna ideja u koju se uključuje neko poverenje,1,0
"Kolač koji se služi uz kafu; može da sadrži pomorandžinu koru, suvo grožđe i badem",1,0
volujac,1,0
pokrenuti učitavanje (operativnog sistema) i započeti inicijalne procese,1,0
pojačati ili smanjiti intenzitet,1,0
odvojen deo celine,1,0
Institucija niza koraka kroz koje se priziva pravno delovanje,1,0
učiniti javnim,1,0
gorušica; kupus; karfiol; repa; brokola itd.,1,0
Blitva,1,0
Postati demokratičniji (za naciju).,1,0
sredstvo napravljeno da ulepša telo,1,0
sastavni deo legura koji se dobija kada se atomi elementa ugrade u kristale metala,1,0
čemakuanski jezik kojim govori narod Čemakum,1,0
KP,1,0
zbirka knjiga,1,0
niz brojeva kod kofga je svaki broj zbir prethodna dva,1,0
uzrokovati da šta radi ili funkcioniše,1,0
"male, masne ribe; obično su konzervirane",1,0
deo ili odeljak putovanja,1,0
uglenixani materijal dobijen zagrevanjem uglja ili druge organske materije bez prisustva vazduha,1,0
distilled from fermented molasses,1,0
odnos srodstva između pojedinca i njegovih predaka,1,0
izumrla grana indoevropske jezičke porodice poznata iz zapisa i značajna za rekonstrukciju praindoevropskog,1,0
"dugačka, obično formalna, ženska haljina",1,0
amfioks,1,0
tamnosivi oblak koji donosi kišu,1,0
"gubiti dlaku, kožu, rogove ili perje; za životinje",1,0
prirodna rupa u zemlji,1,0
sastavljati rime,1,0
stanovnik Tanzanije ili poreklom iy Tanzanije,1,0
rešavanje problema koje uključuje brojeve i veličine,1,0
"slamni šešir sa visokim vrhom i širokim rubom, kakav se nosi na američkom jugozapadu i u Meksiku",1,0
optužnica koju odobrava velika porota,1,0
knjiga koja sadrži klasifikovan popis sinonima,1,0
uputiti na nešto kao ilustraciju ili dokaz,1,0
Odsustvo kvaliteta koji bi činili nešto vrednim ili korisnim.,0,1
izbacivanje ili brisanje delova reči ili rečenica,1,0
politička nezavisnost,1,0
mek srebrnkast metal; redak u zemlji,1,0
meso sa slabine svinje,1,0
glavni i najveći grad i luka Urugvaja,1,0
Čin konstruisanja ili građenja nečega.,0,1
"kućni aparat, obično električni, za tostiranje hleba",1,0
novčana jedinica Tadžikistana,1,0
glavni grad Kiribatija,1,0
Cipal,1,0
izdužene ćelije koje se nalaze u seminifernim tubulama testisa; izgleda da one hrane spermatide,1,0
hrskava tamno crvena jabuka,1,0
podrška na koju se možete nasloniti dok sedite,1,0
komercijalni posao koji obezbeđuje redovne letove za putnike,1,0
Postati lošije.,0,1
original kako promeniti,1,0
izvršenje ugovora u skladu sa predviđenim uslovima,1,0
Akt učestvovanja u Euharistiji,1,0
kratka cevčica koja se ubavuje u cevovod a koristi se da izmeri količinu tečnosti koja protiče kroz cevovod,1,0
otrovna biljka sa fibroznim korenom,1,0
losovi,1,0
prostor koji ograničavaju kosti karlice i u kojoj je smeštena materica,1,0
promena u niže stanje (manje poštovano),0,1
program koji se koristi za pregled HTML dokumenata,1,0
napraviti raspored; planirati vreme i mesto događaja,1,0
učiniti oštrim,1,0
"instrument koji pokazuje da li su dva periodična pokreta sinhrona (posebno, instrument koji omogućĚava pilotu da sinhronizuje propelere na avion koji ima dva ili više motora)",1,0
zamenica kojom se označava da radnja agensa utiče na samog agensa,1,0
dodatak testamentu; testamentarni dokument koji ima za cilj da izmeni već izvršeni testament,1,0
"severni rukavac Baltičkog mora, između Švedske i Finske",1,0
Napraviti od komponenata,1,0
Višegodišnja zeljasta biljka čiji rizom miriše slično kao đumbir,1,0
Grupa ptica.,1,0
salata od voća,1,0
palica koja se koristi za udaranje loptom u različitim igrama,1,0
biljka nalik paprati poreklom iz Južne Afrike,1,0
"naziv cifre 9, znak koji obeležava broj devet",1,0
Morski konjic,1,0
naklonjenost prema nečemu,1,0
mrežna topologija čije su komponenet povezane na glavni računar,1,0
"saglasno zakonu, prema zakonu",1,0
profesija obrazovanja (posebno u školama i na univerzitetima),1,0
fabrička mešavina sastojaka za pravljenje kolača braunis,1,0
Brod sa ravnim dnom za prenos teškog tereta (posebno na kanalima).,1,0
kućni aparat koji se sastoji pod ravne metalne površine koja se greje a služi za glačanje tkanina,1,0
preuveličano osećanje blagostanja ili ushićenja,1,0
Škotski dramski pisac i romanopisac koji je stvorio lik Petra Pana (1860-1937),1,0
proizvodnja biljaka ili životinja,1,0
predominantno (prvenstveno) fotosintetički organizmi koji sadrže plavi pigment kao dodatak hlorofilu; pojavljuju se samostalno ili u kolonijama u različitim sredinama; značajni kao fitoplankton,1,0
čin uvođenja u svešteni čin,1,0
Napraviti nešto kombinujući materijale ili delove.,0,1
šuplja testenina ispunjena mesom ili sirom,1,0
oblik salmonele koji izaziva trovanje hranom kod ljudi,1,0
prah bez boje i ukusa koji se koristi u medicini,1,0
preći jezikom preko nečega,1,0
novčana jedinica Austrije,1,0
gorešnik,1,0
komad mesa sa butnog dela svinje (najčešće dimljen),1,0
nezakonito destilovan irski viski,1,0
transuranski element koga nema u prirodi,1,0
pročišćen puter bojen polako braon bojom i začinjen sirćetom ili limunovim sokom i kaparom,1,0
vrste kobasica ili mesnih vekni koje su sečene i servirane hladne,1,0
tipski rod porodice Balaenicipitidae: beleniceps,1,0
primeniti zaključke dobijene na konkretnim slučajevima na opštije slučajeve,1,0
odnosi se na glagolski način kojim se izražavaju sumnja i uslovnost,1,0
bakalar koji se prvo usoli pa se onda suši; koristi se za tortu od bakalara,1,0
Velika crvena jabuka,1,0
nekoliko vrsta ruma sa voćnim sokom i obično likerom od kajsije,1,0
osoba koja menja mesto,1,0
proučavanje upravnih sistema u državama i drugih političkih jedinica,1,0
kratka beleška kojom se ukazuje na izvor informacije ili navedenog odlomka,1,0
toplo ili hladno mešano alkoholno piće sa umućenim jajima,1,0
Sedište u kolima.,1,0
klišnjaci,1,0
Pokret koji je karakterističan za fluide (tečnosti i gasove).,1,0
veseo i ozaren,1,0
ET,1,0
stanovnik Argentine ili poreklom iz Argentine,1,0
drevni iranski jezik,1,0
dozvoliti učešće ili dati nekom pravo da bude deo nečega,1,0
izvršiti matematičke i logičke operacije (na podacima) prema programiranim naredbama kako bi se dobile potrebne informacije,1,0
Britanije,1,0
"odvojiva brava koja ima šarnir sa šarkama koji se može provući kroz alke u lancu, posle čega se zatvara",1,0
supstanca pomoću koje se nešto postiže,1,0
čadski jezik kojim se govori u severnoj Nigeriji,1,0
Zemlja na jugoistoku Azije koja se širi južno do Malajskog poluostrva,1,0
određena vrsta materije sa uniformnim osobinama,1,0
porodica jezika koja uključuje eskimski i aleutski,1,0
dovesti do zaključka ili dovesti do uspešnog razrešenja,1,0
kratka prodorna buka,1,0
"majonez sa čili sosom ili kečapom, seckanim maslinama, papričicama i tvrdo kuvanim jajima",1,0
novčana jedinica Uzbekistana,1,0
komad mesa sa plećke pogodan za pečenje,1,0
osoba koja je zatvorena; posebno ratni zarobljenik,1,0
prestati opirati se; prestati boriti se,1,0
"naziv cifre 6, znak koji obeležava broj šest",1,0
republika na severozapadnoj obali Afrike,1,0
"nepromenljiva funkcionalna reč koja služi da spoji reči, sintagme, klauze ili rečenice",1,0
ogrličar,1,0
Oštećenje normalne fiziološke funkcije koje pogađa deo ili ceo organizam.,0,1
osmo slovo grčkog alfabeta,1,0
herpes virus koji izaziva infektivnu mononukleozu; povezan je sa specifičnim oblicima kancera u Africi i Kini,1,0
"oštar zakrivljen rožnati deo na prstima  ptica, nekih sisara i gmizavaca",1,0
drugo slovo grčkog alfabeta,1,0
proučavanje efekata ekonomske geografije na moć države,1,0
desna strana broda ili aviona onome ko gleda prema krmi ili pramcu,1,0
spustiti se na neko meko mesto,1,0
okrenuti tako da se izloži lice,1,0
telekomunikacioni sistem koji prenosi slike objekata (mirujućih ili pokretnih) između udaljenih tačaka,1,0
čin nasilnog oduzimanja imevine od vlasnika,1,0
bivša legija stranaca u Francuskoj vojsci koja je korišćena za vojne operacije izvan Francuske,1,0
povećati razmak između redova,1,0
povući se,1,0
Porodica kopitnjaka (uključujući i divlji đumbir).,1,0
Najgvirc,1,0
Ono što izaziva bol ili patnju.,0,1
inverzija u drugoj od dve paralelne fraze,1,0
Rusomača,1,0
motor koji pokreće avione,1,0
o izrazima ili rečima,1,0
dravidski jezik kojim se govori pretežno u južnoj Indiji,1,0
zelena salata čiji dugi tamno-zeleni listovi oblikuju dugačku glavicu,1,0
transkribovati šta Brajevim pismom,1,0
"zamenjivanje naziva osobine ili svojstva za samo ime (kao u ""oni su brojali glave"")",1,0
menjanje određene reči ili fraze,1,0
Osećati snažnu antipatiju i odbojnost prema nekome.,0,1
pismo koje se služi piktogramima,1,0
tanko iskrivljeno parče stakla ili plastike koje je izrađeno da pasuje preko oka a služi za korekciju vida,1,0
svečanost koja prati početak nekog poduhvata,1,0
potok ili reka koja se uliva u veću,1,0
ručno oružje iz koga puca iz jedne ruke,1,0
radnik koji prekriva objekte bojom,1,0
uređaj koji proizvodi vazdušnu struju,1,0
napraviti leguru mešanjem rastopljenih metala,1,0
novčana jedinica Belorusije,1,0
naoblačiti se,1,0
izlaz relativno u odnosu na ulaz; količina koja prolazi kroz sistem od ulaza ka izlazu (posebno kod računarskih programa u nekom periodu vremena),1,0
Čin ukrašavanja nečega (u nadi da će od toga privlačnije izgledati).,1,0
reprezentativni oblik ili obrazac,1,0
osnovna novčana jedinica Etiopije,1,0
Rukom ili nekim predmetom izazvati udarac.,1,0
posuda koja je okrugla i otvorena za serviranje hrane,1,0
Sveta tajna kojom se krštenoj osobi daje potpuno uključenje u crkvu,1,0
ukloniti iz tela,1,0
oblik komunizma koji je u Kini uveo Mao Cetung,1,0
zgrada na farmi,1,0
mleveno meso oblikovano u loptu i prženo ili kuvano u čorbi,1,0
Koji raskida sa tradicijom i opšte prihvaćenim.,0,1
veliki deo dugačke pisane celine,1,0
obećati svečano i formalno,1,0
dokument kojim se daje zvanično uputstvo ili naredba,1,0
zvanična rezidencija neke uvaxene osobe,1,0
novčana jedinica Kube,1,0
obična siva divlja evropska guska; predak mnogih domaćih sorti,1,0
"primiti, primati u sebe",1,0
zbirka odlomaka iz književnog dela,1,0
novčana jedinica Ukrajine,1,0
davanje religioznih instrukcija,1,0
Sjedinjen ili spojen,1,0
"Domaće govedo Južne Amerike, tropske Afrike i Madagaskara s grbom od masnog tkiva",1,0
oružje koje koriste vojne ili pomorske snage,1,0
vakuumska cev kod koje zagrejana katoda emituje zrak elektrona koji prolazi kroz anodu pod visokim naponom i koji se fokusiraju pre nego što udare fosforom presvučen ekran,1,0
Kvalitet koji ne pruža zadovoljstvo čulima.,0,1
tanka serozna membrana oko pluća i unutrašnjeg zida grudi,1,0
Koji se protivi pravilima ili usvojenoj praksi.,0,1
dovesti nešto u red,1,0
biti zabrinut i prestrašen zbog nečega,0,1
Čin okončanja nečijeg zaposlenja.,0,1
mineral koji se sastoji od cirkonijum oksida,1,0
prekidač koji se koristi za selektovanje između alternativa,1,0
"podvrći se, pretrpeti genetičku rekombinaciju",1,0
opaliti ili se isprazniti,1,0
komad tkanine koji se koristi za ukras ili da zakrpi ili pokrije rupu,1,0
rezonovanje koje pokazuje kako zaključak logički sledi prihvaćenih premisa,1,0
nalog za izvršenje smrtne kazne,1,0
meso američkog iverka; posebno je važna zimi,1,0
kvadratna matrica kod koje su sve elementi koji nisu na glavnoj dijagonali jednaki 0,1,0
smrznuta voda u čvrstom stanju,1,0
pripremiti i izdati za javnu distribuciju ili prodaju,1,0
svinja; ?hogs; vepar,1,0
intermedijarna magmatska dubinska stena,1,0
rukom pisan tekst koji liči na štampani tekst???,1,0
unos sa listom osoba koje su doprinele filmu ili pisanom radu,1,0
napraviti naročiti popis nečega u određenoj formi,1,0
ukupan opseg veština ili uređaja koji se koriste u nekom polju ili zanimanju,1,0
kuhinjski aparat koji služi za kuvanje hrane,1,0
uzrokovati probadanje,0,1
Čin povraćaja ili spasavanja nečeg izgubljenog (ili u opsanosti da se izgubi).,1,0
"preusmeravanje misli, osećanja i nagona sa jednog predmeta ili osobe na drugu osobu ili predmet; ljudi često koriste pomeranje kada ne mogu da ispolje svoja osećanja prema nekoj osobi na siguran način",1,0
"Godišnja evroazijska biljka, preneta i u Severnu Ameriku, ima upadljive plvae, ljubičaste ili bele cvetove; raste u žitu.",1,0
odlučujuće uticati,1,0
povratak u originalno stanje,1,0
čadski jezik kojim se govori u Čadu,1,0
"Nemogućnost da se odmori, opusti ili bude miran.",0,1
neizlečivi optimist iz Volterovog satiričnog romana Kandid,1,0
osnovna novčana jedinica Bugarske,1,0
predgrađa koja se smatraju kulturnom klasom ili subkulturom,1,0
rešiti nešto konačno,1,0
uzrokovanje da se nešto stalno pomera sa jedne na drugu stranu,1,0
osećanje duboke ljubavi i divljenja,1,0
izmišljeni Englez koji putuje u nepostojeću zemlju Liliput iz satiričnog romana Džonatana Svifta,1,0
najrasprostranjeniji bantu jezik; zvanični jezik Kenije i Tanzanije; funkcioniše kao lingva franka u istočnoj i centralnoj Africi,1,0
mekana vreća napunjena vazduhom ili ispunom kao što su perje ili sunđer,1,0
teorijska raspodela brojeva uspešnih pokušaja u konačnom skupu nezavisnih pokušaja sa konstantnom verovatnoćom uspeha,1,0
kašikare,1,0
dugačko i uzano prirodno uzvišenje ,1,0
"Čvrsto istkana tkanina, koristi se za stolice, jedra, šatore).",1,0
novčana jedinica Turske,1,0
tibetsko-burmanski jezik kojim se govori u junanskoj oblasti Dali,1,0
blagi italijanski beli sir,1,0
"severoistočni deo Crvenog mora, između Sinajskog poluostrva i Saudijske Arabije",1,0
preobratiti u katoličanstvo,1,0
Smatrati da je nešto loše ili pogrešno.,0,1
pretvoriti u karamel,1,0
"pozorišni komadi koji naglašavaju iracionalni ili nelogični aspekta života, obično da pokažu da je savremen život bez smisla",1,0
tanka ploča ili sloj nekog tkiva,1,0
ekstravagantan komad u kome je radnja više istaknuta nego karakterizacija,1,0
tvar koja sjedinjuje ili veže,1,0
javn prodaja dobara onome ko ponudi više,1,0
odbiti s gnušanjem,0,1
virus koji je parazit u bakterijama; koristi bakterijski mehanizam i energiju da proizvodi više faga sve dok ne uništi bakteriju a zatim se fag oslobađa da bi napao okolne bakterije,1,0
novčana jedinica Makaoa,1,0
fleksivni oblik kojim se tipično izražava gramatički odnos povezan s upotrebom indirektnog objekta,1,0
razdvojiti od drugih,1,0
navodna supstanca za koju se veruje da obezbeđuje večan život; nekada su je tražili alhemičari,1,0
preklopna prenosna lestvica koja na vrhu ima šarke,1,0
"uobičajena računarska memorija koju programi koriste da obave neophodne operacije; memroisjki čip koga čini integrisano kolo dozovljava da se memoriji pristupa u bilo kom redu, a svakoj ćeliji se pristupa za privližno isto vreme",1,0
glavati delfin,1,0
particip kojim se izražava završena radnja,1,0
baleniceps,1,0
čin prisustva,1,0
veštački izazvano potpuno besvesno stanje radi većih operacija,1,0
Nešto što nekoga zadržava.,0,1
"Napoleon je porazio Ruse u rovovskoj bici kod Borodina 1812, ali je nepopravljivo oslabio svoju armiju",1,0
Koji je pred erupcijom ili izbacuje lavu (o vulkanima),1,0
znak dodat nekom slovu kako bi se označila posebnost u izgovoru,1,0
odrednica u rečniku koja daje objašnjenje reči,1,0
osnovna novčana jedinica Litvanije,1,0
ostrvo u Karibima,1,0
odnos uzajamne zavisnosti ili delovanja ili uticaja,1,0
zvanični državni jezik Nepala,1,0
debela ravna prostirka koj se koristi kao pokrivač za pod,1,0
nadmoćno osećanje straha i zebnje,1,0
period od sedam uzastopnih dana koji počinje u nedelju,1,0
nepravedan čin,1,0
peto slovo grčkog alfabeta,1,0
formiranje ili deponovanje u slojevima,1,0
"pratiti, otkriti ili utvrditi tok razvoja čega",1,0
proučavanje geografije drevnih vremena ili drevnih epoha,1,0
mineralna voda koja sadrži litijumske soli,1,0
student starogrčkog i latinskog jezika,1,0
insekt sa dva para krilaca u kojima se razabira mrežast splet žilica,1,0
teorija o strukturi atoma,1,0
pružiti moralnu ili emocionalnu snagu,1,0
nauka o kriminalitetu i počiniocima kriminalnih dela,1,0
meso sabljarke obično se služi kao odrezak,1,0
"otrovna bela materija (Pb[CH3CO]2) koja se koristi za izbeljivanje pamuka, za pravljenje emajla i lakova",1,0
izvršiti obred potvrđivanja,1,0
