X,Predicted,Real
svojstvo koje se uočava dodirom,1,0
šetati se,1,0
ljubičasto tropsko voće,1,0
pripadnik naroda tamne kože koji su živeli U Australiji pre nego što su stigli Evropljani,1,0
Inkvizicija koja je branika katolicizam u Španiji (posebno od XV do XVII veka),1,0
bavarski krem okružen piškotama,1,0
onaj kojeg niko ne želi ili ne priželjkuje,0,1
bakalar koji se obično peče ali se nekad i bari sa buterom,1,0
"pozorišni komadi koji naglašavaju iracionalni ili nelogični aspekta života, obično da pokažu da je savremen život bez smisla",1,0
"oštar zakrivljen rožnati deo na prstima  ptica, nekih sisara i gmizavaca",1,0
nemasno meso nekoliko vrsta riba koje se nalaze u toplim Atlantskim vodama,1,0
polica za držanje knjiga,1,0
najpoznatija vrsta testenine u obliku dugačkih tankih niti; testenina cilindričnog oblika italijanskog i sicilijanskog porekla,1,0
jedan zahtev,1,0
ostati iza,1,0
pomešan škotski viski i soda,1,0
"biti uplašen, plašiti se",0,1
morski medvedi,1,0
Koji pokazuje nedostatak brige za posledice.,0,1
reči opere ili muzičkog komada,1,0
"Koji nije originalan; nije produktivan, ne donosi ništa neobično niti sveže.",0,1
dugače trkaće saonice sa sistemom za upravljanje,1,0
uništiti kakav raspored ili redosled,1,0
blagonaklona procena,1,0
serijsko izvršavanje računarskih programa,1,0
Posramiti nekoga; povrediti nečiji ponos.,0,1
dugačko usko brdovito područje,1,0
Koji je otrovan ili proizvodi otrov.,0,1
"koji je okarakterisan mračnim, mističnim i groteskom",0,1
ostrvlje u Norveškom moru,1,0
(računarstvo) operacije čitanja ili pisanja uskladištenih informacija,1,0
proučavanje mitova,1,0
mekan sivi mineral; glavna ruda antimona,1,0
greška ili neispravnost u sistemu ili mašini,1,0
"primeniti, primenjivati u komponovanju zakone kontrapunkta",1,0
najmanji ceo broj ili znak koji obeležava taj broj,1,0
stanovnik Holandije ili poreklom iz Holandije,1,0
Slaba sposobnost da se razume iskustvo ili profitira iz njega.,0,1
kremasti preliv koji sadrži mrvljeni plavi sir,1,0
zaslađena kafa u koju je dodat irski viski i šlag,1,0
zgrada (ili prostorija) gde se mrtva tela drže pre sahrane ili kremacije,1,0
osnivač ruskih boljševika i vođa ruske revolucije i prvi vođa SSSR-a (1870-1924),1,0
Završna akcija.,1,0
sastoji se iz rodova Hamamelis; Corylopsis; Fothergilla; Liquidambar; Parrotia,1,0
pričvrstiti pomoću dugmadi,1,0
fetućine u krem sosu sa sirom; dobile su ime po rimskom restoranu,1,0
oji se odnosi na logograme ili logografe,1,0
region koji pokriva Karipska ostrva,1,0
"raširen, razbacan ili podeljen",1,0
glavni grad Kostarike,1,0
Rukom ili nekim predmetom izazvati udarac.,1,0
biljka nalik paprati poreklom iz Južne Afrike,1,0
"meso obično malih, masnih riba",1,0
čin prisiljavanja silom ili autoritetom,1,0
prebacivanje nečega u formu romana,1,0
na prljav i nečist način,0,1
Godina računata od 1. januara do 31. decembra po Gregorijanskom kalendaru.,1,0
višegodišnja trska iz najtoplijih krajeva,1,0
istraživanje sastavnih delova neke celine i kakva je njihova međusobna veza,1,0
pretvaranje iz jedne jedinice ili obilika u drugi,1,0
veća celina duge pesme,1,0
stanovnik Engleske ili poreklom iz Engleske,1,0
cipela koja se sastoji od đona vezanog kaiševima do stopala,1,0
egipatski bog Sunca sa glavom jastreba,1,0
zagovornik maoizma,1,0
ponavljanje reči ili fraze kao početak sukcesivnih klauza,1,0
procedura koja se preuzima da bi se došlo do medicinske dijagnoze,1,0
novčana jedinica u Gvineji,1,0
nešto što ima vrednost,1,0
Osećanje zabrinutosti.,0,1
UY,1,0
izdužena pravougaona kost koja čini most nosa,1,0
kompatibilnost opservacija,1,0
najduža reka u Aziji; teče na istok od Tibeta i uliva se u Istočno kinesko more blizu Šangaja,1,0
"najmanja planeta sunčevog sistema, najbliža suncu",1,0
osnovna novčana jedinica Rusije,1,0
poljoprivredna mašina kojom se žanje žito,1,0
zapisan ili odštampan pored i ispod nekog drugog karaktera,1,0
isključivanje iz crkve ili iz religijske zajednice,1,0
supstanca koja zaustavlja ili usporava neku aktivnost,1,0
Kome nedostaje ljubaznost.,0,1
glavni grad Tajvana,1,0
usmeriti ili postaviti; tražiti odgovor na šta,1,0
okrugla ili loptasta bakterija,1,0
gazirano piće koje sadrži ekstrate bilja,1,0
jedinica govornog jezika veća od foneme,1,0
Tipski rod porodice Menyanthaceae; jedna vrsta grčica,1,0
jedan organizam,1,0
svojstvo onoga kome nedostaje živost,0,1
"kontinentalna zemlja u centralnoj Africi, na severoistočnoj oblai jezera Tanjganjika",1,0
rečna patka dugog vrata koja ima izdužena repna pera,1,0
vlaknasti amfibol;  koristi se za proizvodnju vatrootpornih proizvoda; udisanje vlakana može izazvati azbestozu ili karcinom pluća,1,0
Jasen.,1,0
meso mladog bakalara ili poloka ili neke druge ribe belog mesa podeljeno i očišćeno; obično se bari,1,0
Rod iz familije Equidae: jedini preživeli rod iz familije Equidae,1,0
"tčin dovođenja nečega do najvećemoguće tačke, vrednosti ili pozicije",1,0
"koga prema uputstvima i praksi trenirati, naročito da bi ga samokontroli podučili",1,0
očšćena riba u vekni sa mrvicama hleba i raznim začinima,1,0
religijski obrok koji se deli kao znak ljubavi ili prijateljstva,1,0
čerkeski jezik kojim govore Abhazi,1,0
Rod sisara,1,0
Stanje oštećenosti ili raspada.,0,1
dugačka i uska laguna; običnu u blizini ušća reke,1,0
točak koji se okreće direktnim delovanjem vode - jednostavna turbina,1,0
EC,1,0
bezbojna otrovna tečnost koja se upotrebljava za izradu različitih boja i lekova,1,0
(računarstvo) upotreba mikroračunara sa grafičkim mogućnostima za proizvodnju štampanih materijala,1,0
urednik koji priprema tekst za izdavanje,1,0
bivša osnovna novčana jedinica Grčke,1,0
zvanični državni jezik Nepala,1,0
"Rod nisko rastućih zeljastih biljaka, uglavnom sa severne hemisfere;",1,0
dovesti do zaključka ili dovesti do uspešnog razrešenja,1,0
imati ili sadržati određeni tekst ili oblik,1,0
determinator koji se odnosi na klasu entiteta koji se ne mogu jasno identifikovati ('a' u engleskom),1,0
Staviti na kocku u nadi za povoljnim ishodom.,0,1
oštri alat za obeležavanje površina ili za probijanje malih rupa,1,0
Mladić ili muškarac,1,0
zajednički naziv za novine i časopise,1,0
mržnja usmerena prema promenama ili prema svemu što je novo,1,0
predvodnik orkužanih snaga,1,0
"promenljiva u logičkom ili matematičkom izrazu čija vrednost određuje zavisne promenjive; ako je f(x)=y, onda je x nezavisna promenljiva",1,0
Postati psihološki ili fizički naviknut (na nešto).,1,0
značenje reči ili izraza; način na koji se reč ili izraz ili situacija mogu tumačiti,1,0
glavati delfin,1,0
društvena grupa unutar nacionalne kulture koja ima svojstvene obrasce ponašanja i verovanja,1,0
pripremljena hrana za poneti,1,0
biljojedi ljiljci,1,0
kurzivna forma egipatskih hijeroglifa koju je koristilo pre svega sveštenstvo,1,0
stvaranje sekvencija instrukcija koje omogućavaju računaru da nešto uradi,1,0
ukloniti iz tela,1,0
davanje religioznih instrukcija,1,0
tortilja od brašna koja se u koju se uvija punjenje ili fil,1,0
osoba kod koje je inteligencija niža od normalne,1,0
traka blizu granice predmeta,1,0
bivša osnovna novčana jedinica Austrije,1,0
napuniti mastilom,1,0
osoba koja je često u društvu druge,1,0
znak koji služi da označi da je neki tekst ili materijal identičan onome iznad njega,1,0
novčana jedinica Nemačke,1,0
promena ponašanja ili principa ili tačke gledišta,1,0
"bistra, bezbojna tečnost koja odvaja mozak i kičmenu moždinu od njihovih ovojnic",1,0
novčana jedinica Tajlanda,1,0
Neko nižeg ranga ili položaja ili kvaliteta.,0,1
Struktura koja prekriva ili čini vrh građevine,1,0
Patiti od nečega; bolovati od nečega.,0,1
bitan rani obrok koji uključuje i čaj,1,0
KZ,1,0
napraviti leguru mešanjem rastopljenih metala,1,0
mleveno kuvano meso (ili povrće) u gustom belom sosu; uvaljano u prezle i prženo u dubokom ulju,1,0
Postati demokratičniji (za naciju).,1,0
organizacija ljudi (ili zemalja) uključenih u pakt ili ugovor,1,0
Tkanina istkana od lanenih niti.,1,0
predominantno (prvenstveno) fotosintetički organizmi koji sadrže plavi pigment kao dodatak hlorofilu; pojavljuju se samostalno ili u kolonijama u različitim sredinama; značajni kao fitoplankton,1,0
naslov koji se štampa na vrhu svake stranice (ili svake druge strane) knjige,1,0
osnovna novčana jedinica Jemena,1,0
novčana jedinica Islanda,1,0
osoba kvalifikovana da se bavi stomatologijom,1,0
Koji nije spojen ili vezan.,0,1
Aguti i ??,1,0
alkoholno piće (najčešće pivo) koje se pravi kod kuće,1,0
bizamski pacovi,1,0
vremenski period u kome nešto (kao mašina ili fabrika) ne radi (posebno kao rezultat nefunkcionisanja),1,0
velika vojna jedinica,1,0
problemski orijentisan jezik koji zahteva malo znanja o računaru na kome će se izvršavati,1,0
meso američkog iverka; posebno je važna zimi,1,0
"uređaj za prikazivanje ulaznih signala kao slova na ekranu, obično ima tastaturu",1,0
čiji domaćin biti,1,0
spoljašnji pokrivač ili omotač,1,0
Predstava koja uključuje umetnički ples,1,0
pripada velikoj klasi siloksana koji su obično stabilni na različitim temperaturama,1,0
osnovna novčana jedinica Vijetnama,1,0
komad nameštaja sa površinom za pisanje i obično ladicama i drugim pregracima,1,0
izbaciti sadržaj stomaka na usta,1,0
utvrđeno tako da rezultat nije više sumnjiv ni upitan; definitivno poznat,1,0
privlačenje supstance hemisorpcijom,1,0
ženski skraćeni dvodelni kupaći kostim,1,0
promeniti zagrevanjem,1,0
proizvodnja biljaka ili životinja,1,0
osnovna novčana jedinica Moldavije,1,0
prirodna akumulacija bitumena na površini zemlje; često funkcioniše kao zamka za životinje čije se kosti tako očuvaju,1,0
lanac ostrva koji čini jednu Indonežansku provinciju istočno od Jave; uključuje Bali i Timor,1,0
pollack,1,0
božanstvo obožavano u drevnom Egiptu,1,0
pripitomljeni golub koji se uzgaja zbog sporta ili hrane,1,0
mrežna topologija čije su komponenet povezane na glavni računar,1,0
nerv  koji sprovodi impuls do mišića ili žlezda,1,0
"točak oko koga može da se namota vlakno, traka, film ili drugi fleksibilan materijal",1,0
"pokrivač za glavu konja; uključuje oglav, žvale i uzde koje jahaču ili vozaču daju kontrolu",1,0
"čadski jezik kojim se govori u severnoj Nigeriji, blizak jeziku hausa",1,0
Ispuštati vonj.,0,1
inkorporacija pridruživanjem ili ujedinjavanjem,1,0
parče odlomljeno ili odsečeno od nečega,1,0
Rasprostranjena porodica trava i grmlja,1,0
brend za zamenu za kafu koji je izumeo C. W. Post; pravi se cikorija i prženih zrna,1,0
uređaj koji se sastoji od delova na kojima nešto može da se klizi,1,0
popis studijskih grupa na fakultetu (koledžu; univerzitetu),1,0
gvozdeni ili kožni klinčić na đonu kopačke,1,0
Čin rođenja deteta,1,0
tanka ili izdužena struktura koja drži biljku ili gljivu ili deo ili organ biljke,1,0
"ostrvska grupa u Francuskoj Polineziji u Južnom delu Tihog okeana, istočno od Samoe",1,0
sposoban za korektno i validno rezonovanje,1,0
"čadski jezik kojim se govori u severnoj Nigeriji, blizak jeziku hausa",1,0
stanovnik Tanzanije ili poreklom iy Tanzanije,1,0
karakteristični jezik određene grupe (kao lopova),1,0
jagnjeći odrezak,1,0
losovi,1,0
dugačak šiljak na kome se drži meso u položaju za pečenje,1,0
oružje koje se koristi u biološkom ratu,1,0
kreker posut solju pre pečenja,1,0
"smear with blood, as in a hunting initiation rite, where the face of a person is smeared with the blood of the kill",0,1
biljka iz roda Piqueria ili iz veoma bliskog roda Stevia,1,0
"ostrvska država u centralnom Pacifiku, malo ispod ekvadora",1,0
mikser sa električnim pogonom koji vitla sečivima koji mešaju ili sipaju ili rastvaraju hranu,1,0
not standard; not accepted as a model of excellence,0,1
rasprava koja donosi nove tačke gledišta kao rezultat istraživanja; obično je zahtev za više akademske titule,1,0
Markovljev proces kod koga su parametar diskretne vremenske vrednosti,1,0
pavpav,1,0
zbirka (skup) pravnih propisa kojima se upravlja (koje važe) među državama,1,0
izjava koja predstavlja nešto rečima,1,0
kakav zakrivač koji služi za zaštitu privatnost ili da zadrži svetlost,1,0
proces u reprodukciji i rastu kod koga se ćelija deli i nastaju nove ćelije,1,0
novčana jedinica Argentine,1,0
Medicinar koji se smatra ocem medicine; autor Hipokratove zakletve (460-377 p.n.e).,1,0
bogosluženje koje se obavlja u kasno popodne ili veče,1,0
potvrda ili vaučer (obveznica) koji potvrđuje dug (dugovanje),1,0
sudski nalog kojim se nalaže zaplena lične svojine dužnika za namirenje dugovanja,1,0
turkijski jezik kojim govore Uzbeci,1,0
"Zeljasto bilje, žbunje i malo drveće: pamuk",1,0
pojačati ili smanjiti intenzitet,1,0
naći mesto za nešto što bi poslužilo kao skladište,1,0
novčana jedinica Malezije,1,0
nalog za odvođenje u pritvor,1,0
vrh nečega,1,0
mera izglednosti nekog događaja,1,0
"uobičajena računarska memorija koju programi koriste da obave neophodne operacije; memroisjki čip koga čini integrisano kolo dozovljava da se memoriji pristupa u bilo kom redu, a svakoj ćeliji se pristupa za privližno isto vreme",1,0
Ugljeno gorivo koje se dobija destilacijom uglja,1,0
"bistra supa uglavnom od govedine, teletine ili piletine",1,0
"naziv cifre 2, znak koji obeležava broj dva",1,0
Morski krinovi,1,0
oglasiti se putem vazduha proteranog kroz cev,1,0
grana nauke koje izučava društvo i odnose jedinki u njemu,1,0
izumrla vrst aguštera: ichthyosaurs,1,0
karakter koji služi da označi unakrsnu referencu ili fusnotu,1,0
automatsko prilagođavanje fokusne dužine sočiva oka,1,0
Koji je pred erupcijom ili izbacuje lavu (o vulkanima),1,0
obožavanje vatre,1,0
vežbati šta,1,0
rezime u kome se nabrajaju glavni delovi teme,1,0
"osoba koja smišlja, piše i testira računarske programe",1,0
osobina nečega stxo se drži zajedno i čuva oblik,1,0
kratak deo muzičke kompozicije,1,0
dravidski jezik kojim se govori u južnoj Indiji,1,0
Nešto predloženo (kao plan).,1,0
tanka ovojnica koja sa unutrašnje strane obavija trbušnu šuljinu i prelazi na neke trbušne organe,1,0
prirodna depresija na površini zemlje često ispunjena jezerom,1,0
predviđanje i odgovaranje na primedbe unapred,1,0
"smeđa forma mike koja se sastoji od vodonik silikata kalijuma, magnezijuma i aluminijuma",1,0
motor koji pokreće avione,1,0
čorba od ribe,1,0
dvostruki sloj peritoneusa koji se drži za stražnji zid trbušne duplje i pridržava tanko crevo,1,0
diviti se i čuditi nečemu,1,0
"program, kao operativni sistem, kompilator ili uslužni program, koji kontroliše neki aspekt rada računara",1,0
uređaj koji se koristi za slanje signala,1,0
usvojene reči nekog govornika jezika,1,0
obožavanje mesta,1,0
praktikovanje neke profesije,1,0
muškarac - stanovnik Engleske ili poreklom iz Engleske,1,0
"period nastave u školi, vremenski period u kojem škole rade",1,0
situacija nalik na zatvor; mesto prividnog zatočeništva,1,0
"dugačak arhipelag od više od 500 ostrva u Mikroneziji, istočno od Filipina",1,0
pohraniti u arhiv,1,0
podupirač koji se stavlja na kraj reda knjiga da bi stajale uspravno (na polici ili stolu),1,0
uređaj čiji je list perforiran i kroz čije proreze mastilo ili boja prolaze da bi stvorili odštampani otisak,1,0
"zaokruženi odeljak muzičkog komada, simfonije ili sonate",1,0
Svetložuta ptica pevačica sa crnim krilima.,1,0
pravougaoni niz elemenata raspoređenih u vrste i kolone,1,0
novčana jedinica Makaoa,1,0
podučavati u školi ili kao u školi,1,0
biljka jednosupnica jakog i prijatnog mirisa iz porodice sunovrata koja se gaji kao ukrasna a služi i za proizvodnju lekova,1,0
mehanički ili električni eksplozivni uređaj ili mala količina eksploziva ; može se koristiti za iniciranje reakcije razornog eksploziva,1,0
fabrička mešavina sastojaka za pravljenje kolača braunis,1,0
"Lasice, samur",1,0
Zgrada u kojoj se vrši likvidacija životinja radi proizvodnje mesa,1,0
"zaslađena kaša napravljena od tapioke, brašna ili ovsene kaše, kuvana kratko u mleku ili vodi",1,0
gubljenje sposobnosti da normalno funkcioniše,1,0
"analiza svih aspekata projekta, zajedno sa načinima za prikupljanje podataka o radu njegovih delova",1,0
pripremiti za useve,1,0
Slepić,1,0
modifikacija koja sužava značenje nekog elementa ('crveni šešir' ima uže značenje nego samo 'šešir'),1,0
odvojiti ili izolovati jednu stvar od druge i smestiti je grupu drugih stvari,1,0
ravna ploča koja kontroliše ili usmerava protok fluida ili energije,1,0
transformacija kvadratne matrice u dijagonalni oblik (sve nenulte vrednosti su na glavnoj dijagonali)),1,0
"prekršajna prijava koja se izdaje prekršiocu (na licu mesta),posebno onome ko je načinio prekršaj u saobraćaju",1,0
preliminarni izbori na kojima se biraju delegati ili kandidati,1,0
"Upotreba privrednih dobara da bi se zadovoljile potrebe, ili u proizvodne svrhe (ekonomija).",1,0
"indijski jezik; državni jezik Maharaštre, zapadni centralni deo Indije; pisan je devanagarijem",1,0
Rod monokotiledona koji uglavnom čine trave koje imaju?,1,0
sesti,1,0
mineral nalik glini; glavni izvor aluminijuma,1,0
paziti nekoga kao majka,1,0
osećati zadovoljstvo zbog nečega,1,0
rezonovanje koji vodi zaključku koje je uzvedeno na bazi prethodnih zaključaka i posrednih dokaza a ne na osnovu direktne opservacije,1,0
naspramne stranice knjige ili neke druge publikacije,1,0
"Onaj koji proživljava tugu, žalost ili nezadovoljtvo ili označen njima ili ih izaziva.",0,1
nefinitni oblik glagola koji se u nekim jezicima ponaša kao njegov osnovni oblik,1,0
smešati ili uskladiti,1,0
znak interpunkcije koji se koristi kada u tekstu treba naznačiti da je neka reč izostavljena,1,0
"Domaće govedo Južne Amerike, tropske Afrike i Madagaskara s grbom od masnog tkiva",1,0
Čin konstruisanja nečega (kao masšinskog dela).,1,0
Osobina onoga ko nije prihvaćen i ne upućuju mu se pohvale.,0,1
poletuše,1,0
"Vrsta pasiflore veličine jabuke koja raste na Karibima, centralnoj i južnoj Americi",1,0
postari labav ili labaviji ili manje čvrst,1,0
prostor u kome važe Euklidove definicije i aksiome; metrički prostor koji je linearan i konačno-dimenzionalan,1,0
tikva koja ima žutu koru i žućkastu sredinu i obično izdužen vrat,1,0
tukani,1,0
javn prodaja dobara onome ko ponudi više,1,0
Godišnje i vošegodišnje drvenaste biljke iz urenih područja; gušarka.,1,0
Tipski rod porodice Tenrecidae: tenreci,1,0
komercijalni posao koji obezbeđuje redovne letove za putnike,1,0
jezik koji se koristi u figurativnom ili neknjiževnom smislu,1,0
puter napravljen od mleka jaka,1,0
standardni nemački jezik; istorijski je nastao od zapadnogermanskog,1,0
novčana jedinica Slovačke,1,0
kukuruzar,1,0
pantalone koje se završavaju iznad kolena,1,0
Početi goreti ili biti zahvaćen plamenom,1,0
izvršiti ceremoniju braka,1,0
"pripremiti za objavljivanje ili prezentaciju korigujući, prerađujući ili adaptirajući",1,0
znak (`) koji se stavlja iznad vokala kako bi označio naročit način njegovog izgovora,1,0
osvetljenje u prozračnom,1,0
osoba koja nezakonito drži žrtvu zatvorenu obično tražeći otkup,1,0
penjači,1,0
"Afrička reka, uliva se u južni Atlantik",1,0
položaj sudije,1,0
supruga koja se stara o kući dok joj muž zarađuje za porodicu,1,0
Čin primene (koji daje praktična sredstva da se nešto postigne).,1,0
onaj koji nije potreban,0,1
prva strana nekih knjiga koja sadrži samo naslov,1,0
"Azijska reka, uliva se u Benglaski zaliv",1,0
privremena vlada koja su u stranu zemlju prebacili ili u stranoj zemlji formirali izgnanici koji se nadaju da će doći na vlast kada njihova zemlja bude oslobođena,1,0
"pretvoriti u digitalni oblik, za korišćenje pomoću računara",1,0
oslobađanje od stiska,1,0
karakter ili simbol koji se nalazi iznad i odmah pored drugog karaktera,1,0
tanko iskrivljeno parče stakla ili plastike koje je izrađeno da pasuje preko oka a služi za korekciju vida,1,0
"područje na prostoru Kine, Indije i Pakistana",1,0
Portugalska provincija na južnoj obali Kine i dva ostrva u Južnom kineskom moru; vraćeni Kini 1999,1,0
"nasilno hvatanje, zarobljavanje lica",1,0
izgubiti brzinu; kretati se sporije,1,0
"koristi se za osećaj fizičke toplote; onaj koji ima povišenu temperaturu, ili temperaturu višu od poželjne",1,0
izgubiti toplotu,1,0
dijalekat čivere jezika kojim govori narod Oto,1,0
PE,1,0
Koji nije u dobrom zdravlju tela ili duha.,0,1
radiografija koja koristi X-zrake da proizvede rentgenogram,1,0
dramski rad namenjen glumcima za izvedbu na sceni,1,0
prevlaka na severoistoku Egipta koja povezuje Egipat i Afriku,1,0
rashlađeno mešano piće koje često sadrži alkohol i priprema se za više serviranja; servira se u činiji punč,1,0
kreketuše,1,0
Čičkovac.,0,1
usvojiti,1,0
savijen na unutra,1,0
glavni grad Kiribatija,1,0
retka kaša ili supa (često ovsena kaša i voda začinjema mesom),1,0
praktičan metod ili veština primenjeni na neki specifičan zadatak,1,0
okarakterisan zlobom,0,1
komercijalna hrana koja je trenutno spremna za upotrebu,1,0
"severni deo Sahare, u Libiji, Egiptu i Sudanu",1,0
predsedavajući na kakvoj savetodavnoj skupštini,1,0
pasaž koji spaja glavne teme sa onima koje slede,1,0
program koji može da se smesti u različite delove memorije u razno vreme,1,0
Biti podvrgnut (emocionalnom bolu).,0,1
Sjedinjen ili spojen,1,0
udruženj ekoje je osnovano i radi na dobrobit onih koji ga koriste,1,0
turkijski jezik kojim govore Jakuti,1,0
književni rod dela namenski pisanih za pozorište za pozorište,1,0
koga je vlast osnovala; koji je dobio odobrenje vlasti,1,0
bojni brod koji ima velike topove istog kalibra,1,0
jam,1,0
bezalkoholno piće; obično gazirano,1,0
otvor u zidu zgrade koji prima svetlo i vazduh; obično ga zatvara okvir koji sadrži prozirni materijal i može se otvoriti,1,0
indijski jezik kojim govori narod Šri Lanke,1,0
osnovna novčana jedinica na Bermudama,1,0
svetlo žuto grožđe bez semena koje se koristi za grožđice i vino,1,0
šljuka starog sveta; ptica selica kratkih nogu i dugog kljuna,1,0
mitologija starih Grka,1,0
novčana jedinica Meksika,1,0
Onaj koji nema ili ne pokazuje sažaljenje ili saosećanje.,0,1
Nekoliko povezanih operacija usmerenih na postizanje određenog cilja (obično unutar geografskih i vremenskih ograničenja).,1,0
turkijski jezik kojim govore Azerbejdžanci,1,0
original kako promeniti,1,0
Morski konjic,1,0
"ponavljanje reči ili fraza na početku i drugih na kraju uzastopnih rečenica,itd., istovremeno korišćenje anafore i epistrofe",1,0
matrica koja se dobija kada se razmene vrste i kolone date matrice,1,0
iseći i sakupiti delove čega,1,0
runolist,1,0
leđa i bokovi svinje usoljeni i sušeni ili dimljeni; obično tanko sečeni i prženi,1,0
čin produžavanja čega,1,0
"tečnost koja se koristi ya štampanje, pisanje ili crtanje",1,0
prah bez boje i ukusa koji se koristi u medicini,1,0
strah od nepoznatog ili od donošenja odluka,1,0
novčana jedinica Perua,1,0
poseban splet okolnosti,1,0
Trnovito žbunje i malo drveće: glog; ???,1,0
MA,1,0
drozd koji se ističe lepim pevanjem,1,0
"nastati, početi postojati",1,0
bantu jezik,1,0
Ne biti podložan nečemu.,0,1
"raketa koja prevozi putnike, instrumente ili bojeve glave",1,0
novčana jedinica Uzbekistana,1,0
koji obezbeđuje interpretaciju,1,0
zatražiti od koga da dođe,1,0
prilagođen da odražava vrednost ili odnos,1,0
legendarno stvorenje koje liči na malog starca i živi u dubinama zemlje i čuva zakopano blago,1,0
"uzorak :3, mustra :1 mali deo neÄega koji se shvata kao predstavnik celine",1,0
(računarstvo) operacija pristupa informacijama iz memorije računara,1,0
tamno zeleno tropsko voće veličine kivija sa belim mesom; najviše se koristi za džemove i zimnicu,1,0
prestonica Sao Tome i Principea,1,0
potomak roditelja različitih rasa (naročito belih i indijskih roditelja),1,0
ući u računar,1,0
dugačka riba masnog mesa koja se pronalazi u slatkim vodama Evrope i Amerike; dugačke jegulje se obično dime ili stavljaju u salamuru,1,0
Germanski karakter koji vodi poreklo od runa,1,0
"Najrasprostranjenija nedozvoljana droga, smatra se lakom drogom; sastoji se od suvog lišća idijske konplje; puši se i žvaće,.",1,0
stavka koja se umeće u pisani zapis,1,0
novčana jedinica bivše Jugoslavije,1,0
"duhovit, satiričan stih koji obuhvata dve rimovane strofe i pominje poznate ličnosti",1,0
jasno različit od nekog sasvim drugog ili prvog,1,0
zvanični državni jezik Kašmira,1,0
dijalekat antičkog grčkog kojim su govorili Arkađani,1,0
sesti u vozilo i kontrolisati ga,1,0
odnos srodstva između ženske osobe i njene braće i sestara,1,0
municija koja se sastoji od cilindričnog punjenja koje sadrži eksploziv i metke; ispaljuje se iz puške ili pištolja,1,0
stanje promene,1,0
ispoljavanje rastuženosti,0,1
porez koji se sakuplja tako što se zahteva kupovina markice koja se lepi na dokument,1,0
rešavanje problema koje uključuje brojeve i veličine,1,0
dravidski jezik kojim se govori pretežno u južnoj Indiji,1,0
ručno oružje iz koga puca iz jedne ruke,1,0
najamni radnik koji radi poljske radove,1,0
republika na severozapadnoj obali Afrike,1,0
Stanje biti nezaposlen ili nemati posao.,0,1
usoljeno salo sa stomaka svinje,1,0
Zrikavci,1,0
izvući iz kakve zamršenosti,1,0
visoka tropska trava iz jugoistočne Azije; njen sok je glavni izvor šećera,1,0
"ukrašavanje materijala figurama, bojama ili drugim šarama",1,0
drvo od ariša,1,0
smatra se da izaziva dijareju kod ljudi,1,0
karakteristično za konje,1,0
"Koji nije normalan, tipičan, uobičajen, regularan ili nije u saglasnosti sa normom.",0,1
graditeljstvo koje služi kao sklonište za psa,1,0
Brod sa ravnim dnom za prenos teškog tereta (posebno na kanalima).,1,0
pozorište u kome se izvode opere,1,0
Lavanda,1,0
Vodena zeljasta biljka,1,0
izjava koja nekome ili nečemu odaje priznanje,1,0
modul koji je tako napravljen da može da se umetne u veći deo opreme,1,0
ograničiti opseg nečega,1,0
priručnik koji obično ide uz tehnički uređaj i koji sadrži uputstva o njegovom stavljanju u upotrebu ili rad,1,0
naučno izučavanje jezika,1,0
ponavljanje završnih reči rečenice ili početka sledeće,1,0
vodnice,1,0
novčana jedinica Jemena,1,0
projekat od ličnog interesa za nekoga,1,0
organizam koji ima karakteristike proizašle iz hromozomalne izmene,1,0
silabičko pismo koriščeno na Kritu u 13. veku pre nove ere,1,0
reč koja označava radnju ili stanje,1,0
Čine je samo manati,1,0
teški automatski top koji izpaljuje iz aviona,1,0
Jupiterov epitet,1,0
napisati pravni dokument,1,0
pokrenuti se brzo ili iznenadno,1,0
guava,1,0
Domaća ?gallinaceous bird; smatra se da potiče od?,1,0
ukloniti nekome jajnike,1,0
potvrditi ceremonijom Bar Micva dečake u jevrejskoj veri,1,0
"pozdravljati na neki propisani način (titulom, imenom)",1,0
glagolski oblik kojim se izražava radnja završena u prošlosti pre neke druge radnje,1,0
oblikovati kao testo ili glinu,1,0
napisati računarski program,1,0
pogrešno predstaviti,1,0
pomoćno sredstvo koje se sastoji od kožne trake,1,0
obuhvata mnoge patogene vrste,1,0
poseban i pamćenja dostojan period,1,0
uzgajana višnja sa tamnim mesom i sokom,1,0
otvoriti bravu,1,0
ispitivanje i disekcija umrlog da bi se utvrdio uzrok smrti ili promene koje je izazvala bolest,1,0
koncizan i sažet,1,0
neko ko piše novi zakon ili plan,1,0
"niz konlikata (1618-1648) između protestanata i kataloika koji je počeo u Nemačkoj a dalje se širio sve dok Fracuska, Danska i Švedska nisu ustale protiv Svetog Rimskog Carstva i Španije",1,0
u grčkoj mitologiji bog zapadnog vetra,1,0
znak ili znamen koji je ostavilo nešto što je prošlo,1,0
organizacija profesionalnih ljudi za profesionalne ljude,1,0
Familija monokotiledona iz podklase Liliidae;?,1,0
alkoholno piće koje se pravi od aromatičnog korenja kava grma,1,0
"naziv cifre 4, znak koji obeležava broj četiri",1,0
Osobina onoga što ne zaslužuje poverenje.,0,1
jedinica za merenje vremenskih perioda,1,0
jova,1,0
heklana ili pletena odeća koja pokriva gornji deo tela,1,0
Tkanina koja se pravi od pređe dobijene od svilenkaste vune angorske koze.,1,0
"žalovati, tugovati, ili osećati gubitak zbog nečega što je učinjeno ili nije učinjeno",0,1
najveći planinski lanac u Bugarskoj i na Balkanskom poluostrvu,1,0
carići,1,0
čin prikupljanja informacija,1,0
pričvrstiti šivanjem; syiti,1,0
anatolski jezik,1,0
ukloniti površinski sloj sa čega,1,0
Ono što izaziva bol ili patnju.,0,1
(pravo) pravo i ovlašćenje za tumačenje i primenu zakona,1,0
koristi se u nuklearnim reaktorima,1,0
kratka čvrsta palica koju uglavnom koriste policajci,1,0
(računarstvo) datoteka koji sadrži podatke koji predstavljaju izlaz iz uređaja ili programa,1,0
biti nalik ili sličan,1,0
Posvetiti iznova nakon oskvrnjenja,1,0
održavati konverzaciju,1,0
odnosi se na tip rečenice ili glagolskog oblika kojim se izražava pitanje,1,0
muzičar koji svira obou,1,0
Žohari i?,1,0
U kome nema života.,0,1
"Stanje neaktivnosti (u poslovanju, umetnosti, itd.)",1,0
šešir sa ivicom nadignutom u tri tačke,1,0
"nepromenljiva funkcionalna reč koja služi da spoji reči, sintagme, klauze ili rečenice",1,0
neočekivana aktivnost glumca radi postizanja dramskog efekta,1,0
Neko ko prede (uvrće vlakno i pravi niti).,1,0
kvadratna matrica kod koje su sve elementi koji nisu na glavnoj dijagonali jednaki 0,1,0
dozvoliti učešće ili dati nekom pravo da bude deo nečega,1,0
indonezijski jezik kojim se govori na Javi,1,0
severna grupa ostrva u Malim Antilima,1,0
"severoistočni deo Crvenog mora, između Sinajskog poluostrva i Saudijske Arabije",1,0
preneti ili izraziti značenje,1,0
osnovna novčana jedinica Bugarske,1,0
brak unutar sopstvenog plemena ili grupe kako to zahtevaju običaji ili zakon,1,0
"standardno vreme u 5. vremenskoj zoni zapadno od Griniča, računato na 75. meridijanu; koristi se u istočnim Sjedinjenim Državama",1,0
"mineral hemijske formule α-FeO(OH), stabilan pri umerenim temperaturama i zbog toga vrlo rasprostranjen u prirodi",1,0
monarhija na čijem je čelu gralj ili kraljica,1,0
jarko crvena slatka jabuka za jelo; najčešće uzgajana jabuka širom sveta,1,0
građanin koji ima zakonsko pravo glasa,1,0
zamenjivanje imena naslovom (titulom?),1,0
"brak sa osobom koja ne pripada vašem plemenu ili grupi, kao što to zahteva običaj ili zakon",1,0
kamenjari,1,0
jabuka koja rano sazreva popularna u severoistočnoj Americi; najčešće se jede sirova ali je pogodna i za sos od jabuka,1,0
doktrina koju prihvataju sledbenici enke filozofije,1,0
znak interpunkcije (/) koji služi za razdvajanje povezanih informacija,1,0
osoba koja živi (ili je smeštena) blizu druge,1,0
tanka šunka dimljena na orahovini; tamno crveno meso,1,0
težak toksičan srebrnobeli radioaktivni metal; javlja se u mnogim izotopima; koristi se kao nuklearno gorivo i u nuklearnom oružju,1,0
zaslon koji koristi tečne kristale koji menjaju refleksivnost u električnom polju; koristi se za digitalne časovnike i prenosive računare,1,0
izumrla grana indoevropske jezičke porodice poznata iz zapisa i značajna za rekonstrukciju praindoevropskog,1,0
irokeški jezik kojim govori narod Oneida,1,0
potvrda da se neka činjenica ili iskaz tačni,1,0
svaka notacija koja koristi 2 karaktera (obično 0 i 1),1,0
veselo osećanje,1,0
viski napravljen od raži ili raži i slada,1,0
pribor za pisanje koji služi da se nešto označi,1,0
zastareli nazivi za Čanophyceae,1,0
Ne pridržavanje moralnim principima.,0,1
čin dozvoljavanja,1,0
veličina izražena brojem,1,0
prvi deo ili odeljak čega,1,0
pregovaranje između različitih naroda,1,0
vlasnik novina,1,0
Centar vlasti (kao što je grad iz koga se upravlja),1,0
uspostaviti ili proveriti upotrebu čega,1,0
skloniti kakav teret; koga osloboditi tereta,1,0
najviša tačka planine ili uzvišenja,1,0
"karakteristika apsolutnog vladara ili vladanja, koji ima putpunu vlast",1,0
Okrugla lepinja posuta makom; pravi se od testa koje je četvrtastog oblika tako što se krajevi privuku do sredine,1,0
sloj tla između gornjeg sloja zemlje i stenovite podloge,1,0
zašiljeni deo gramofona kojim se proizvodi zvuk kada on prelazi preko udubljenja na disku koji se okreće potrebnom brzinom,1,0
salata od voća,1,0
tamno crvena ili crnkasta slatka trešnja,1,0
Dubokovodna okeanska sredina između kontinentalne padine i abisala na dubini od 0.2 - 4.5 km.,1,0
sir pravljen mešanjem više sira,1,0
pravnici koji za državu i u njeno ime podižu optužnice,1,0
"kuhinjska sprava koja se sastoji od valjka sa dve ručice sa strane, za oblikovanje i istanjivanje testa",1,0
"zaposedanje, prisvajanje nečega na zakonit način",1,0
"biljka sa razgranatim, nepotpuno razvijenim cvastima uglavnom tamno-zelene boje",1,0
"zaslađeni napitak, mešavina soka limete i vode",1,0
revnostan u posvećenosti i privrženosti,1,0
prenos informacija širokoj publici,1,0
viljuška s kojom se služimo za stolom pri jelu,1,0
reč koja se govori naglas,1,0
zaštitna obloga za mehanički deo,1,0
prenos toplote ili elektriciteta ili zvuka,1,0
Drveni duvački instrument koji ima dva jezička od trske,1,0
osoba ili firma koja zapošljava radnike,1,0
kratka cevčica koja se ubavuje u cevovod a koristi se da izmeri količinu tečnosti koja protiče kroz cevovod,1,0
metamorfna stena sastavljena uglavnom od amfibola i plagioklaze,1,0
Osećanje velike žalosti povezano sa gubitkom ili lišavanjem.,0,1
razmeniti poruke,1,0
postaviti pitanje nekome i očekivati odgovor,1,0
bivša osnovna novčana jedinica Francuske,1,0
period od sedam uzastopnih dana koji počinje u nedelju,1,0
Poklapa se sa rodom Ceratophyllum: voščika (rastavić),1,0
zbirka srodnih stvari namenjenih da se koriste zajedno,1,0
BD,1,0
nepromenljivi tekst koji se koristi u toku moljenja,1,0
popis stanovništva,1,0
Uputstvo ili savet po pitanju odluke ili toka radnje,1,0
meso domaće svinje ili praseta,1,0
organ koji je smešten na ili pri površini tela,1,0
novčana jedinica Zelenortskih ostrva,1,0
računovodstvo koje procenjuje i kontroliše inventar,1,0
Tisa koja preovlađuje u Evropi; izuzetno dugo živi i sporo raste; jedna od najstarijih vrsta na zemlji.,1,0
svojstvo vezano za vreme,1,0
imati određene osobine u vožnji,1,0
"Obično aromatično žbunje i trabe severnih umerenih predela, Južne Afrike i zapadne Južne Amerike: ????",1,0
gramatični raspored reči u rečenicama,1,0
"gust paprikaš napravljen od pirinča, piletine i male divljači; južne Sjedinjene države",1,0
tipski rod porodice Peridiniidae,1,0
"proći trening ili obuku radi pripreme za određenu ulogu, funkciju ili profesiju",1,0
"zaslađena mešavina mleka i jaja pečena, kuvana ili zamrznuta",1,0
fonemi ili niske fonema koje čine različite alomorfe nekog morfemaheme,1,0
dovesti do najnovijeg tehnološkog stanja,1,0
naći zajednički jezik ili se uspećno izboriti sa nečim,1,0
šošonski jezik kojim govori narod Pajute,1,0
program koji daje računaru instrukcije pomoću kojih korisnik dobija alat za izvršenje nekog zadatka,1,0
okruglo karipsko voće veličine jednog inča sa grubom zelenom kožom i slatkom sočnom providnom pulpom; jede se kao grožđe,1,0
Pisac romana i kratkih priča iz Sjedinjenih Američkih Država (1819-1891),1,0
uređaj koji zagreva vodu ili prostoriju,1,0
"Skakavci, zrikavci i?",1,0
donje rublje koje nose žene za podršku grudima,1,0
sintagma koja se uvodi predlogom,1,0
Komunikacioni sistem koji se koristi na javnim mestima sa jakim ozvučenjem,1,0
okrutno ili nehumano postupanje,0,1
Naknada.,1,0
način artikulacije koji uključuje zvučno oslobađanje daha,1,0
u grčkoj mitologiji bog ženidbe i zaštitnik braka,1,0
osnivač Rima; njega i njegovog brata Rema je othranila vučica pošto su ih roditelji (Mars i Rej Silvije) odmah po rođenju pustili niz Tibar;kasnije je ubio brata Rema zbog svađe oko izgradnje rima,1,0
matrica koja ima isti broj vrsta i kolona,1,0
Jevrejski praznik žetve,1,0
viski destilovan iz smeš koja sadrži bar 80 procenata kukuruza,1,0
Zapadno indijsko voće koje podseća na mango; često ukiseljeno,1,0
logička kapija koja daje izlaz samo kada svi ulazi postoje,1,0
prikupiti i zapaliti materijal za,1,0
nejasno određen društveni događaj,1,0
"mineral koji se sastoji od litijum-aluminijumovog silikata, izvor litijuma",1,0
tako strašno da izaziva grozu i jezu,0,1
Tipski rod porodice Soricidae: rovke,1,0
okrugle tikve srednje veličine čija unutrašnjost liči na špagete,1,0
nediferencirana embrionalna ćelija,1,0
Sedalo za jednu osobu sa potporom za leđa.,1,0
priručnik koji sadrži reči (obično sa njihovim značenjima),1,0
tibetsko-burmanski jezik kojim se govori u Sičuanu,1,0
novčana jedinica Irana,1,0
čitanje površno ili nasumično,1,0
turkijski jezik kojim govore Tatari koji žive između Volge i Urala,1,0
Čin ukrašavanja nečega (u nadi da će od toga privlačnije izgledati).,1,0
stvaranje programa koji omogućavaju računaru da logički rezonuje,1,0
sportska grana koja razvija dobru vožnu biciklom ili motociklom,1,0
Nezakonito ubijanje s predumišljajem jednog čoveka od strane drugog.,0,1
"naziv cifre 5, znak koji obeležava broj pet",1,0
pričvrstiti ili postati pričvršćen za matičnu reč,1,0
rečna delta između Argentine i Urugvaja,1,0
jedrilica sa jednim jarbolom postavljenim na razdaljinu od oko jedne trećine dužine plovila od krme,1,0
"Odgovor telesnog tkiva na povredu ili nadržaj; karakteriše ga bol, otok, crvenilo i pečenje.",0,1
period vremena koji se provede spavajući,1,0
nake od gljiva iz pododeljka Basidiomycota koju čine klobuk na kraju drške koja raste iz podzemnog micelijuma,1,0
žirafe,1,0
kristalna amino-kiselina koja sadrži sumpor; nalazi se u proteinima i važna je za ishranu,1,0
proučavanje geografije drevnih vremena ili drevnih epoha,1,0
Sveta tajna kojom se krštenoj osobi daje potpuno uključenje u crkvu,1,0
Savezna država SAD-a u centralnom Pacifiku na Havajskim ostrvima,1,0
Kakaovac,1,0
šta oprezno i skromno upotrebljavati,1,0
kontraceptivno sredstvo koje se smešta u matericu žene,1,0
predosećanje o nečemu što će se dogoditi,1,0
trakice mesa sušene na suncu,1,0
Telo punoletnih građana koji imaju pravo glasa,1,0
"koji izaziva iznenađenje, čuđenje ili zadivljenost",0,1
ubijanje životinja (za hranu),0,1
novčana jedinica Gruzije,1,0
pripadnik grupe Jevreja koji su u vreme ranog hrišćanstva prihvatili Hrista kao mesiju,1,0
"Čvrsto istkana tkanina, koristi se za stolice, jedra, šatore).",1,0
podeljen ili organizovan u govorne segmente ili govorne zvuke koji se mogu izolovati ,1,0
uređaj koji može da se koristi za upravljanje mašinom ili aparatom iz daljine,1,0
Karakteristika atoma ili radikala; njihov združena moć data u kategorijama broja atoma vodonika (ili ekvivalenta) (hemija).,1,0
Koji nije intelektualan.,0,1
grana biologije koja izučava strukturu i funkcije ćelija,1,0
"Karlični položaj je položaj bebe u materici zadnjicom ili nogama nadole, odnosno kada se u donjem delu materice napipavaju zadnjica ili noge ploda, i sreće se prosečno kod 3-4 odsto žena. Samim tim dolazi do karličnog porođaja.",1,0
prestati opirati se; prestati boriti se,1,0
Urezati brazdu u stub,1,0
ručni alat koji ima zupčastu sečivo za sečenje,1,0
oblo žuto tropsko voće,1,0
Oružani sukob protiv neprijatelja.,0,1
listovi marihuana uvaljane u cigaretu za pušenje,1,0
Nešto što se duguje.,1,0
svaka hemijska sinteza koja se vrši pod uticajem svetlosti,1,0
konjski jezik,1,0
poenta šale ili duhovite priče,1,0
Rod žbunja i niskog drveća iz Starog sveta; ima mirisno cveće u lepim grozdovima:?,1,0
primiti kao kaznu,1,0
pogoditi projektilom iz oružja,1,0
izjava koja izražava lićno mišljenje ili uverenje,1,0
kartica na kojoj se podaci beleže uz pomoć ubušenja,1,0
novčana jedinica Bangladeša,1,0
proučavanje porekla i razvoja reči,1,0
odbijati svedočenje pozivajući se na Peti amandman,1,0
tanka creva svinje koja se pripremaju kao hrana,1,0
koji je označen beznadežnošću ili ispoljava beznadežnost,0,1
prokuvane zelene paprike najčešće punjene punjene pirinčem i mesom i kratko pečene,1,0
zelena salata sa mekanim listovima koji nisu gusto raspoređeni; lako se kida,1,0
osobina prefinjene uglađenosti i dobrog ukusa,1,0
predstavljanje neke ideje u obliku njenog primerka,1,0
prikupljeno delo nekog autora (obično se koristi u množini),1,0
procep na zemljinoj kori (ili površini neke druge planete) kroz koju izbija lava ili gasovi,1,0
suhoperka,1,0
kravajac,1,0
trka izmeđo obično veoma moćnih automobila,1,0
dokument koji garantuje pronalazaču isključivo pravo na pronalazak,1,0
predstava onoga što je percipirano; osnovna komponenta u formiranju koncepta,1,0
niz planina,1,0
potomak jednog crnog i jednog belog roditelja,1,0
unija država koja promoviše slobodnu trgovinu i zajedničke carinske tarife za zemlje koje nisu članice,1,0
odlučiti sa autoritetom,1,0
poseći šumu,1,0
GT,1,0
ispravljač koji ekstrahuje mudulaciju iz nosača radio signala,1,0
antropolog i lingvista koji je proučavao jezike severnoameričkih Indijanaca (1884-1939),1,0
grana biologije koja proučava biljke,1,0
modrozelene alge,1,0
prilika da izložite slučaj i da vas saslušaju,1,0
relativno mala tuna belog mesa; glavni izvor konzervirane tune,1,0
Godišnje i višegodišnje trave iz starog sveta: vrbovnik.,1,0
glavni i najveći grad Jemena,1,0
deveti mesec Francuskog revolucionarnog kalendara (maj i juni); mesec dolina,1,0
letelica koja ima čvrsta krila i pokreću je propeleri ili mlazni motori,1,0
formiranje kristala,1,0
ručno vetreno oružje sa rotacionim dobošem u koji se smeštaju meci,1,0
kratak kritički prikaz,1,0
"konferencija ljudi koji su na različitim lokacijama koju omogućava korišćĚenje telekomunikacione opreme, kao što je zatvorena televizija",1,0
obavljati dužnost ili držati položaj; služiti u posebnoj funkciji,1,0
usoljena masnoća s leđa i obe strane trbuha svinje,1,0
piće stvoreno pomoću magičnih moći; može da učini da onaj ko ga popije zavoli onoga ko mu ga je dao,1,0
kombinacija određenog računara i određenog operativnog sistema,1,0
žensko rublje i noćna odeća,1,0
služi za povezivanje novina ili časopisa,1,0
strasni poljubac,1,0
bivša legija stranaca u Francuskoj vojsci koja je korišćena za vojne operacije izvan Francuske,1,0
žena - stanovnik Engleske ili poreklom iz Engleske,1,0
kamen koji se koristi za označavanje groba,1,0
ručak (uglavnom u restoranu) gde je tema posao i račun se vodi kao poslovni izdatak,1,0
nešto što spaja ili povezuje,1,0
zelena salata čiji dugi tamno-zeleni listovi oblikuju dugačku glavicu,1,0
čelik čije karakteristike su određene dodavanjem drugih elemenata osim uglja,1,0
glagolsko vreme kojim se izražavaju stanja ili događaji koji su se već ostvarili,1,0
pretvoriti se u žele,1,0
korekcija napravljena brisanjem,1,0
čin izuzimanja nekoga,1,0
"koji oseća ili ispoljava žalost, naročito zbog nepovratnog gubitka",0,1
"puding napravljen od kukuruza, pavlake i jaja",1,0
služba na koju je u feudalizmu vazal obavezan prema svom senioru,1,0
Zebe iz starog sveta: kanarinci i?,1,0
istraživanje verskih ili magijskih obreda i ceremonija,1,0
Status vođe.,1,0
sličnost oblika,1,0
ukras ili dekoracija na odeći,1,0
predmet koji se koristi da se u njega stavljaju stvari,1,0
lider koji u političkoj partiji kontroliše glasanje i diktira imenovanja,1,0
"Dramski pisac i pripovedač (rođen u Irskoj), živeo u Francuskoj; pisao je komade za Teatar apsurda (1906-1989).",1,0
prenosiv račnar koji je dovoljno mali da stane na krilo,1,0
odbacivanje činom zabrane,1,0
"kontrolisati funkciju, proces ili stvaranje pomoću računara",1,0
grbica koja raste u čistim barama i potocima,1,0
Osećanje naklonjenosti drugim osobama; uživanje u njihovom društvu,1,0
uobičajena evropska roda sa belim perjem,1,0
dugi plitki rov u zemlji (posebno onaj koji je napravio plug),1,0
majmuni hvatači,1,0
niz pokreta stopala koji sačinjavaju neki ples,1,0
izbijati upadljivo iz nečega,1,0
biti jako tužan,0,1
hrbat i veći deo korica su od jedne vrste materijala a ostatak korica od drugog,1,0
reč čiji delovi potiču iz različitih jezika ,1,0
Porodica arbovirusa koju prenose artropode (zglavkari).,1,0
hokan jezik kojim govori narod Čimariko,1,0
iskakanje kostiju zgloba iz čašie,1,0
niz uređenih grupa ljudi ili stvari unutar sistema,1,0
visoki uspravni megalit; pronađeni uglavnom u Engleskoj i severnoj Francuskoj,1,0
pegava pastrmka evropskih reka; preneta i u Severnu Ameriku,1,0
promena pravca u kome se nešto kreće,1,0
akumulirana zemlja i kamenje koje donose glečeri,1,0
postati dug ili duži,1,0
žuta Pipin jabuka sa karakterističnim ukusom,1,0
slatkovodna patka s pljosnatim kljunom,1,0
Liturgijska molitva koja počinje ovim latinskim rečima,1,0
snažno potvrditi; reći da je nešto tačno ili postojeće,1,0
izvršiti matematičke i logičke operacije (na podacima) prema programiranim naredbama kako bi se dobile potrebne informacije,1,0
severoistočni iranski jezik kojim se govori u Rusiji,1,0
ispupčeni nabor na površini mozga,1,0
okrugli crveni koren koji se koristi u ishrani,1,0
tanka serozna membrana oko pluća i unutrašnjeg zida grudi,1,0
"uskladišten u centralnom računaru, kontrolisan od njega ili u direktnoj komunikaciji sa njim",1,0
koji nije zadovoljan; koji doživljava ili ispoljava nezadovoljstvo,0,1
novčana jedinica koja se koristi u kraljevini Tonga,1,0
profesionalna nega ruku i noktija an ruci,1,0
kim,1,0
"Skandinavski punč napravljen od Klareta i akvavita sa začinima, grožđicama, pomorandžinom korom i šećerom",1,0
oblast u Italiji na ostrvu Sicilija,1,0
osoba koja je ekspert u korišćenj luka i strele,1,0
"dugačka, tanka, morska riba koja se nalazi duž istočne obale Severne Amerike",1,0
upotrebiti moć ili uticaj,1,0
Potez kao u fudbalu,1,0
verovanje u jednog Boga,1,0
program koji konvertuje program na asemblerskom jeziku u mašinski ejzik,1,0
slatka jabukovača zagrejana sa začinima i citrusima,1,0
BT,1,0
lanac dugačak oko 400 milja od preko 200 ostrva na zapadu središnjeg Tihog okeana,1,0
Čin igranja sa ulogom sa nadom u pobedu (uključujući i plaćanje cene kao šanse da se dobije nagrada).,1,0
"Nemogućnost da se odmori, opusti ili bude miran.",0,1
nastaviti ili produžiti,1,0
"Obraćati u drugu veru ili religiju, obično u svoju veru",1,0
muskogijski jezik kojim govori narod Koasati,1,0
koristi se za hranu za bebe,1,0
administrativna jedinica u kojoj je sedište savezne vlade,1,0
jumanski jezik kojim govori narod Havasupai,1,0
italijanska komedija od XVI do XVIII veka koja improvizuje ustaljene situacije likove,1,0
razvijati se u pozitivnom smeru,1,0
Koji dovodi (pričinjava) fizičku neudobnost.,0,1
zadatak dodeljen za pojedinačne studije,1,0
metoda za analiziranje ili predstavljanje statističkih podataka,1,0
muskogijski jezik kojim govori narod Čiksau,1,0
relativna pozicija ili stepen vrednosti u ocenjivanoj grupi,1,0
irokeški jezik kojim govori narod Onondaga,1,0
promena agregatnog stanja iz jednog u drugo bez promene hemijskog sastava,1,0
mašina koja se koristi u poljoprivredi,1,0
pročišćen puter bojen lagano i začinjen sokom od limuna i peršunom,1,0
uvučen ili udubljen prostor,1,0
reč ili sintagma koja bliže određuje značenje nekog drugog elementa,1,0
grbica koja se koristi u zimskim danima kao salata,1,0
osnovna novčana jedinica Bahreina,1,0
novčana jedinica Holandije,1,0
Koji pripada ili se odnosi na naciju ili državu,1,0
lovlje ribe kao zanimanje,1,0
naći zajednički jezik,1,0
Biljka koja se penje ili uvija:?,1,0
Osećanje mržnje.,0,1
tečnost u kojoj se kuvaju povrće ili meso,1,0
"dugačak kožni remen, ili od nekog drugog materijala koji služi da poveže neke stvari ili da ih drži na jednom mestu",1,0
program koji ispituje druge računarske programe da li su sintaksički ispravni,1,0
nalog apelacionog suda kojim se zahteva od suda koji poseduje pisane (trajno zabeležene)postupke da navede dokumentaciju sa (tog) suđenja,1,0
"zatvoreno more na severozapadu Turske, povezano s Crnim morem preko Bosfora, a Egejskim morem preko Dardanela",1,0
Dati nekome savet,1,0
izmišljeni Englez koji putuje u nepostojeću zemlju Liliput iz satiričnog romana Džonatana Svifta,1,0
izdužene ćelije koje se nalaze u seminifernim tubulama testisa; izgleda da one hrane spermatide,1,0
morske zmije,1,0
"najveće more koje je okruženo kopnom; nalazi se unutar Evrope, Afrike i Azije",1,0
firma koja se bavi poslovima izdavanja,1,0
posuđe napravljeno od visoko kvalitetnog porcelana,1,0
poslednjih 2 miliona godina,1,0
pročišćen puter bojen polako braon bojom i začinjen sirćetom ili limunovim sokom i kaparom,1,0
Grana morfologije koja se bavi građom životinja,1,0
reč ili grupa reči koji funkcionišu kao prilog,1,0
"Veliko zimzeleno drveće i žbunje iz južne Evrope i sa zapada Severne Amerike: drvo jagoda, maginja",1,0
samohodno vozilo koje se kreće po šinama,1,0
povrće i morska hrana umočeni u puter i prženi u dubokom ulju,1,0
mineral koji se sastoji od stroncijum karbonata,1,0
Stanje u kome je neko tužan.,0,1
"poslati poruku ili pokušati da koga doći putem radija, telefona, itd; napraviti signal u cilju prenošenja poruke",1,0
prethodna pojava ili uzrok ili događaj,1,0
glavni grad Pakistana,1,0
Komunistička država koja zauzima veliki deo teritorije Azije; najmnogoljudnija država na svetu,1,0
Poluvodena biljka koja raste na mekoj vlažnoj zemlji; većinom su monokote: ???,1,0
srednja vrednost n vrednosti koja se izračunava kao aritmetička sredina njihovih recipročnih vrednosti,1,0
urediti po abecednom redu,1,0
žensko donje rublje bez rukava,1,0
čin prerađivanja nečega,1,0
"šesti od sedam kanonskih časova molitve, pada predveče, danas je to javna služba nedeljom",1,0
Ženka koze,1,0
tvar koja sjedinjuje ili veže,1,0
novčana jedinica Grčke,1,0
izraz ili izgovor koji je karakterističan za određeni lokalitet,1,0
žblja trava,1,0
uklonite spoljni pokrivač ili omotač s čega,1,0
"Oktopod, lignja, hobotnica,...",1,0
"kontinentalna država na zapadu Afrike, stekla nezavisnost 1960; najveći deo teritorije je u Sahari",1,0
pretvoriti u dramski oblik,1,0
položaj studenta,1,0
"Metvulja, ?horsemint, ?beebalm",1,0
novčana jedinica Kube,1,0
ukrštanje biljaka i životinja različitih urođenih osobina,1,0
pakujac,1,0
povećanje gustine nečega,1,0
Delikatna evropska zeljasta biljka sa sivkastim lišćem i klasijem purpurnih cvetova; nekad se koristila kao lekovita trava..,1,0
Ženka lava,1,0
notacija koja koristi 16 različitih simbola,1,0
Koji je moralno odbojan ili neugodan za čula.,0,1
zapadnoafrički jezik kojim govori narod Volof u Senegalu; srodan je jeziku fula,1,0
nacrtati ili napisati skicu ili nacrt,1,0
stanovnik Kube ili poreklom sa nje,1,0
(računarstvo) kod kojim se identifikuje gde se čuva određeni podatak,1,0
prirodno zatvoren prostor,1,0
oblik koji se krivi prema unutrašnjosti,1,0
čin namernog odstupanja od istine,0,1
zglob koji se slobodno pokreće čije su kosti tako nameštene da omogućavaju pokretanje u jednoj ravni,1,0
javno ili službeno najaviti,1,0
prestati sa radom,1,0
preparat koji se koristi za čišćenje nečega,1,0
najvažnija klasa rakova,1,0
provrteti rupu u nečemu,1,0
grana indoevropske jezičke porodice koja sadrži indijske i iranske jezičke grupe,1,0
Sporazumevati se ćutke i neverbalno; sporazumevati se jezikom znakova,1,0
zabeležiti pokrete u plesu pomoću sistema znakova,1,0
jumanski jezik kojim govori narod Kamia,1,0
"tanka kratka hrenovka, najčešće sa odsečenim krajevima",1,0
fudbalska utakmica u kojoj dve ekipe od 11 igrača pokušavaju da loptu ubace u ili usmere prema protivničkom golu,1,0
Započeti ili voditi rat.,0,1
Suvozemna listopadna orhideja,1,0
Uspostaviti koloniju (za zemlje u razvoju).,1,0
posuda koja je okrugla i otvorena za serviranje hrane,1,0
pripadnik naroda koji govore nekim turkijskim jezikom,1,0
osnovna novčana jedinica Bangladeša,1,0
Leksikograf Sjedinjenih Država (1758-1843),1,0
brza promena mesta,1,0
prihvatiti dokument kao valjan,1,0
"Koji privremeno nije aktivan, o vulkanima",1,0
osoba koja poseduje mnogo materijalnih dobara i novca,1,0
obrub koji se koristi za ukrašavanje odeće ili zavesa,1,0
kontinentalna zemlja u jugocentralnoj Africi; BW,1,0
Bordo ljubičasto grozdasto indijsko voće slatko opore ljubičaste pulpe koje se koristi za slatko,1,0
"Beli prah od kalcijum sulfata od koga se sa vodom pravi semsa koja se brzo stvrdnjava; koristi se u građevini, za skulpture, u medicini kod preloma, itd.",1,0
pretvarati običan jezik u kod,1,0
osoba koja se odmara,1,0
"Zaprljati, onečistiti.",0,1
kratak komad,1,0
ruda iz koje se vadi gvožđe,1,0
Igra na otvorenom koja se igra na polju određenih dimenzija,1,0
Osećanje averzije ili antipatije.,0,1
obožavanje predaka,1,0
napuniti (kao oružje),1,0
Čin zagađivanja.,1,0
politički sistem kojim rukovodi nekoliko ljudi,1,0
republika na istočnom kraju Afrike na Mozambičkom kanalu,1,0
pretvoriti se u rastvor,1,0
obrada podataka kod koje se određuje koje će se operacije izvršavati preko sistema prioriteta,1,0
naterati nekog da napusti službu,1,0
konusno oblikovana posuda koja ima usku cijev na malom kraju i koja se koristi za usmeravanje toka supstanci u kontejner sa malim ustima,1,0
Morske kolonijalne hidrozoe,1,0
glavni i najveći grad i luka Urugvaja,1,0
analiza periodičnih funkcija u sume prostih sinusoidnih komponenata,1,0
tanka šnicla koja može biti brzo pripremljena,1,0
ZM,1,0
predmeti napravljeni od stakla,1,0
proširenje izgrađeno na kosom krovu u koji se smešta uspravan prozor,1,0
rabarbara,1,0
neformalan naziv za oca,1,0
hiljaditi deo sekunde,1,0
Grm iz porodice čempresa s tvrdim šiljastim iglicama,1,0
"standard, model ili obrazac koji se smatra tipičnim",1,0
točak na kome je guma i pomoću koga se pokreće automobil,1,0
zmijinci,1,0
oblik reči koji označava više od jednog objekta,1,0
prikazivati se emitovanjem svetlosti kao zračenjem,1,0
povratne informacije u suprotnosti sa ulazom (koje ga smanjuju),1,0
odbiti da se nešto preda ili podeli,1,0
stanje sumorne žalosti,0,1
čadski jezik kojim se govori u Čadu,1,0
postupanje protiv nekog drugog načina rada koji se vama ne sviđa,1,0
"Jestivo žuto voće, vrsta ""Jamajčanskih orlovih noktiju""",1,0
ćelija koja je deo tumora,1,0
uljudno ime za bilo koju ženu,1,0
virus tumora koji prenosi insekt koji usisava sokove biljaka Empoasca fabae,1,0
postojanje zvuka pošto je izvor prestao sa emitovanjem,1,0
Čin ubeđivanja (ili pokušaj ubeđivanja).,1,0
poljoprivredna zgrada u kojoj su smeštena pernata živina,1,0
učiniti nešto mogućim preko neke specifične akcije,1,0
usoljena ikra jesetre ili druge velike ribe; obično se služi kao predjelo,1,0
Koji je moralno lož ili pogrešan.,0,1
zamišljena linija koja povezuje tačke koje imaju istu temperaturu u datom trenutku,1,0
"otrovna bela materija (Pb[CH3CO]2) koja se koristi za izbeljivanje pamuka, za pravljenje emajla i lakova",1,0
fiktivno ime koje se koristi kada osoba igra određenu društvenu ulogu,1,0
Velika tuga uzrokovana gubitkom voljene osobe (posebno smrću).,0,1
Frojdov termin za seksulanu potrebu ili želju,1,0
"blag, kremast, holandski sir žute boje; okruglog je oblika",1,0
promene strukture strene od strane prirodnih uzročnika kao što su pritisak ili toplota nastala uvođenjem novih hemijskih supstanci,1,0
Lako staklo koje se formira na površini lave a koristi se kao abraziv,1,0
"Koji privremeno nije aktivan, o vulkanima",1,0
relacija koja postoji kada se stvari odvijaju istovremeno,1,0
novčana jedinica Demokratske republike Kongo (bivši Zair),1,0
učiniti siromašnm,1,0
turkijski jezik kojim govore Kazasi,1,0
"ručni alat sa tankim fleksibilnim sečivom, koji se koristi za mešanje ili širenje mekih supstanci",1,0
okeanijski jezik kojim se govori na Havajima,1,0
izmišljeni slon koji se pojavljuje u mnogim francuskim knjigama za decu,1,0
boginja neslopge i razdora; sestra Aresova,1,0
mineral koji se sastoji od silikata mahnezijuma i gvožđa,1,0
nezabeleženi praistorijski jezik koji je preteča svih indoevropskih jezika,1,0
Količina koja može da stane u neku mericu,1,0
mekan plavkasto-beli toksični metal; javlja se u rudama cinka,1,0
svaki racionalan ili iracionalan broj,1,0
"pištolj za koji se puni kroz cev i koji ima dugačko burence, ranije korišten od pešadije",1,0
u vezi sa političkim telima,1,0
prozirna supstanca koja se dobija od četinarske smole,1,0
grana neuronauke koja izučava mozak,1,0
prekrivati zemljište malčem,1,0
prirediti interlinearni prevod reči ili izraza,1,0
mek srebrnkast metal; redak u zemlji,1,0
označiti zvezdicom,1,0
Saxš iz roda Eriophorum;,1,0
pauza kada se neka aktivnost prekida,1,0
osnovna novčana jedinica Filipina,1,0
mekušac iz reda Octopoda karakterističan po osam pipaka; pipci hobotnice koriste se u ishrani,1,0
konverzija analognih informacija u digitalne,1,0
nalog kojim se ovlašćuje policija da uhapsi osumnjičenog i izvede ga pred sud,1,0
reč koja je nastala iz dve ili više reči izostavljanjem ili kombinovanjem nekih zvukova,1,0
tropsko žbunje i trave od kojih se pravi krotonovo ulje,1,0
navodna supstanca za koju se veruje da obezbeđuje večan život; nekada su je tražili alhemičari,1,0
raketa koja je napravljena da iz aviona gađa neki cilj na zemlji,1,0
povećati telesnu težinu,1,0
podvodni bojni brod koji je obično snabdeven torpedima,1,0
gornja površina sobe,1,0
"oblik društvene organizacije u kojoj je žena glava porodice, a loza se prati preko ženske linije",1,0
Kvalitet nekog ili nečega što ima slabiju ili manje poželjnu poziciju.,0,1
KP,1,0
zbirka odlomaka iz književnog dela,1,0
priprema se sa pečurkama u pavlaci i služi se preko testenine i prekriva sirom,1,0
okeanijski jezik kojim govore Maori na Novom Zelandu,1,0
"Šupljorogi preživar blizak kozi ali sa svojstvima antilope: planinske koze, ...",1,0
povratak u originalno stanje,1,0
Kokoti i ??,1,0
Koji se protivi pravilima ili usvojenoj praksi.,0,1
rast cene ili vrednosti,1,0
"konvencionalni metaforični naziv za nešto, koristio se posebno u staroj engleskoj i staroj nordijskoj poeziji",1,0
sigurno mesto,1,0
slogan koji se koristi zarad dobijanja podrške za kakav viši cilj,1,0
zrno pasulja crne boje koji potiče iz Južne Amerike; uglavnom se koristi osušen,1,0
"Koji nije popustljiv, kojim se teško upravlja.",0,1
tibetsko-burmanski jezici kojima se govori na krajnjem severu Burme i u susednim oblastima Kine i Indije,1,0
