X,Predicted,Real
procep na zemljinoj kori (ili površini neke druge planete) kroz koju izbija lava ili gasovi,1,0
Tkanina koja se presavijena stavlja između nogu a pričvrsti se oko struka; nose je najčešće bebe.,1,0
informacija koja podržava statistiku procenu budućih događaja,1,0
"pratiti, otkriti ili utvrditi tok razvoja čega",1,0
Otvor tegle ili boce,1,0
unositi zarazne klice ili njihove produkte u živo tkivo radi dijagnoze ili posticanja imuniteta,1,0
pridružiti brojeve nečemu,1,0
svetlo žuto grožđe bez semena koje se koristi za grožđice i vino,1,0
osvetljenje u prozračnom,1,0
jova,1,0
okrugao plod sa hlebnom teksturom mesa; jede se kuvan ili pečen,1,0
savremeni persijski jezik kojim se govori u Iranu,1,0
peto slovo grčkog alfabeta,1,0
tikva koja ima žutu koru i žućkastu sredinu i obično izdužen vrat,1,0
"uređaj koji prima signal ili stimulans (kao toplota, pritisak, svetlo ili poret) i odgovara na njega na odgovarajući način",1,0
osoba koja profesionalno komponuje ili izvodi muziku,1,0
kombinacija određenog računara i određenog operativnog sistema,1,0
oružje za ubadanje ili sečenje s dugom oštricom,1,0
zaključiti rezonovanjem,1,0
Učiniti boljim.,0,1
Od velikog značaja ili važnosti.,0,1
prirodni žuti ili purpurno crveni pigment koji se javlja u biljnom ili životinjskom svetu,1,0
kuhinjski pribor kojim se seče testo da bi se dobio željeni oblik,1,0
unutrašnja deblja kost ljudske noge od kolena do gležnja knee and ankle,1,0
uvod u pozorišni komad,1,0
zrela jalapeno čili paprika osušena za potrebe kuvanja,1,0
dobiti,1,0
Biljka koja se penje ili uvija:?,1,0
Sedište u kolima.,1,0
Močvarna biljka umerenih područja,1,0
najviša tačka planine,1,0
"Beli prah od kalcijum sulfata od koga se sa vodom pravi semsa koja se brzo stvrdnjava; koristi se u građevini, za skulpture, u medicini kod preloma, itd.",1,0
kratak kritički prikaz,1,0
"nastati, početi postojati",1,0
tanka ovojnica koja sa unutrašnje strane obavija trbušnu šuljinu i prelazi na neke trbušne organe,1,0
iskrivljeno parče drveta koje kada se baci kako treba vrati bacaču,1,0
"uređaj za prikazivanje ulaznih signala kao slova na ekranu, obično ima tastaturu",1,0
"ručni alat sa tankim fleksibilnim sečivom, koji se koristi za mešanje ili širenje mekih supstanci",1,0
svaka šteta proistekla iz povrede prava,1,0
uobičajeni način da se softver učini dostupnim; korisnicima je dopušteno da se prijave kao 'gosti' bez lozinke i da odatle preuzmu sve što se tamo nalazi,1,0
predočiti dokaz za kakvu tvrdnju,1,0
zagovaranje za sistem vladavine u skladu sa ustavnim principima,1,0
lanac dugačak oko 400 milja od preko 200 ostrva na zapadu središnjeg Tihog okeana,1,0
uskladištena informacija koja se koristi da da identifikuje neku stavku u sistemu za skladištenje i pronalaženje informacija,1,0
označiti zvezdicom,1,0
stanje bola ili patnje zbog lošeg zdravlja,1,0
indonezijski jezik kojim se govori na Malim Sundskim ostrvima,1,0
Događaj gorenja (često destruktivnog).,1,0
kozji rogovi,1,0
meso američkog iverka; posebno je važna zimi,1,0
"U pravu, osoba koja potvrđuje verodostojnost dokumenta ili potpisa svojim sopstvenim potpisom",1,0
"Stanje povezanosti među ljudima, posebno emocionalne prirode,",1,0
Grci su ustali protiv Turaka 1821 i uz pomoć Rusa i Engleza izvojevali nezavisnost 1828,1,0
Rod dikotiledona iz porodice Cucurbitaceae; uključuje lubenice,1,0
osećanje intezivne nesreće,1,0
glavni grad Sirije,1,0
preterano velik,1,0
početak anotacije ili glose,1,0
prikupiti i zapaliti materijal za,1,0
neprekidan deo kružnice,1,0
kalkulator koji vodi evidenciju koliko puta se nešto desilo,1,0
najrasprostranjeniji bantu jezik; zvanični jezik Kenije i Tanzanije; funkcioniše kao lingva franka u istočnoj i centralnoj Africi,1,0
drevni iranski jezik,1,0
smanjenje u širinu,1,0
podnevni obrok,1,0
Prusi i Austrijanci su ratovali oko Šlezije a većina evrospkih zemalja je stala na jednu ili drugu stranu (1740-1748),1,0
tanka ploča ili sloj nekog tkiva,1,0
popustljivost i saosećanje koje prema počiniocima kakvog krivičnog dela pokazuju lica ili agencije zadužene za sprovođenje pravde,1,0
osoba koja voli ili je voljena,0,1
rukom pisan tekst koji liči na štampani tekst???,1,0
iskreno moliti ili tražiti nešto,1,0
dugačka i često iskrivljena ljuta crvena paprika,1,0
sirovi grašak malog zrna,1,0
bantu jezik,1,0
čadski jezik kojim se govori u Čadu,1,0
zatražiti od koga da dođe,1,0
politički sistem kojim upravljaju bogati ljudi,1,0
oštra strana koju obrazuje presek dveju površina nekog predmeta,1,0
ponavljanje reči u različitom padežu ili promena u samoj rečenici,1,0
baza podataka o rečima,1,0
vodnice,1,0
kravajac,1,0
švajcerski matematičar (1707-1783),1,0
prosečna vrednost nekih n brojeva izračunata primenom neke funkcije,1,0
knjiga ili dokument ispisan rukom,1,0
turkijski jezik kojim govore Turkmeni,1,0
novčana jedinica Sirije,1,0
krem preliven šećerom i ispečen,1,0
karakter ili simbol koji se nalazi iznad i odmah pored drugog karaktera,1,0
matrica koja ima isti broj vrsta i kolona,1,0
"hibrid između grejpfruta i mandarine, gaji se na Floridi",1,0
"odnositi se na što, odgovarati čemu",1,0
"glavni i najveći grad moderne države Izrael; sveti grad Jevreja, Hrišćana i Muslimana; bio je prestonica starog carstva",1,0
entitet koji ima fizičko postojanje,1,0
koristi se za proizvodnju fruktoze,1,0
činiti zvuke slične žuboru vode,1,0
elipsoidne bakterije zemljišta,1,0
mekan plavkasto-beli toksični metal; javlja se u rudama cinka,1,0
"Psoglavi majmun iz zapadne Afrike, izgled mu je ružan i odvratam; brada mu je žuta, a obrazni nabori plavi; bxuška i zdnjični žuljevi cu crveni.baboon of west Africa with red and blue muzzle and hindquarters",1,0
obožavanje mesta,1,0
Veliko bogatstvo.,0,1
"imenica koja može da se koristi sa označi osobu, mesto ili stvar",1,0
"oblik društvene organizacije u kojoj je žena glava porodice, a loza se prati preko ženske linije",1,0
pomorandža sa slatkom sočnom pulpom; često sa tankom korom,1,0
tekst koji sledi posle glavnog teksta knjige,1,0
ostrvo u Bizmarkovom arhipelagu; deo Papue Nove Gvineje,1,0
novčana jedinica Indonezije,1,0
glavni i najveći grad Lihtenštajna,1,0
testiranje ideje,1,0
uređaj koji se sastoji od ručke sa slobodnim štapićem na kraju i koji se koristi u ručnom trešenju,1,0
sportska grana koja razvija dobru vožnu biciklom ili motociklom,1,0
viski destilovan iz smeš koja sadrži bar 80 procenata kukuruza,1,0
zvečarka,1,0
tamno crvenkasto ljubičasto stono grožđe iz Kalifornije,1,0
odvojiti ili izolovati jednu stvar od druge i smestiti je grupu drugih stvari,1,0
redak pomivalentan metal iz grupe platinskih elemenata; nastaje kao fisioni produkt raspadanja urana u nuklearnim reaktorima i pri nuklearnim eksplozijama,1,0
objekat uveden predlogom,1,0
Morski konjic,1,0
"Tkanina sa obojenom mustrom koja je na njoj odštampana, obično pomoću izgraviranih valjaka.",1,0
autokratija u kojoj vlada monarh koji nasleđuje vlast,1,0
predškolska ustanova za decu od 4 do 6 godina da ih pripremi za osnovnu školu,1,0
Koji može da čini po slobodnoj volji; koji nije sputan ograničenjima.,0,1
odbiti ulazak ili članstvo,1,0
područje na severoistoku Južne Amerike koje uključuje Surinam i Gvajanu,1,0
pretvarati običan jezik u kod,1,0
zbirka basni za koju se veruje da ju je napisao Grčki pripovedač Ezop,1,0
trosložna metrička stopa u kojoj je samo prvi slog naglašen,1,0
zapis koji je u službi obožavanja božanstva,1,0
"Oktopod, lignja, hobotnica,...",1,0
CA,1,0
tečnost ili gusta masa koja se dobija zagrevanjem i mlevenjem zrna kakaoa; osnova svake čokolade,1,0
angažovati ili unajmiti za neki posao,0,1
severozapadni deo Crvenog mora koji se povezuje sa Sredozemnim morem preko Sueckog kanala,1,0
Raniji naziv za Čanophyta,1,0
osnovna SI jedinica za merenje električnu struju,1,0
morske zmije,1,0
merenje količine toplote,1,0
novčana jedinica Tadžikistana,1,0
žensko rublje i noćna odeća,1,0
suglasnik koji se artikuliše korišćenjem obeju usana ; / p / ili / b / ,1,0
narandžast koren; važan je izvor karotena,1,0
koji čini ili donosi dobro,0,1
odvojen deo celine,1,0
meso između vrata (glave) i grudi,1,0
potpuna izborna pobeda,1,0
ženske ovce,1,0
Sputati pomoću brave,1,0
znak (') koji se stavlja iznad vokala kako bi označio naročit način njegovog izgovora,1,0
kakav ritam opetovanim udarcima proizvoditi,1,0
supa sa von ton knedlama,1,0
Čin detaljnog pregledanja (kao pri traženju grešaka).,1,0
slatkovodna riba sa koštanim skeletom; nemasno meso ribe koja se često uzgaja; može da se peče ili dinsta,1,0
ostrvska država u jugoistočnom Karipskom moru,1,0
prevući niklom,1,0
podrška na koju se možete nasloniti dok sedite,1,0
zajednički naziv za novine i časopise,1,0
novčana jedinica Turkmenistana,1,0
tanki ravni komad odsečen od nekog predmeta,1,0
prostor koji ograničavaju kosti karlice i u kojoj je smeštena materica,1,0
Veliko drvo čiji medonosni cvet ima intenzivan miris,1,0
pozorište u kome se izvode opere,1,0
novčana jedinica Tanzanije,1,0
žestok rani pristalica kakvog principa ili reforme,1,0
sprovoditi istragu o nečemu,1,0
Nešto što se nudi (kao predlog ili zahtev).,1,0
YE,1,0
potok ili reka koja se uliva u veću,1,0
supstanca ili jedinjenje koje se dodaje da bi se izazvala hemijska reakcija,1,0
šppagete sa ćuftama u sosu od paradajza,1,0
utakmica sa palicom i loptom između dve ekipe od 9 igrača; ekipe se smenjuju pokušavajući da pomoću palice ostvare pogodak,1,0
"obrtanje normalnog reda reči (kao u ""sir ja volim"")",1,0
"dugačak, strm obronak ili stene; obično rezultat erozije",1,0
sloj tla između gornjeg sloja zemlje i stenovite podloge,1,0
Bizamko goveče,1,0
novčana jedinica bivše Jugoslavije,1,0
uputiti udarac nekome,1,0
najamni radnik koji radi poljske radove,1,0
svaki sistem pisanih znakova,1,0
diskusija među učesnicima na neku dogovorenu ozbiljnu temu,1,0
"severni rukavac Baltičkog mora, između Švedske i Finske",1,0
vežbati šta,1,0
žut ili narandžastocrven pigment koji proizvode biljke,1,0
tortilja punjena mesom zapečena u sosu od paradajza koji je začinjen čilijem,1,0
tačka preseka pravih ili tačka nasuprot osnovi figure,1,0
ćelija koja je deo kosti,1,0
promeniti upotrebu čega i učiniti dostupnim ili upotrebljivim,1,0
novčana jedinica Gambije,1,0
pripadnik naroda koji žive na jugu Benina i Togoa i na jugoistoku Gane,1,0
slatkovodna riba nemasnog mesa iz roda Micropterus,1,0
padež kojim se označava obraćanje,1,0
prenosivi zaklon (obično od platna razapetog preko kolaca i pričvršćenog za zemlju pomoću užadi i klinova),1,0
crni magnetni mineral koji se sastoji od magnezijum karbonata,1,0
tropsko voće bele boje sa primesama ružičaste u srodstvu sa krem jabukama; uzgaja se u južnoj Americi,1,0
"tčin dovođenja nečega do najvećemoguće tačke, vrednosti ili pozicije",1,0
izvršiti matematičke i logičke operacije (na podacima) prema programiranim naredbama kako bi se dobile potrebne informacije,1,0
ćelija iz koje se razvija kost,1,0
tanak deo sa prednje četvrti životinje,1,0
"izvršna, zakonodavna i sudska grana savezne vlade Sjedinjenih Država",1,0
pomiloovati obično grupu ljudi,1,0
krompir koji se peče i služi sa ljuskom,1,0
Sastoji se od svih živih glavonožaca osim porodice Nautilidae: redovi Octopoda (hobotnice) i Decapoda (lignje),1,0
Mladunče zeca,1,0
"biljka sa tankim, belim stabljikama koje nose tamno-zelene listove i formiraju zdužene glavice",1,0
usoljena ikra jesetre ili druge velike ribe; obično se služi kao predjelo,1,0
gajiti osećanja dubokog poštovanja i straha pred autoritetom.,0,1
organsko jedinjenje koje sadrži samo ugljenik i vodonik,1,0
"postepeno formiranje novog tla, povlačenjem mora ili deponovanjem sedimenta",1,0
protivno zakonu ili zakonom zabranjeno,1,0
osnovna novčana jedinica Ruande,1,0
komad jagnjetine,1,0
zaštitna obloga za mehanički deo,1,0
okrugle tikve srednje veličine čija unutrašnjost liči na špagete,1,0
ET,1,0
zlonamerno zadovoljstvo,1,0
anatolski jezik,1,0
određivanje matrica koja kada se pomnoži s datom matricom daje jediničnu matricu,1,0
runolist,1,0
oglasiti se protiv čega,1,0
turkijski jezik kojim govore Kazasi,1,0
napraviti širim,1,0
sijuski jezik kojim govori narod Tutelo,1,0
Cvrčci.,1,0
teorijska raspodela brojeva uspešnih pokušaja u konačnom skupu nezavisnih pokušaja sa konstantnom verovatnoćom uspeha,1,0
"blag, pljosnat luk koji raste u toplim područjima",1,0
Drveni duvački instrument koji ima dva jezička od trske,1,0
karakter koji se dodaje na kraj bloka podataka koji se transmituju i koristi se za proveru ispravnosti transmisije,1,0
samohodno vozilo koje se kreće po šinama,1,0
"zamenica (kao 'koji' ili 'čiji') kojom se odnosna rečenica uvodi u imeničku sintagmu, pri čemu upućuje na centar te sintagme",1,0
prozračna pregrada nalik staklu koja vozaču obezbeđuje vidljivos a istovremeno ga štiti,1,0
Škotski dramski pisac i romanopisac koji je stvorio lik Petra Pana (1860-1937),1,0
zao postupak,1,0
Napraviti od komponenata,1,0
odnosi se na pića koja sadrže alkohol,1,0
Medicinar koji se smatra ocem medicine; autor Hipokratove zakletve (460-377 p.n.e).,1,0
dodatak jelu za poboljšanje ukusa,1,0
ukrasiti utiskivanjem skupocenog ili plemenitog materijala u jednostavnu podlogu,1,0
glagolsko vreme kojim se izražavaju stanja ili događaji koji su se već ostvarili,1,0
muskogijski jezik kojim govori narod Hičiti,1,0
apstraktna komponenta ili element,1,0
palma penjačica iz Šri Lanke i južne Indije,1,0
"Takmičiti se u trci, kao u atletici",1,0
"dug i debeo komad drveta, metala ili maltera itd, koji se koristi u građevinarstvu",1,0
makromolekularni produkt polimerizacije propilena; predstavlja tvrdi termoplastični polimer,1,0
Neko od raznovrsnih peciva napravljenih od testa pa pečenih,1,0
dugačak i uzak vodeni tok koje je napravljen za navodnjavanje ili da kroz njega prolaze brodovi,1,0
dug vremenski period,1,0
"pretvoriti u ugalj, spaljivanjem",1,0
korekcija napravljena brisanjem,1,0
"zaoštrena alatka za pisanje, crtanje ili graviranje",1,0
bafer koji čuva podatke dok štampač ne bude spreman,1,0
zamišljena linija koja povezuje tačke koje imaju istu temperaturu u datom trenutku,1,0
poduhvat koji se preduzima bez obzira na mogući gubitak ili povredu,1,0
"odbojno, vrlo neprijateljsko ponašanje",1,0
"u obradi informacija, uređena lista zadataka koje treba obaviti ili poruka koje treba transmitovati",1,0
Kardinali.,1,0
položaj sudije,1,0
koji zavisi od kiseonika ili vazduha,1,0
postupak klasifikovanja ili obezbeđivanja indeksa da bi se neke stavke mogle lakše pronaći,1,0
Koktel Riki koji se pravi sa džinom,1,0
jezik koji se govori ili piše,1,0
povećanje gustine,1,0
paralela oko severnog odnosno južnog pola,1,0
najveći planinski lanac u Bugarskoj i na Balkanskom poluostrvu,1,0
"kvalitet nečega što je isto po količini, meri, vrednosti ili statusu",0,1
KP,1,0
"koji pokazuje ili je motivisan saosećanjem, razumevanjem i velikodušnošću",0,1
knjiga sa praznima stranama za pravljenje zabeleški,1,0
slatka trava; ?pigweed,1,0
velika vojna jedinica,1,0
poslovanje koje obezbeđuje usluge turistima,1,0
dodatak koji produžuje glavnu zgradu,1,0
daždevnjaci; proteji; sireni,1,0
promena ponašanja ili principa ili tačke gledišta,1,0
glavanska abterija koja skladišti električnu energiju,1,0
ukrasiti ili namestiti pomoću nečeg okačenog,1,0
Biljke koje imaju ?umbels ili ?corymbs cvetova s jednim prašnikom; uključuje Umbelliferae (uglavnom trave) i Cornaceae (uglavnom drveće i žbunje.),1,0
pomorska bitka u Drugom svetskom ratu (1944),1,0
glavni i najveći grad Jemena,1,0
jezik australijskih starosedelaca,1,0
ruda iz koje se vadi gvožđe,1,0
hodanje osobe koja spava,1,0
veličina izražena brojem,1,0
vezana morfema koja se koristi samo u složenicama,1,0
Ublažavanje patnje; pokazivanje velike dobrote prema izmučenima.,0,1
Potez kao u fudbalu,1,0
pojas za vezivanje ili kopčanje oko tela (obično u struku),1,0
Čin ili proces merenja.,0,1
pomešan škotski viski i soda,1,0
zadatak dodeljen za pojedinačne studije,1,0
glikozid izveden iz glukoze,1,0
osnovna novčana jedinica Švedske,1,0
"indijski jezik; državni jezik Maharaštre, zapadni centralni deo Indije; pisan je devanagarijem",1,0
uzrokovati da šta prođe,1,0
zamenjivanje imena naslovom (titulom?),1,0
višegodišnje biljke severne hemisfere,1,0
"nezakonito uplitanje u čiji tuđi posed (lična imovina kao i nekretnine), ili postupak pokrenut za povraćaj štete",1,0
Vršiti vlast nad nekim; npr. o narodima.,1,0
novčana jedinica Kostarike,1,0
najveća slatkovodna evropska riba koja može da naraste i do tri metara dužine,1,0
poljoprivredna mašina kojom se žanje žito,1,0
Završna akcija.,1,0
jumanski jezik kojim govori narod Havasupai,1,0
"izvršenje religijske, ceremonijalne ili javne obaveze",1,0
period od 10 godina,1,0
sistemsko kombinovanje korena i nastavaka u pojedinačne reči,1,0
glavni grad Malte,1,0
stanje promene,1,0
bivša osnovna novčana jedinica Senegala,1,0
"mekan, sivi metal koji se koristi u legurama; ranije se zvao kolumbijum",1,0
irokeški jezik kojim govori narod Onondaga,1,0
tekst koji prethodi glavni tekst knjige,1,0
"kontinentalna zemlja u centralnoj Africi, na severoistočnoj oblai jezera Tanjganjika",1,0
Učiniti svetim pomoću religijskih obreda.,0,1
"mekana hrana dobijena kuvanjem ovsene kaše, drugog jela ili mahunarki u vodi ili mleku dok se ne zgusne",1,0
Zgrada u kojoj se vrši likvidacija životinja radi proizvodnje mesa,1,0
pantalone koje su kraće od normalne dužine,1,0
staviti nešto u nešto,1,0
Postati stabilan ili stabilniji.,0,1
šupljina u kojoj počinje debelo crevo a u koju se otvara ileum,1,0
odnosi se na tip rečenice ili glagolskog oblika kojim se izražava pitanje,1,0
pretvoriti u žele,1,0
podroban analitičan ili objašnjavajući esej ili diskusija,1,0
"način kojim se radnja ili stanje predstavljaju ne kao činjenice, već kao nešto neizvesno ili moguće",1,0
ispuniti slutnjom ili uznemirenošću; izazvati neprijatnu iznenađenost,1,0
"kontinentalna država jugoistočne Afrike, stekla nezavisnost 1968",1,0
osobina atraktivno tanke osobe,1,0
zapaliti se,1,0
vremenom se približavati,1,0
"zaokruženi odeljak muzičkog komada, simfonije ili sonate",1,0
javna plesna dvorana gde se pleše uz snimljenu muziku,1,0
Krasuljak,1,0
Centar vlasti (kao što je grad iz koga se upravlja),1,0
Rusomača,1,0
pisana procena književnog rada,1,0
osoba koja govori više jezika,1,0
geološko svojstvo koje je ostatak ranije postojeće formacije nakon nestanka drugih delova,1,0
virus tumora koji prenosi insekt koji usisava sokove biljaka Empoasca fabae,1,0
integrisano kolo koje obavxa gomilu obrade i kontroliše delove sistema,1,0
veličina koja može da uzme bilo koju iz skupa vrednosti,1,0
prirodni predmet koji liči na mašinu po strukturi i funkciji,1,0
vodič za turiste,1,0
Čin primene (koji daje praktična sredstva da se nešto postigne).,1,0
urediti po abecednom redu,1,0
način artikulacije koji uključuje zvučno oslobađanje daha,1,0
pripremati hranu na masti ili ulju u tiganju,1,0
opredeljenje koje karakteriše mišljenje grupe ili nacije,1,0
Imati sposobnost ili moć kreativnosti.,0,1
kapljica rose,1,0
preparat koji se koristi za čišćenje nečega,1,0
naneti nekome nepravdu,1,0
promeniti spoljašnju strukturu ili izled,1,0
stanovnik Grčke ili poreklom iz Grčke,1,0
pavpav,1,0
kozice,1,0
Veza između motorne nervne ćelije i mišićne ćelije naziva se nervno-mišićna sinapsa ili periferna sinapsa. Sinapsa pripada tipu hemijskih sinapsi jer se poruke sa motorne nervne ćelije na mišićnu ćeliju šalju preko hemijskih supstanci koje nazivamo – neurotransmiteri.,1,0
vatreno oružje koje se puni kroz cev,1,0
glavni i najveći grad i luka Libije,1,0
uređaj čiji je list perforiran i kroz čije proreze mastilo ili boja prolaze da bi stvorili odštampani otisak,1,0
dravidski jezik kojim se govori pretežno u južnoj Indiji,1,0
folija napravljena od aluminijuma,1,0
Ukazati poverenje kome.,0,1
geološka struktura pri kojoj je središnji stenski blok uzdignut između dvaju ili više paralelnih raseda,1,0
osoba koja živi (ili je smeštena) blizu druge,1,0
Stanje zrelosti; puni razvoj.,0,1
osećati fizički bol,1,0
testenina dugačkih tankih pljosnatih traka koja je šira je od špageta i uža od fetućina,1,0
prirodna akumulacija bitumena na površini zemlje; često funkcioniše kao zamka za životinje čije se kosti tako očuvaju,1,0
uređaj nalik na praćku koji se koristi u raznim primitivnim društvima za izbacivanje strelica ili kopalja,1,0
bakalar koji se obično peče ali se nekad i bari sa buterom,1,0
"standardno vreme u 5. vremenskoj zoni zapadno od Griniča, računato na 75. meridijanu; koristi se u istočnim Sjedinjenim Državama",1,0
oružje koje koriste vojne ili pomorske snage,1,0
Pljosnate ribe,1,0
Ispuniti očekivanja.,0,1
kremasti preliv koji sadrži mrvljeni plavi sir,1,0
pododeljak čina u komadu,1,0
uređaj za dešifrovanje kodova i šifara,1,0
komad mesa sa butnog dela svinje (najčešće dimljen),1,0
slikovno predstavljanje i manipulacija podataka uz pomoć računara,1,0
osnovna novčana jedinica Moldavije,1,0
ceremonija koja se održava u sinagogi (obično za vreme Pedesetnice) kojom se priznaju za odrasle članove Jevrejske zajednice mladići i devojke koji su uspešno završili kurs Judaizma,1,0
mek srebrnkast metal; redak u zemlji,1,0
"okluzivni konstant artikulisan oslobađanjem pritiska na glotisu, kao pri iznenadnom početku vokala",1,0
niz uređenih grupa ljudi ili stvari unutar sistema,1,0
postati učesnik; biti uključen u šta,1,0
koji donosi spasenje ili iskupljenje od greha,0,1
kratka prodorna buka,1,0
teška okeanska ptica kratkog repa,1,0
strukture tela kojoj oblik daje hrskavica,1,0
novčana jedinica Kube,1,0
seckano meso pomešano sa krompirima i zapečeno,1,0
repa belog korena,1,0
postupati prema nekome drugačije zbog njegovog pola ili rase,1,0
izmišljeni Englez koji putuje u nepostojeću zemlju Liliput iz satiričnog romana Džonatana Svifta,1,0
ponašati se na takav način da se neko ili nešto stekne,1,0
novčana jedinica Urugvaja,1,0
primiti u grupu ili zajednicu,1,0
označiti mustrom ukrštenih linija,1,0
porodica jezika kojom govore Karibljani,1,0
komad nameštaja koji služi za spavanje,1,0
ogrličar,1,0
biljojedi ljiljci,1,0
operacija prikupljanja informacija o neprijatelju,1,0
stići kamo i ukrcati se,1,0
letelica bez krila koja se penje zbog vrtnje gornjih elisa,1,0
zmijinci,1,0
odnos između jedinica kojim se izražava disjunktnost njihovih značenja,1,0
"biljka sa razgranatim, nepotpuno razvijenim cvastima uglavnom tamno-zelene boje",1,0
Nešto što se duguje.,1,0
jumanski jezik kojim govori narod Diegeno,1,0
pretvoriti u krečnjak,1,0
politički sistem kojim rukovodi nekoliko ljudi,1,0
novčana jedinica Pakistana,1,0
kvadratna matrica kod koje su sve elementi koji nisu na glavnoj dijagonali jednaki 0,1,0
uređaj koji proizvodi paru ili gas,1,0
"naziv cifre 8, znak koji obeležava broj osam",1,0
pasti ili se spustiti na niže mesto ili nivo,1,0
sporazumevati se preko pisama,1,0
Osećanja proživljena kada je neko u zadovoljnom stanju.,0,1
"Zeljasta ili grmolika, zimzelena ili listopadna biljka, godišnja ili višegodišnja biljka;?",1,0
vežbanje za neki javni nastup,1,0
dijagram koji koristi krugove za predstavljanje skupova; pozicija i preklapanje krugova ukazuje na relacije između skupova,1,0
izlaz relativno u odnosu na ulaz; količina koja prolazi kroz sistem od ulaza ka izlazu (posebno kod računarskih programa u nekom periodu vremena),1,0
privremeni most koji se gradi preko niza pontona,1,0
neprijatno ili razočaravajuće iznenađenje,1,0
uložnica koja sadrž magnetnu traku; koriste je audio i video rekorderi i računari i,1,0
izjava ili tvrdnja sa proverenim informacijama o nečemu što se događa ili se dogodilo,1,0
reprezentacija koja se sastoji od scenografije i drugih sredstava koja se koriste za identifikaciju lokacije kakve dramske produkcije,1,0
novčana jedinica Ugande,1,0
glagolski oblik kojim se izražava radnja završena u prošlosti pre neke druge radnje,1,0
Produžiti vremenski; izazvati da bude ili traje duže,1,0
obezbediti računarima,1,0
dravidski jezik kojim se govori pretežno u centralnoj Indiji,1,0
jedan poseban događaj,1,0
funkcionalna reč koja može da zameni imenicu ili imeničku sintagmu,1,0
štrkalj čije larve prodiru u potkožno tkivo govečeta,1,0
"Glasanje u kome nije poznato kako je glasao ni jedan pojedinac, ali ukupni rezultati glasanja su javni.",1,0
biljojed sličan malom medvedu koji živi u Australiji,1,0
oblikovati kao testo ili glinu,1,0
junak španske epske poeme iz XII veka,1,0
"tvrd, svetložuti sir s puno rupa kakav se pravi u Švajcarskoj",1,0
transportna linija koja obavlja prevoz autobusom po utvrđenoj ruti,1,0
"Dramski pisac i pripovedač (rođen u Irskoj), živeo u Francuskoj; pisao je komade za Teatar apsurda (1906-1989).",1,0
lagano udariti,1,0
osoba koja poseduje mnogo materijalnih dobara i novca,1,0
prebacivanje nečega u formu romana,1,0
unija država koja promoviše slobodnu trgovinu i zajedničke carinske tarife za zemlje koje nisu članice,1,0
slatka tamno ljubičasta šljiva,1,0
razraditi razvijanjem muzičke ideje i razrađivanjem ritmičkih i harmonijskih promena u temi,1,0
Koji karakteriše životinje za razliku od biljaka.,0,1
novčana jedinica Turske,1,0
odlučujući momenat u romanu ili drami,1,0
gambuzija,1,0
letelica koja ima čvrsta krila i pokreću je propeleri ili mlazni motori,1,0
"Napoleon je porazio Ruse u rovovskoj bici kod Borodina 1812, ali je nepopravljivo oslabio svoju armiju",1,0
nezavisna hrišćanska crkva ustanovljena 300 g. pod uticajme rimske i vizantijske tradicije,1,0
"karakteristika apsolutnog vladara ili vladanja, koji ima putpunu vlast",1,0
aspekt izgovora koji podrazumijeva združivanje artikulornih organa kako bi oblikovali zvuk govora,1,0
kanta u kojoj stoji đubre dok se ne izbaci,1,0
glavni i najveći grad Zambije,1,0
sudski nalog kojim se nalaže zaplena lične svojine dužnika za namirenje dugovanja,1,0
"tekstil koji se koristi u domaćinstvu, obično bele boje",1,0
"najmanja planeta sunčevog sistema, najbliža suncu",1,0
Britanije,1,0
osnovna novčana jedinica na Bahamima,1,0
odnos srodstva između muške osobe i njegove braće i sestara,1,0
reč formirana od početnih slova dve ili više reči koje čine sastavni deo te reči,1,0
imati neželjene ili negativne kvalitete,1,0
Araceae; Lemnaceae,1,0
iznenada se sručiti; upadljivo opadati,1,0
mleko od životinje jak; melo je ružičaste boje,1,0
osnovna novčana jedinica Češke,1,0
naprava za dizanje tereta namotavanjem užeta na točak,1,0
Imaginarni broj oblika a+bi kod koga je a=0,1,0
komad govedine,1,0
prozna priča kraća od romana,1,0
"alkoholno piće pomešano sa vodom, šećerom i začinima koje se služi toplo",1,0
Rukom ili nekim predmetom izazvati udarac.,1,0
ponavljanje rečenice obrnutim redom reči,1,0
tkanina koja prekriva grudi ili prsa,1,0
imperator Rimskog carstva,1,0
stanovnik ili poreklom iz Afrike,1,0
obuhvata mnoge patogene vrste,1,0
Igra na otvorenom koja se igra na polju određenih dimenzija,1,0
prostor u velikoj zgradi koji je podeljen u zasebne jedinice,1,0
osoba uključena u trgovačke ili industrijske poslove,1,0
loše mirisati,1,0
birači koji biraju predstavnika za svoje područje,1,0
ostrvlje u Norveškom moru,1,0
izraz kojim se vrši predikacija,1,0
protokol koji se zasniva na TCP-u a služi za prenos hiperteksta izmđu servera i prelistača,1,0
mrežna topologija čije su komponenet povezane na glavni računar,1,0
biti privlačan kome,0,1
imati kretanje creva,1,0
lantanoide - srebrnobeli feromagnetni trivalentan metal,1,0
kukuruzar,1,0
student koji jako puno uči,1,0
jabuka koja rano sazreva popularna u severoistočnoj Americi; najčešće se jede sirova ali je pogodna i za sos od jabuka,1,0
austronezijski jezici kojima se govori na Formozi,1,0
prirodno i periodićno stanje odmora tokom koga se gubi svest o svetu,1,0
slatko aromatično grožđe koje se koristi za grožđice i vino,1,0
nekastrirane odrasle muške ovce,1,0
Čin kojim se čini neko dobro delo.,0,1
okrugla ili loptasta bakterija,1,0
"međusobno inkorporiranje materija, upijanje materija jednu uz drugu",1,0
okeanijski jezik kojim se govori na Havajima,1,0
logička kapija koja daje izlaz samo kada svi ulazi postoje,1,0
pričvrstiti pomoću dugmadi,1,0
matrica koja se dobija kada se razmene vrste i kolone date matrice,1,0
čemakuanski jezik kojim govori narod Čemakum,1,0
užasno morsko čudovište koje simbolizuje zlo u Starom zavetu,1,0
dvostruki sloj peritoneusa koji se drži za stražnji zid trbušne duplje i pridržava tanko crevo,1,0
"dužnost koju morate da ispunite, posebno u oružanim snagama",1,0
stepen izloženosti pažnji javnosti,1,0
novčana jedinica Alžira,1,0
odnosi se na društva kojima nedostaje kapital za industrijalizaciju,1,0
odustati od kakve pozicije ili se sa nje povući,1,0
pokrenuti silom,1,0
zabeležiti pokrete u plesu pomoću sistema znakova,1,0
Vodena zeljasta biljka,1,0
osoba kojoj nedostaje tehnička obuka,1,0
razdvojiti od drugih,1,0
osnovna novčana jedinica Kine,1,0
osnovna novčana jedinica Saudijske Arabije,1,0
osnovna novčana jedinica Papue Nove Gvineje,1,0
rezonovanje koje pokazuje kako zaključak logički sledi prihvaćenih premisa,1,0
"naziv cifre 6, znak koji obeležava broj šest",1,0
jabuka koja se primarno koristi za kuvanje,1,0
odeljenje u zatvoru (koja se obično sastoji od nekoliko ćelija),1,0
objekat koji se sastoji od sistema kanalizacije za odvod tekućih i čvrstih otpadnih voda,1,0
pokrenuti parnicu protiv nekog; tužiti,1,0
nauka o kriminalitetu i počiniocima kriminalnih dela,1,0
izbijati upadljivo iz nečega,1,0
usoljen i sušen zid stomaka sa boka svinje,1,0
baleniceps,1,0
organizacija ljudi (ili zemalja) uključenih u pakt ili ugovor,1,0
reč koja izražava atribut nečega,1,0
egipatski bog Sunca sa glavom jastreba,1,0
osnovna novčana jedinica Slovačke,1,0
izvući iz kakve zamršenosti,1,0
"Tuski sultanat koji je obuhvatao jugozapadnu Aziju, severnoistočnu Afriku i jugoistočnu Evropu; osnovali su ga otomanski Turci u XIII veku a trajalo je od Prvog svetskog rata",1,0
događaj u koem se nešto premešta bez rotacije,1,0
uređaj koji uvećava sliku malih predmeta,1,0
"ući u savez, zavet",1,0
kožuškari,1,0
bavarski krem okružen piškotama,1,0
Skandinavski liker obično začinjen semenom kima,1,0
uvijuša,1,0
Slagati se.,1,0
koji ispoljava pogodan ili povoljan uticaj,0,1
čin odstranjivanja sadržaja iz nečega,1,0
(računarstvo) operacije čitanja ili pisanja uskladištenih informacija,1,0
najistočnije ostrvo na Malim Antilima u Karipskom moru,1,0
legendarno stvorenje koje liči na malog starca i živi u dubinama zemlje i čuva zakopano blago,1,0
"oglašavati se (kao vetar, voda ili vozila)",1,0
mandat koji se daje vladi i njenoj politici putem izborne pobede,1,0
električni som,1,0
vršiti vojnu službu,1,0
Markovljev proces kod koga su parametar diskretne vremenske vrednosti,1,0
"gubiti dlaku, kožu, rogove ili perje; za životinje",1,0
servilni crnac iz romana Harriet Beecher Stowe,1,0
Sedalo na klozetsko šolji pričvršćeno šarkama.,1,0
znak interpunkcije (/) koji služi za razdvajanje povezanih informacija,1,0
prenositi ili poslužiti kao medij za prenos,1,0
predsedavajući na kakvoj savetodavnoj skupštini,1,0
knjiga ili sveščica koja sadrži zadatke i prazan prostor za unošenje rešenja,1,0
tipski rod porodice Pandionidae,1,0
crvenkastosmeđ; uglavnom o kosi,1,0
Koji se kreće.,0,1
Poklapa se sa rodom Tarsius: aveti,1,0
Glodar rovaciz starog i novog sveta koji uništava useve,1,0
dugačka testenina punjena seckanim mesom ili slabim sirom pečena u sosu od paradajza,1,0
uređivanje koje podrazumeva da se nešto ponovo napiše,1,0
modrozelene alge,1,0
pripada velikoj klasi siloksana koji su obično stabilni na različitim temperaturama,1,0
Zvanični akt suda kojim se naređuje neka činidba,1,0
spisak kod koga će se poslednja nabavljena stavka prodati prva,1,0
zamenica kojom se označava da radnja agensa utiče na samog agensa,1,0
Stav divljenja ili poštovanja.,0,1
izbaciti telesne tvari,1,0
analiza periodičnih funkcija u sume prostih sinusoidnih komponenata,1,0
"Biljke koje imaju sabljasto lišće, uspravne stabljike i cvetaju cvetovima jakih boja koji imaju tri latice i tri?",1,0
prenos informacija širokoj publici,1,0
zaslađena masa koja se može duže vremena da se žvaće,1,0
sladak krompir sa dubokim narandžastim mesom koje ostaje vlažno kada se peče,1,0
Elegantni preživar iz starog sveta sa dugim nogama i rogovima koji nagore i unazad: uključuje gazele i ??,1,0
"okrugla dilatacija ili proširenje u kanalu, sudu ili organu",1,0
neformalni izrazi za novac,1,0
"alkalni metal IA grupe, ima 30 izotopa čije se atomske mase nalaze između 75-98; postojan je samo jedan - 85; u prirodi se javlja i njegov izotop 87",1,0
"Koji stvarno postoji, gzistira.",0,1
brza promena mesta,1,0
korisnici usluga zbirno (?),1,0
materijal koji se koristi za zaštititu odeće i brisanje usta,1,0
"Lavovi, leopardi, jaguari, tigrovi, ??",1,0
ljepljiva traka koja se koristi za oblaganje rana,1,0
"dugačak kožni remen, ili od nekog drugog materijala koji služi da poveže neke stvari ili da ih drži na jednom mestu",1,0
uzgajana višnja sa tamnim mesom i sokom,1,0
koji lako žali i sažaljeva,0,1
mineral koji se sastoji od hlorida i vanadata olova; izvor vanadijuma,1,0
zgrada u kojoj se nalaze svlačionice za kupače,1,0
"Proizvodnja, eksploatacija ili uzgajanje nečega (obično u velikom broju) za prodaju (u ekonomiji).",1,0
usvojene reči nekog govornika jezika,1,0
Sposobnost da se razume; razumeti i profitirati na iskustvu.,0,1
"primeniti, primenjivati u komponovanju zakone kontrapunkta",1,0
ukrasiti bojama,1,0
oblikovati štampani materijal u traženi format,1,0
uređaj koji se sastoji od delova na kojima nešto može da se klizi,1,0
Žena koja je crna,1,0
pojačati ili smanjiti intenzitet,1,0
rekviziti koji se koriste za ribolov,1,0
javni službenik ovlašćen da odlučuje o pitanjima koja se iznose pred sud,1,0
izderati površinu nečega,1,0
Voljena osoba; koristi se u izrazima od milja.,0,1
pokrenuti se brzo ili iznenadno,1,0
period od sedam uzastopnih dana koji počinje u nedelju,1,0
nepromenljivi tekst koji se koristi u toku moljenja,1,0
uska trakasta testenina sa jajima,1,0
glavni grad Kiribatija,1,0
ploča koja je izgravirana,1,0
prostor u kome važe Euklidove definicije i aksiome; metrički prostor koji je linearan i konačno-dimenzionalan,1,0
uređaj koji signalizira pojavu kakvog neželjenog događaja,1,0
opaziti slušajući,1,0
uređaj koji isporučuje električnu struju kao rezultat hemijske reakcije,1,0
Misirski bog Sunca; brat i muž Izide; otac boga Hora,1,0
iyučavanje literature,1,0
meso starije domaće ovce,1,0
pojava iz gramatike latinskog - imenica i njen modifikator koji funkcionišu kao modifikatori rečenice,1,0
Rod familije Tuberaceae: gljive čija su tela tiplično ?truffles,1,0
zašiljeni deo gramofona kojim se proizvodi zvuk kada on prelazi preko udubljenja na disku koji se okreće potrebnom brzinom,1,0
površ koju čine dva poluprečnika kružnice pod pravim uglom ipripadajući luk,1,0
transuranski element koga nema u prirodi,1,0
zapadnoafrički jezik kojim govori narod Volof u Senegalu; srodan je jeziku fula,1,0
Bodljivci starog veta,1,0
jezici kojima govore brđanska plemena severne Burme i okolnih oblasti,1,0
proširenje izgrađeno na kosom krovu u koji se smešta uspravan prozor,1,0
koji oseća ili ispoljava žalost i tugu,1,0
GT,1,0
font kod koga različiti karakteri imaju različite širine,1,0
"naziv cifre 4, znak koji obeležava broj četiri",1,0
meso jedne od morskih riba iz familije Sparidae ili iz fmilije Bramidae,1,0
naslov koji se štampa na vrhu svake stranice (ili svake druge strane) knjige,1,0
novčana jedinica El Salvadora,1,0
"neposredno pre ili posle, kao u lancu uzroka i posledica",1,0
dovesti nešto u red,1,0
sir pravljen mešanjem više sira,1,0
Biljka jugoistočne evrope; gaji se zbog misrisnog ružičastog cveća i okruglih srebrnobelih semenih čaura koje se korise za unutrašnju dekoraciju,1,0
gelski jezik kojim se nekada govorilo na ostrvu Man,1,0
pustinja između Nila i Crvenog mora,1,0
(računarstvo) aktuator koji pomera glavu za čitanje/pisanje na odgovarajuću stazu sa podacima,1,0
formirati erozijom,1,0
"osoba koja smišlja, piše i testira računarske programe",1,0
osnovna novčana jedinica Poljske,1,0
drvena ili plastična ploča na kojoj se mesi testo za hleb,1,0
"primiti, primati u sebe",1,0
Osećanje samopoštovanja i lične vrednosti.,0,1
glavni grad Svetog Kitsa i Nevisa,1,0
prijatno i površno uzbuđujući,0,1
KG,1,0
sendvič,1,0
mandast tokom kojeg se drži određena pozicija,1,0
novčana jedinica Makaoa,1,0
Dvoredac,1,0
eksplozivna naprava koja eksplodira pri kontaktu; napravljena da uništava voyila ili brodove,1,0
Komunistička država koja zauzima veliki deo teritorije Azije; najmnogoljudnija država na svetu,1,0
"Zeljasto bilje, žbunje i malo drveće: pamuk",1,0
grana neuronauke koja izučava mozak,1,0
informisati rečima,1,0
ući u računar,1,0
Inherentni kompleks atributa koji određuju moralne i etičke akcije i reakcije osoba.,0,1
kritički upoređivati tekstove,1,0
(računarstvo) datoteka koja sadrži podatke koji služe kao ulaz u uređaj ili program,1,0
sposobnost da se odbiju talasi,1,0
numerisati stranice knjige ili rukopisa,1,0
Poslednji deo dana (period smanjene dnevne svetlosti od kasnog popodneva do noći).,1,0
tanki oštri komad metala koji je u kakav materijal kao spajalica ukucan,1,0
"Stanje neaktivnosti (u poslovanju, umetnosti, itd.)",1,0
boginja neslopge i razdora; sestra Aresova,1,0
naći nešto kopanjem zemlje,1,0
program koji daje računaru instrukcije pomoću kojih korisnik dobija alat za izvršenje nekog zadatka,1,0
Stabljike se jedu kao celer ili se kandiraju; seme se koristi kao začin ili se kiseli.,1,0
"najmanja suverena država na svetu, sedište Pape i Rimokatoličke crkve, steka nezavisnost od Italije 1929",1,0
distilled from fermented molasses,1,0
zrno pasulja crne boje koji potiče iz Južne Amerike; uglavnom se koristi osušen,1,0
paleontologija mikrofosila,1,0
svečani čin valdaočevog ustoličenja,1,0
u grčkoj mitologiji bog zapadnog vetra,1,0
zemljouz koji povezuje Centralnu i Južnu Ameriku,1,0
uzrokuje usvajanje nove ili druge religije,1,0
izmišljeni detektiv iy romana A. K. Dojla,1,0
naspramne stranice knjige ili neke druge publikacije,1,0
odbijati svedočenje pozivajući se na Peti amandman,1,0
"Psi, vukovi, šakali i lisice.",1,0
stručnjak koji daje savete,1,0
podesiti razmake između reči,1,0
prozračni optički uređaj koji se koristi da sakuplja ili rasejava svetlo i formira slike,1,0
zujare,1,0
novčana jedinica Malte,1,0
alat za sečenje sa ravnim čeličnim sečivom sa reckavom ivicom,1,0
"delovi egzoskeleta, spoljašnjeg skeleta artropoda koji daju potporu organima a za njih su pričvršćeni i mišići",1,0
(pravo) prenos vlasništva činom predaje predmeta,1,0
pohraniti u arhiv,1,0
baštenski alat za košenje trave na travnjacima,1,0
relacija koja postoji kada se stvari odvijaju istovremeno,1,0
indonezijski jezik kojim se govori na Javi,1,0
čadski jezik kojim se govori u severnoj Nigeriji,1,0
novčana jedinica Bolivije,1,0
burito punjen goveđim mesom,1,0
strmi visoki obronak ili stena,1,0
Beloruki gibon,1,0
Germanski karakter koji vodi poreklo od runa,1,0
koji čini živahnim i veselim,0,1
formiranje kamena u unutrašnjim organima,1,0
bantu jezik,1,0
prst na ruci između kažiprsta i prsta na kome se noci prsten,1,0
koštani izraštaj razvijen blizu gornjeg kraja femura za koji su zakačeni mišići,1,0
"asocijacija koju čine Velika Britanija i nezavisne države, većinom bivše kolonije",1,0
"ustanovljeno,zasnovano na zakonu ili na zvanično prihvaćenim pravilima",0,1
smatrati da ste u određenom stanju ili na određenom mestu,1,0
pretpostvka na kojoj leži validnost nečeg drugog,1,0
Nešto predloženo (kao plan).,1,0
Sveta tajna kojom se krštenoj osobi daje potpuno uključenje u crkvu,1,0
prenosiv račnar koji je dovoljno mali da stane na krilo,1,0
mašina koja se koristi u poljoprivredi,1,0
"blag, kremast, holandski sir žute boje; okruglog je oblika",1,0
drozd koji se ističe lepim pevanjem,1,0
"prisiliti ili privoleti ili neprestano terati ili prisiljujući pritisak vršiti, ili snažno motivisati",1,0
skočimiši Starog sveta.,1,0
fenički dijalekat drevne Kartagine,1,0
"Vrsta krečnjaka, vapenca, srednje tvrdoće, pogodan za glačanje i obradu, koristi se u vajarstvu i kao građevinski materijal.",1,0
fleksivni oblik kojim se tipično izražava gramatički odnos povezan s upotrebom indirektnog objekta,1,0
uzdužno gledano polovina životinjskog trupa koja se koristi u ishrani,1,0
sličnost oblika,1,0
radikal koji koristi teror kao političko oružje - obično se sa drugim teroristima udružuje u male ćelije; često koristi religiju da zamaskira svoje terorističke aktivnosti,1,0
okeanijski jezik kojim se govori na Fidžiju,1,0
predstava onoga što je percipirano; osnovna komponenta u formiranju koncepta,1,0
prirodna rupa u zemlji,1,0
pridržavati se čega,1,0
"dugačak konopac, vezan u čvor, koji se koristi za lov na životinje",1,0
sintagma koja može da funkcioniše kao subjekat ili objekat glagola,1,0
uspostaviti mapiranje elemenata skupa,1,0
"Biti zdrav, osećati se dobro.",0,1
naučnik koji istražuje zemljotrese,1,0
"ubiti svakog desetog, kao pobunjenike u rimskim vojskama",1,0
potopljeni (ili delimično potopljeni) greben u reci ili duž obale,1,0
legura bakra i kalaja i ponekad još nekih elemenata,1,0
teški dugačak čekić koji se koristi za ukucavannje eksera ili klinova,1,0
cipela koja se sastoji od đona vezanog kaiševima do stopala,1,0
duktus kroz koji se izbacuje mokraća kod večine sisara,1,0
meso sa nogu živine,1,0
koji koristi ili sadrži previše reči,1,0
prebaciti datoteku ili program s jednog računara na neki drugi,1,0
Kvalitet koji pruža zadovoljstvo čulima.,0,1
predstava nečega; obično u manjim razmerama,1,0
glavni deo organa ili drugih telesnih struktura,1,0
otrovna biljka sa fibroznim korenom,1,0
izdizanje vodene mase i njeno prelivanje na zemljište koje je obično suvo,1,0
ručni alat koji ima zupčastu sečivo za sečenje,1,0
"Onaj koji uživa ili pokazuje radost, zadovoljstvo ili srešu.",0,1
Telo punoletnih građana koji imaju pravo glasa,1,0
"ostrige premazane buterom, spanaćem i začinima koje se peku u jednoj polovini ljuske",1,0
odbacivanje činom zabrane,1,0
odnos između anafore i njenog antecedenta,1,0
bandikut,1,0
MA,1,0
poslovno odelo koje se sastoji od jakne i prsluka i pantalona,1,0
Rod tropskog drveća ili puzavica koje obično imaa široko-krilne?,1,0
(računarstvo) blok (obično jedan sektor) koji ne može pouzdano da čuva podatke,1,0
dugačak riblji file uvaljan u prezle i pržen,1,0
jezero između jugozapadne Šajcarske i Francuske koje se istoka na zapad preseca Rona,1,0
Dudovac,1,0
imenica koja je izvedena iz glagola,1,0
promeniti odeću; obući drugu odeću,1,0
Neko višeg ranga ili položaja ili kvaliteta.,0,1
osnovna novčana jedinica Libije,1,0
novčana jedinica Slovačke,1,0
pismo koje se služi piktogramima,1,0
čitanje ili brzo pregledanje,1,0
početak renesanse u Italiji,1,0
kristalna amino-kiselina koja sadrži sumpor; nalazi se u proteinima i važna je za ishranu,1,0
turkijski jezik kojim govore Tatari koji žive između Volge i Urala,1,0
Osnovno osećanje koje se teško definiše ali koje ljudi žele da osete.,0,1
supstancija koja se emituje ili ispušta,1,0
proučavanje efekata ekonomske geografije na moć države,1,0
okrugli crveni koren koji se koristi u ishrani,1,0
istaknuti aspekat nečega,1,0
odnos srodstva između ženske osobe i njene braće i sestara,1,0
farma na kojoj se proizvode mlečni proizvodi,1,0
licenca kojom se omogućava bavljenje određenom profesijom,1,0
Čin povraćaja ili spasavanja nečeg izgubljenog (ili u opsanosti da se izgubi).,1,0
čvrsta prirodna obloga nekih organizama,1,0
ZW,1,0
na visokom nivou po rangu ili značaju,0,1
čvrsto telo koje se formira učvršćivanjem hemijske supstance i ima veoma pravilnu atomsku strukturu,1,0
organizovan niz radnji i predstava,1,0
"posno belo meso ribe slične bakalaru ali manja; može da se peče, pošira ili kratko dinsta ili prži kao filet",1,0
"Bumbari, ??",1,0
tražiti od nekoga da uradi nešto,1,0
temperaturni stepen na Farenhajtovoj skali,1,0
obojiti prugama ili mrljama različitih nijansi,1,0
šta objasniti ili tumačiti,1,0
Veliki rasprostranjen rod krupnih dlakavih trava sa belim?,1,0
"redak, težak polivalentan metal koji je hemijski sličan magenzijumu i koristi se u nekim legurama; dobija se kao nusprodukt pri preradi ruda Mo, a koristi se kao katalizator",1,0
čiji domaćin biti,1,0
javni put koji obično ima trotoare i koja prolazi kroz naseljeno mesto,1,0
Nešto urađeno (obično suprotno od nečeg rečenog).,1,0
mineral koji se sastoji od mangan dioksida; važan izvor mangana,1,0
unos sa listom osoba koje su doprinele filmu ili pisanom radu,1,0
papir koji deluje zgužvano; obično je u boji i koristi se za dekoraciju,1,0
karaktera koja počinje tačkom iza koje slede jedno ili više alfanumeričkih simbola; drugi deo imena datoteka na MS PC računarima,1,0
Grana morfologije koja se bavi građom životinja,1,0
poželeti dobrodošlicu kome; pozdraviti koga na dolasku,1,0
izazvati proces fermentacije,1,0
fleksivni oblik kojim se tipično identifikuje gramatički subjekat,1,0
helenska grana indoevropske jezičke porodice,1,0
promena agregatnog stanja iz jednog u drugo bez promene hemijskog sastava,1,0
Koji proizvodi ili je sposoban da proizvede nameravani rezultat ili koji proizvodi izuzetan efekat.,0,1
mineralna voda koja sadrži litijumske soli,1,0
"Seme slanutka, slanog graha, prženo i samleveno se upotrebljava kao dodatak kafi.",1,0
napustiti svoja uverenja ili veze,1,0
čadski jezik kojim se govori u Čadu,1,0
potpora ili temelj,1,0
refleks koji izbacuje crevne gasove kroz anus,1,0
vlaknasti amfibol;  koristi se za proizvodnju vatrootpornih proizvoda; udisanje vlakana može izazvati azbestozu ili karcinom pluća,1,0
mikser sa električnim pogonom koji vitla sečivima koji mešaju ili sipaju ili rastvaraju hranu,1,0
"Nerazvijene i zemlje u razvoju Azije, Afrike i Latinske Amerike",1,0
"lična sloboda od ropstva, zarobljeništva i ugnjetavanja",0,1
pretvoriti u karamel,1,0
jjedan od četiri jevrejska proroka iz 6 veka pre nove ere,1,0
Koji je pred erupcijom ili izbacuje lavu (o vulkanima),1,0
komad otvorenog zemljišta za rekreacijsku upotrebu u gradskoj zoni,1,0
"tibetsko-burmanski jezik kojim se govori na Tibetu i Nepalu, u Butanu i Sikimu",1,0
muški valdar imperije,1,0
ugovor o prenosu lične svojine,1,0
austronezijski jezici kojima govore australijski starosedeoci,1,0
"Čest polivalentni nemetalni element bez ukusa i mirisa, najpoznatiji po javljanju u žutim kristalima; javlja se u mnogim sulfidnim i sulfatnim mineralima, a čak i u izvornom obliku (posebno u vulkanskim područjima).",1,0
"koncizno objašnjenje značenja reči, fraza ili simbola",1,0
određena vrsta materije sa uniformnim osobinama,1,0
mali zemljotres,1,0
sudbina koja preseca nit života,1,0
naziv pod kojim je poznata kakva geografska lokacija,1,0
"Svernoamerička držva koju čine 50 država, od koji su 48 s središnjem delu Severne Amerike, Aljaska je na severozapadu Severne Amerike, Havaji su ostrava u Tihom okeanu",1,0
osnivač Rima; njega i njegovog brata Rema je othranila vučica pošto su ih roditelji (Mars i Rej Silvije) odmah po rođenju pustili niz Tibar;kasnije je ubio brata Rema zbog svađe oko izgradnje rima,1,0
posveta na nadgrobnoj ploči ili spomeniku u sećanje osobu sahranjenu na tom mestu,1,0
postati manji,1,0
osnovna novčana jedinica Indije,1,0
Spojen ili vezan.,0,1
sindrom koji se javlja kod mnogih ženama 2 do 14 dana pre početka menstruacije,1,0
okruglo karipsko voće veličine jednog inča sa grubom zelenom kožom i slatkom sočnom providnom pulpom; jede se kao grožđe,1,0
Žižak,1,0
kolekcija kxiga koju čine sveti hebrejski rukopisikoji beleže njihovu istoriju izabranih ljudi; prva polovina hrišćanske Biblije,1,0
vozilo sa točkovima koje može da se vuče iza automobila ili kamiona; opremljeno za život;,1,0
škriljac od koga se zagrevanjem može dobiti ulje,1,0
glavni grad Pakistana,1,0
Inkvizicija koja je branika katolicizam u Španiji (posebno od XV do XVII veka),1,0
student (ili bivši student) na koledžu ili univerzitetu,1,0
Skakavci sa kratkim rogovima; pravi?,1,0
reprodukovati uz pomoć fotokopir mašine,1,0
"prekinuti sa nekom radnjom, na primer",1,0
izgubiti debljinu - postati tanak ili tanji,1,0
osećati pokajanje zbog nečega (?),1,0
i u metaforičkom značenju,0,1
uređaj koji se koristi za slanje signala,1,0
ispravljač koji ekstrahuje mudulaciju iz nosača radio signala,1,0
reptil koji ima par otvora u lobanji iza svakog oka,1,0
nečiji bračni drug,1,0
napraviti sastavljanjem iz delova,1,0
trka izmeđo obično veoma moćnih automobila,1,0
izmereno po dužini,1,0
dijakritički znak (~) koji se stavlja iznad slova n u španskom kako bi se označio palatalni nazalni zvuk ili koji se stavlja iznad vokala u portugalskom kako bi se označila nazalizacija,1,0
(odnosi se na zvukove ili glasove); proizvodi visok ton,1,0
preliminarni izbori na kojima se biraju delegati ili kandidati,1,0
učiniti oštrim,1,0
relativno mala tuna belog mesa; glavni izvor konzervirane tune,1,0
"ostrvska država na ostrvima privetrine, stekla nezavisnost 1979",1,0
poređati nešto kao nisku,1,0
transuranski element koga nema u prirodi,1,0
dodavanje informacija ili detalja,1,0
UG,1,0
primer nečega,1,0
Institucija niza koraka kroz koje se priziva pravno delovanje,1,0
nefinitni oblik glagola koji se u nekim jezicima ponaša kao njegov osnovni oblik,1,0
"Jestivo žuto voće, vrsta ""Jamajčanskih orlovih noktiju""",1,0
sušeno grožđe bez semena,1,0
viski napravljen od raži ili raži i slada,1,0
korekcioni kod koji je zapisan na svakom sektoru magnetnog diska i koristi se da uhvati greške u podacima,1,0
turkijski jezik kojim govore Karakalpaci,1,0
pravougaona matrica tačkica pomoću koje se mogu formirati pisani karakteri,1,0
slatkovodna riba koja ima leđa maslinaste do tamnozelene boje,1,0
zadatak koji se sastoji u tome da se nešto napiše,1,0
odrezak od odrasle ovce,1,0
Severnoamerički zec,1,0
vrste kobasica ili mesnih vekni koje su sečene i servirane hladne,1,0
Oslobođen spoljašnje kontrole i ograničenja.,0,1
firma koja se bavi poslovima izdavanja,1,0
sledbenik luteranstva,1,0
laki obojeni mineral koji se sastoji od kristala kalcijum magnezijum karbonata; koristi se za proizvodnju keramike,1,0
podesiti za neku posebnu funkciju,1,0
služba na koju je u feudalizmu vazal obavezan prema svom senioru,1,0
uređaj koji uklanja nešto iz nećega što kroz njega prolazi,1,0
politički organizovana celina,1,0
kosti lobanje koje okružuju usta i služe da ih otvore; kosti koje nose zube,1,0
mašina koja se koristi za štampanje,1,0
Stabljika celera koja se kuva ili jede sirova (kao začin).,1,0
novčana jedinica Italije,1,0
"Stanje pozitivnih osećanja, od zadovoljstva do jakog ushićenja.",0,1
prvi deo nekog saopštenja,1,0
uspostaviti ili proveriti upotrebu čega,1,0
listopadno ili zimzeleno nisko žbunje ili drveće,1,0
grana biologije koja proučava biljke,1,0
oslobađanje od stiska,1,0
Godišnje i višegodišnje trave iz starog sveta: vrbovnik.,1,0
Čin predaje (pod dogovorenim uslovima).,1,0
"ostrvska grupa u Francuskoj Polineziji u Južnom delu Tihog okeana, istočno od Samoe",1,0
žena - stanovnik Engleske ili poreklom iz Engleske,1,0
zgrada na farmi,1,0
depresija u zemlji povezana sa podzemnim prolazom (posebno u krečnjačima) koja se formira rastvaranjem ili rušenjem kavernoznog krova,1,0
osobina neprijatelja ili onoga ko je spreman za borbu,1,0
potomak Arapa koji su naselili Palestinu,1,0
kremasti beli sos koji sadrži ren i senf,1,0
"Karlični položaj je položaj bebe u materici zadnjicom ili nogama nadole, odnosno kada se u donjem delu materice napipavaju zadnjica ili noge ploda, i sreće se prosečno kod 3-4 odsto žena. Samim tim dolazi do karličnog porođaja.",1,0
"točak oko koga može da se namota vlakno, traka, film ili drugi fleksibilan materijal",1,0
"koga prema uputstvima i praksi trenirati, naročito da bi ga samokontroli podučili",1,0
virus koji je parazit u bakterijama; koristi bakterijski mehanizam i energiju da proizvodi više faga sve dok ne uništi bakteriju a zatim se fag oslobađa da bi napao okolne bakterije,1,0
indikator za opštu orijentaciju,1,0
Pokret koji je karakterističan za fluide (tečnosti i gasove).,1,0
platforma nalik patosu postavljena na plovilo,1,0
običan fazan čije je perje živih boja a oko vrata ima beli prsten,1,0
toplo ili hladno mešano alkoholno piće sa umućenim jajima,1,0
zelena salata sa hrskavim talasastim listovima svetlo-zelene boje koji su gusto raspoređeni formirajući rozetu,1,0
"meso malde kokoške srednje veličine, pogodno za prženje",1,0
u stanju kada ne funkcioniše,1,0
razlikovna karakteristika ili atribut,1,0
sposobnost postojanja ili delovanja u harmoničnoj ili usklađenoj kombijaciji,0,1
"tspoljašnja, manja lisna kost, od kolena do pete",1,0
meso odrasle ovce,1,0
svaka ptica koja se oglašava pesmom,1,0
stručnjak dodeljen osoblju diplomatske misije,1,0
uključivanje preuzimanjem,1,0
prirodna količina tekuće vode koja teče po zemlji ili pod njom,1,0
onaj koji je po moralnim kvalitetima ili izgledu nalik na anđela ili sveca,0,1
slaganje u licu između zamenica i glagola,1,0
Blitva,1,0
"sadrži pileće, drugo meso ili sir pored povrća i zeleniša",1,0
novčana jedinica Perua,1,0
objekat u pasivnoj konstrukciji,1,0
indijski jezik kojim govore stanovnici Gudžarata u zapadnoj Indiji,1,0
podgrupa uto-astečkih jezika kojom se govori mahom na jugozapadu SAD,1,0
Stvoriti mišljenje o nečemu; suditi oprezno; napraviti procenu.,0,1
Priroda ili svojstvo onoga ko je emocionalan.,0,1
šupljina u lobanji u kojoj su smeštene očne jabučice,1,0
jezik kod koga različiti tonovi razlikuju značenja,1,0
prezent koji se koristi kako bi se opisale prošle radnje ili stanja,1,0
dugme kojim se aktivira računarski miš,1,0
Komunikacioni sistem koji se koristi na javnim mestima sa jakim ozvučenjem,1,0
Čin prilaska cilju.,0,1
uglenixani materijal dobijen zagrevanjem uglja ili druge organske materije bez prisustva vazduha,1,0
"kratke pantalone do kolena, obično živih boja",1,0
muškarac - stanovnik Engleske ili poreklom iz Engleske,1,0
probližavanje beskonačnog red konačnoj granici,1,0
"dodati kao deo nečeg drugog; staviti u nešto kao deo niza, grupe ili kategorije",1,0
tipski rod Procellariidae,1,0
brzo trčanje,1,0
stanovnik Koreje ili poreklom iz Koreje,1,0
hotdog sa čilijem preko,1,0
"redak element u prirodi, a pojavljuje se u malim koncentracijama u silikatnim mineralima",1,0
čadski jezik kojim se govori u severnoj Nigeriji,1,0
Suvozemna listopadna orhideja,1,0
dull-colored moth whose larvae have tufts of hair on the bodž and feed on the leaves of many deciduous trees,1,0
vrh nečega,1,0
sladoled sa ukusom vanile,1,0
koji ima urođenu sklonost prema dobroti,0,1
ostrvo na kome su Republika Irska i Severna Irska,1,0
udrženje koje formiraju farmeri ili potrošači koje proizvodi i distribuira robu i usluge na dobrobit svojih vlasnika,1,0
Potpuno verovanje u osobu ili plan itd.,0,1
reč ili izraz pozajmljen iz francuskog,1,0
novčana jedinica Laosa,1,0
dozvola da privatno lice konfiskuje imovinu građanina druge nacije (države),1,0
zelena salata čiji dugi tamno-zeleni listovi oblikuju dugačku glavicu,1,0
penutski jezik kojim govori narod Kusan,1,0
čin tolerisanja čega,1,0
leđa i bokovi svinje usoljeni i sušeni ili dimljeni; obično tanko sečeni i prženi,1,0
period vremena koji se provede spavajući,1,0
naterati nekog da napusti službu,1,0
štrcaljka koja podseća na pištolj za nanošenje tečnih supstanci (kao što su boje) putem prskanja,1,0
osnovna novčana jedinica Kostarike,1,0
ispupčeni nabor na površini mozga,1,0
objekat koji je recipijent ili benefaktiv radnje glagola,1,0
gramatični raspored reči u rečenicama,1,0
nešto što ima vrednost,1,0
jedan konkretan slučaj putovanja avionom,1,0
napraviti litograskim postupkom,1,0
fokus pažnje javnost,1,0
najveći grad u državi Njujork i u SAD-u; nalazi se na ušću reke Hadson; veliki finansijski i kulturni centar,1,0
galago,1,0
tanka šunka dimljena na orahovini; tamno crveno meso,1,0
mreža u koju se hvata riba i koja se potpom izvlači iz vode,1,0
sivo-belo meso list ribe,1,0
standardni protokol za komunikaciju između elektronskih muzičkih instrumenata i računara,1,0
BT,1,0
"znak interpunkcije (:) koji se koristi nakon reči koja najavljuje nabrajanje, primer ili neko objašnjenje (može se javiti i nakon pozdrava u poslovnom pismu u engleskom)",1,0
novčana jedinica Sijera Leonea,1,0
Godišnja ili višegodišnja tropska ili suptropska žitarica: sorghum.,1,0
klišnjaci,1,0
nastaviti ili produžiti,1,0
"prozvati ili izuzeti sudiju kao nekompetentnog ili zainteresovanog, u crkvenom i građanskom pravu",1,0
Obezbediti zabavu za nekoga.,0,1
"Metvulja, ?horsemint, ?beebalm",1,0
"tanka kratka hrenovka, najčešće sa odsečenim krajevima",1,0
dugačak naoštren štap koji se koristi kao oružje,1,0
hodati određenim korakom,1,0
obožavanje svetaca,1,0
podarka,1,0
"niska ostrva između Severne i Južne Amerike, popularno letovalište",1,0
izdužena pravougaona kost koja čini most nosa,1,0
napisati drugačije; promeniti nešto što je napisano,1,0
prirodna pojava koja uključuje zhive biljke i bića,1,0
Zabava koja drži pažnju.,0,1
kopija koja se predstavlja kao da je original,1,0
Promeniti se iz gasovitog u tečno stanje,1,0
"uzana trakasta testenina sa jajima; sprema se sa goveđim, telećim ili svinjskim mesom a ponekad i sa zečetinom",1,0
povrće koje se gaji kao hrana za stoku,1,0
slatkovodna riba uglavnom braon boje sa crvenim očima,1,0
odnos izmedju jedinica kojim se izražava dodatni karakter njihovih značenja,1,0
"Biti potpun u svojoj vrsti, bez nedostataka",0,1
novčana jedinica Tajlanda,1,0
oljušteni krompir koji se kuva a zatim pasira,1,0
skinkovi,1,0
prirediti interlinearni prevod reči ili izraza,1,0
teški gvozdeni alat sa drvenom ručkom i zakrivljenom glavom koja je usmerena na oba kraja,1,0
mađarsko vino koje se pravi od grožđa tokaj,1,0
prilagođen da odražava vrednost ili odnos,1,0
Ženka labuda,1,0
mleko dobijeno od koze,1,0
alpska kokoš,1,0
determinator koji se odnosi na klasu entiteta koji se ne mogu jasno identifikovati ('a' u engleskom),1,0
posuđe sastavljeno od kompletnog seta (srebro ili posuđe) za upotrebu za stolom,1,0
