X,Predicted,Real
informacija koji podržavati statistika procena budući događaj ,1,0
( klasičan mitologija ) zmija ( ili gušter ili zmaj ) sposoban da ubiti dah ili pogled ,1,0
stanje zatočenosti ( obično za kratak vreme ) ,1,0
spona napraviti od metal koji se koristiti za spajanje stvar ili za pravljenje ograda ili kavez ,1,0
Učiniti da nešto postati . ,1,0
napasti izneneda . ,1,0
mesec koji dolaziti posle avgust a pre oktobar u kalendar . ,1,0
jova ,1,0
engleski romantičrski pesnik čiji delo jesam inspirisati jeyerskom oblast u koji jesam provesti velik deo život ( @card@ ) ,1,0
pogoditi iznenada ,1,0
Osećanje averzija ili antipatija . ,1,0
velik ustanova višeg učenje s raznovrstan usmerenje koji služiti za obrazovanje za život i za struka i za dodela zvanje ,1,0
a flour mixture stiff enough taj knead Or roll ,1,0
"uređaj koji primati signal ili stimulans ( kao toplota , pritisak , svetlo ili poret ) i odgovarati na on na odgovarajući način ",1,0
osoba koji profesionalno komponovati ili izvoditi muzika ,1,0
relativan položaj u stepenovan niz . ,1,0
boginja lov i mesec ; ćerka Zevs i Let i sestra bliznakinja Apolon ; u rimski mitologija ona odgovarati boginja Dijana ,1,0
"biti povaliti , biti u horizontalan položaj . ",1,0
slikar koji moći da postignuti specijalan efekt pomoću boja . ,1,0
sistem koji jesam deo neki velik sistema ,1,0
prilika za poseban veselje da obeležiti neki srećan događaj ,1,0
zaključiti rezonovanje ,1,0
onaj koji proždirati velik količina hrana ili osećati velik glad ,1,0
operativan zahvat razrezivanje dušnik da biti se uvesti kaniti i omogućiti disanje kod opasnost od gušenje ,1,0
( o stih ) koji imati oblik zasnovati na broj slog a ne na ritmički uređenje bez naglašavanje ili brojanje ,1,0
gramatički odnos koji postojati kada reč kvalifikovati značenje sintagma ,1,0
poslati od jedan osoba ili mesto na drugi . ,1,0
merni instrument koji se mera udaljenost između dva tačka ,1,0
"promeniti u pogled priroda , svrha ili funkcija , naročito podvrgavanje hemijski promena ",1,0
"u medicina , biti kakav osećaj ili promena u telesni funkcija koji pacijent doživljavati a povezivati se s određenom bolest . ",1,0
zreti jalapeno čio paprika osušen za potreba kuvanje ,1,0
dobiti ,1,0
odsustvo kvalitet koji biti činiti nešto vredan ili korisnim . ,1,0
spojiti se u jedan . ,1,0
kontrolni sistem s povratan petlja koji jesam aktivan ,1,0
proizvoljan pisan ili štampan znak koji jesam primiti konvencionalan značenje . ,1,0
Primog . ,1,0
"Učiniti velik ili širok po boimu , zapremina i količina . ",1,0
visok tačka planina ,1,0
"nastati , početi postojati ",1,0
elektronski uređaj koji pojačavati snaga signal koji kroz on prolaziti . ,1,0
Oštećenje normalan fiziološki funkcija koji pogađati deo ili ceo organizam . ,1,0
"ručni alat sa tanak fleksibilan sečivo , koji se koristiti za mešanje ili širenje mek supstanca ",1,0
svaki šteta proisteći iz povreda prava ,1,0
uobičajen način da se softver učiniti dostupan ; korisnik jesam dopustiti da se prijaviti kao ' gost ' bez lozinka i da odatle preuzeti sav što se tamo nalaziti ,1,0
zagovaranje za sistem vladavina u sklad sa ustavan princip ,1,0
"klasa sastaviti od osoba bez plemenit , viteški ili aristokratski rang ",1,0
stanje bol ili patnja zbog loš zdravlje ,1,0
"u prava , osoba koji potvrđivati verodostojnost dokument ili potpis svoj sopstven potpis ",1,0
obožavanje planeta i zvezda ,1,0
"stanje povezanost među ljudi , posebno emocionalan priroda , ",1,0
misaon stav sa koji se nešto posmatrati . ,1,0
osećanje intezivne nesreća ,1,0
preterano velik ,1,0
azot u tečan stanje ,1,0
i u metaforički značenje ,1,0
kalkulator koji voditi evidencija koliko puta se nešto desiti ,1,0
platforma podignuti iznad nivo okolina da biti se istaknuti osoba na ona ,1,0
koji dolaziti posle i slediti posle nešto . ,1,0
hemijski veličina u spektroskopija koji predstavljati logaritamski odnos intenzitet upadan zračenje I_1 i propušten zračenje I_0 kroz uzorak ,1,0
Učiniti labav ili labav . ,1,0
izazvati šteta na nešto . ,1,0
popustljivost i saosećanje koji prema počinilac kakav krivičan delo pokazivati lice ili agencija zadužen za sprovođenje pravda ,1,0
otkriti šta u tajnost - reći šta u poverenje ,1,0
"Učiniti prazniti , osloboditi sadržaj . ",1,0
napraviti kopija s namera da se neki prevariti . ,1,0
Izvođenje neki složiti kognitivan aktivnost ; operacija koji uticati na mentalan sadržaj . ,1,0
iskreno moliti ili tražiti nešto ,1,0
korišćenje regresija za pravljenje kvantitativan predviđanje jedan promenljiv na osnova vrednost drugi ,1,0
merač koji ukazivati na pritisak fluid ,1,0
velik kopnen masa sa tri strana okružen more . ,1,0
zatražiti od koji da doći ,1,0
Doći do tačka ključanje i preći iz čvrst u tečan stanje . ,1,0
Čin koji se prelaziti iz jedan stanje ili nestati u sledeći . ,1,0
tj ,1,0
Oblikovayi u zavoj . ,1,0
u rimski mitologija boginja ognjište i vatra koji jesam čvale vestalske devica ; u grčki mitologija odgovarati ona Hestija ,1,0
vodnica ,1,0
jedinica za mera informacija ; količina informacija u sistema koji imati dva jednakoverovatna stanje . ,1,0
kravajac ,1,0
koji jesam određen geografija ,1,0
protozoa sa jajolik omotač sa cementiran peskovit zrno ,1,0
prosečan vrednost neki n broj izračunat primena neki funkcija ,1,0
sav fenomen koji jesam veštački stvoriti . ,1,0
sudski nalog koji se nalagati da se osloboditi dobra koji jesam nezakonito zadržan ( konfiskovan ) ,1,0
"stanje stvaran , objektivan postojanje . ",1,0
procedura računanje ; određivanje nešto matematički ili logički metoda . ,1,0
entitet koji imati fizički postojanje ,1,0
koristiti se za proizvodnja fruktoza ,1,0
tanak i veoma izdužiti supstanca . ,1,0
neki ko proizvoditi nešto . ,1,0
u rimski mitologija boginja mudrost ; odgovarati grčki boginja Atina ,1,0
"upravljanje koji uspostavljati , aktivan ili pasivan , grupni akcija . ",1,0
biti u saglasnost . ,1,0
boja nečiji lice ,1,0
obožavanje mesto ,1,0
"imenica koji moći da se koristiti sa označiti osoba , mesto ili stvar ",1,0
raspodeliti u sklad sa neki plan ili odvojiti za poseban namena . ,1,0
neki ko upravljati firma . ,1,0
novac koji stajati na pozajmica klijent . ,1,0
ostanak na neki mesto ,1,0
Značeća reč koji se koristiti za indeksiranje i katalogiziranje . ,1,0
posati koji komercijalan firma obezbeđivati njen kupac . ,1,0
"decimalan sistem mera zasnovati na metar , kilogram i sekunda . ",1,0
anakonda ,1,0
testiranje ideja ,1,0
skloniti sa položaj ili iz služba . ,1,0
u grčki mitologija hrom bog vatra i kovački zanat ; u rimski mitologija on odgovarati vulkan ,1,0
otkloniti prolazak kroz filtar ,1,0
sportski grana koji razvijati dobar vožnu bicikl ili motocikl ,1,0
zvečarka ,1,0
Čin tečenje ; stalan napredak . ,1,0
vertikalan sila koji izazivati masa kao rezultat gravitacija . ,1,0
sjediniti se u celina ili postati deo celina . ,1,0
zagovornik princip monarhija ,1,0
koji narušavati princip dobra i zlo . ,1,0
ukloniti posvećenost sa osoba ili objekt . ,1,0
tuja ,1,0
bolest koji se prenositi sa čovek na čovek . ,1,0
Veličina koji moći da primiti kontejner ( posuda ) . ,1,0
"Opnokrilci s društevnim način život u zajednica koj brojiti više stotina hiljada član i sastojie se od plodan ženka ( matica ) , mužjak i radilica bez krilo s otrovan sekret a ponekad i otrovan žokom . ",1,0
secretary birds ,1,0
zapis koji jesam u služba obožavanje božanstvo ,1,0
CA ,1,0
"postati velik , širok , napredan . ",1,0
Palačinke pripremiti u plamen za koji se koristiti liker sa ukus pomoradže i limun . ,1,0
Rukovođenje nadgledanje obavljanje operacija osoba ili grupa . ,1,0
koji jesam okarakterisati glagolski vreme ,1,0
mali crven bobica koji se prvenstveno koristiti za džem i marmalade ,1,0
Obično popločan spoljašnji prostor uz rezidencija . ,1,0
merenje količina toplota ,1,0
"potpuno razvijati osoba , od doba zrelost nadalje . ",1,0
drvo koji se koristiti za ogrev . ,1,0
koji se moći prebrojati ,1,0
ukloniti . ,1,0
mera za površina koji odgovarati kvadrat čiji jesam stranica jedan stopa ,1,0
"Čempres , smreka i kedar . ",1,0
pozitivno naelektrisati jon ,1,0
grana medicina koji se baviti mentalan poremećaj koji se moći pripisati bolest nervni sisetma ,1,0
Sem raxzi . ,1,0
suglasnik koji se artikulisati korišćenje oba usna ; / p / ili / b / ,1,0
dokument koji jesam sačiniti i izvršiti samo jedan strana ( jednostran pravni posao ) ,1,0
"pretvarati iz čvrst u tečan stanje , obicno zagrevanje . ",1,0
skup tačka takav da za svaki par tačka postojati nenegativni realan broj koji predstavljati njihov rastojanje koji jesam simetrično i zadovoljavati trougaonu nejednakost ,1,0
droplja ,1,0
"razvijati misao , tvrđenje , ideja . ",1,0
nesposobnost delovanje s razboritosćću koji biti ispoljiti razuman osoba pod isti uslov . ,1,0
( filozofija ) doktrina prema koji jesam znanje i vrednost ograničiti i zavisiti od subjektivan iskustvo ,1,0
koji se odnositi na biologija ili na život i živ biće ,1,0
kakav ritam opetovanim udarac proizvoditi ,1,0
vlakno u vida niti koji činiti micelijum gljiva ,1,0
"mehanizam pomoću koji se nešto upravljati , posebno motor vozilo . ",1,0
materija iz gornji sloj Zelmljine površina na koji moći da rasti biljka ( posebno kada se raditi o njen kvalitet ili korišćenje ) . ,1,0
odbaciti neki svoj . ,1,0
velik tok . ,1,0
Skrivenosemenjača koji na klica imati samo jedan supku . ,1,0
učiniti toplim ili vreo ,1,0
"Veličina nešto u određenom pravac ( pre sav , dužina , širina ili visina ) . ",1,0
biti branilac neki u sudski postupak ,1,0
stanje ili činjenica postojanje . ,1,0
"osoba koji upravljati drugi , voditi ili ili isnpiriše . ",1,0
žestok ran pristalica kakav princip ili reforma ,1,0
čin pristajanje ( kao što jesam pristupanje čiji zahtev ) ,1,0
stanje u koji jesam se naći . ,1,0
YE ,1,0
natprirodan biće koji se obožavati zbog verovanje da upravljati neki delom svet ili neki aspekt život ili zato što personifikovati sila . ,1,0
supstanca ili jedinjenje koji se dodavati da biti se izazvati hemijski reakcija ,1,0
znak koji nešto činiti očigledan . ,1,0
dati nešto kao garancija ,1,0
"pisan sporazum ( ili svojina ili novac ) koji se predavati treći lice ili se davati na briga jedan od ugovorni strana , a koji jesam isti u obaveza da vratiti nakon ispunjenje izvestan uslov ",1,0
kopija pozorišni scenario koji koristiti šaptač ,1,0
metar za upoređivanje snaga magnetan polje ,1,0
osoba koji ne raditi . ,1,0
cevozubac ,1,0
"mek beo vredan univalentan metal ; imati velik električni i toplotni provodivost od sav metal ; javljati se u argentitu i slobodan ; koristiti se za izrada novac , nakit , pribor za jela , fotografija . ",1,0
najamni radnik koji raditi poljski rad ,1,0
osoba koji imati specijalan znanje ili sposobnost koji vešto obavljati . ,1,0
kotinge ; kolibar lofornis ,1,0
vežbati šta ,1,0
Učiniti svetao ili svetao . ,1,0
promeniti upotreba šta i učiniti dostupan ili upotrebljiv ,1,0
imati o nešto neki mišljenje . ,1,0
velik pećina ili velik komora u pećina ,1,0
Angažovanje neki kao učesnik . ,1,0
tri dete roditi zajedno iz jedan trudnoća ( u srpski nem naziv za jedan mladunac / dete iz ovaj trojka ) ,1,0
Izvršni funkcioner firma ili korporacija . ,1,0
reći nešto unapred ; praviti pretpostavka o nećemu ,1,0
zvišci ,1,0
okrutan poslodavac koji od zaposlen tražiti da prekomeran raditi . ,1,0
"tčin dovođenje nešto do najvećemoguće tačka , vrednost ili pozicija ",1,0
koji moći da odgovoriti na fizički stimulans ,1,0
ćelija iz koji se razvijati kost ,1,0
proizvoditi snažan buk ( prilikom grmljavina ) ,1,0
"zakon definisati ( pravni ) status , položaj , stanje ",1,0
Načiniti prekrivač na nešto . ,1,0
Očišćenje telo korišćenje purgativa koji stimulisati pražnjenje crevo . ,1,0
"onaj što jesam lako , zahtevati velik fizički ili mentalan napor da biti se ostvariti . razumeti ili izdržati . ",1,0
štampač koji koristiti električni naboj za nanošenje toner na papir ,1,0
protivno zakon ili zakon zabraniti ,1,0
"koji jesam u više boja , bogat boja ",1,0
operacija koji slediti pravilo Bulov logika ; operandi i rezultat operacija uvek imati jedan od dva moguć vrednost ,1,0
Pobeći . ,1,0
emocionalan poremećenost ; osnovni osećanje koji ljudi pokušavati da izbegnuti . ,1,0
džigerica životinja koji se koristiti u ishrana ,1,0
staviti u redosled za sudski postupak ,1,0
uspešan udarac u atletski takmičenje ( posebno u bejzbol ) ,1,0
okrugao tikva srednji veličina čiji unutrašnjost ličiti na špageti ,1,0
mali pokretan bakterijski štapić koji redukovati nitrat i izazvaju oštećenje na biljni stablo ,1,0
ET ,1,0
tvrdo jako i trajno žutosmeđ drvo tik ; otporan na insekt i krivljenje ; koristiti se za izrada nameštaj i u brodogradnja . ,1,0
biti preneti preko određenog rastojanje ,1,0
organizam mikroskopski veličina . ,1,0
zlonameran zadovoljstvo ,1,0
stanje koji još ne odgovarati zrelost . ,1,0
Izvršiti matematički izračunavanje . ,1,0
znanje i vrednost koji društvo deliti . ,1,0
Ići u procesija . ,1,0
bolest koji karakterisati neki zapaljenski proces ,1,0
jedan od element koji kolektivno činiti brojni sistem ,1,0
a pravni isprava koji pružati informacija koji se tražiti kod zaposlenje određenih lice u pojedini država ,1,0
runolist ,1,0
oglasiti se protiv šta ,1,0
posvetiti ,1,0
javno ispoljavanje grupni osećanje ( obično politički priroda ) . ,1,0
udarati opetovano ( deo sopstven telo ) kao potaknuti snažan osećanje ili u pratnja muzika ,1,0
"uneti , utrošiti na nešto ( trud , energija , i sl . ) ",1,0
Čin poništavanje ; nulifikacija ; protivstavljanje posledica ili snaga nešto . ,1,0
skupština koji imati visok zakonodavna ovlašenja ,1,0
privremeno prekinuti aktivnost pre nego što se nastaviti . ,1,0
Cvrčci . ,1,0
adrenal-korteks hormon ,1,0
teorijski raspodela broj uspešan pokušaj u konačan skup nezavisan pokušaj sa konstantan verovatnoća uspeh ,1,0
"veština ili sport borba sa mač ( naročito upotreba floret , mač ili sablja za postizanje bod u sklad sa niz pravilo ) ",1,0
gekoni ,1,0
Venčanje koji obavljati državni službenik a ne svešteni lice . ,1,0
jedan od deo u koji jesam nešto podeliti i koji zajedno činiti celina . ,1,0
karakter koji se dodavati na kraj blok podatak koji se transmitovati i koristiti se za provera ispravnost transmisija ,1,0
Veličina koji se dodavati . ,1,0
zao postupak ,1,0
osloboditi prepreka . ,1,0
izučavanje princip i praksa upravljanje biblioteka ,1,0
pita velik količina alkoholni pića ; biti alkoholičar . ,1,0
podatak o neki fizički stanje koji se korisnik prezentirati na metar ili neki sličan instrument . ,1,0
glagolski vreme koji se izražavati stanje ili događaj koji jesam se već ostvariti ,1,0
Zadržati za neki kasnije vreme . ,1,0
u fizika svojstvo telo da ostati u mirovanji ili stanje uniforman kretanje sve dok na on ne uticati neki sila . ,1,0
"preneti zahvalnost , izraziti osećanje poštovanje i sl . ",1,0
hijena . ,1,0
"odgovor telesni tkivo na povreda ili nadržaj ; karakterisati ga bol , otok , crvenilo i pečenje . ",1,0
hrišćanin uopšte ,1,0
ostatak od pravljenje buter od sirov kiseo mleko ; ili pasterozovani mleko koji se kiseliti dodavanje kultura ,1,0
dug vremenski period ,1,0
Prihvaćen kao pretpostavka . ,1,0
Švajcarski pisac ( roditi u Nemačka ) čiji roman i pesma odražavati njegov interesovanje za istočnjački duhovan vrednost ( @card@ ) . ,1,0
"osoba , ne morati biti supružnik , sa koji neki živiti i dug vreme imati seksualan odnos . ",1,0
poduhvat koji se preduzimati bez obzir na moguć gubitak ili povreda ,1,0
"odbojno , vrlo neprijateljski ponašanje ",1,0
"u obrada informacija , uređen lista zadatak koji trebati obaviti ili poruka koji trebati transmitovati ",1,0
kardinal . ,1,0
Mirođija . ,1,0
položaj sudija ,1,0
"vreme koji jesam potrebno da nešto pasti na polovina prvobitan vrednost ( posebno , vreme potrebno da se polovina atom radioaktive supstanca dezintegrisati ) ",1,0
postupak klasifikovanje ili obezbeđivanje indeks da biti se neki stavak moći lakše pronaći ,1,0
upravljati avion . ,1,0
"škripnuti , ? ? ? ",1,0
onaj koji imati ili proizvoditi visok ton poput piska ili zvuk zarđao šarka ,1,0
izraziti isti poruka drugačiji reč ,1,0
KP ,1,0
elektrolit velik molekularan težina ,1,0
ugraviran posveta ,1,0
Osećati bol . ,1,0
primati informacija ( nadražaj ) iz spoljašnji i unutrašnji sredina koji se zatim senzitivan neuronima prenositi do odgovarajući centar nervni sistema . ,1,0
poslovanje koji obezbeđivati usluga turista ,1,0
Mesec koji dolaziti posle jun a pre avgust u kalendar . ,1,0
semantički odnos između dva reč koji moći ( u dat kontekst ) da izražavati suprotan značenje ,1,0
ići indirektan ruta ili bez podešen tempo ,1,0
platiti novac za neki urađen posao ili usluga . ,1,0
promena ponašanje ili princip ili tačka gledište ,1,0
glavanska abterija koji skladištiti električni energija ,1,0
"plod mašta ; osoba koji postojati samo u legenda , mit i priča . ",1,0
tresti brzo i nevoljno . ,1,0
"uzrokovati bol , unesrećiti ",1,0
sudski nalog ( naredba ) koji se zahtevati da neki lice nešto učiniti ili da se uzdržati od činjenje ,1,0
bazen koji obezbeđivati mogućnost plivanje ,1,0
Obična osoba koji prihvatati vođstvo neki drugi osoba . ,1,0
cilj koji trebati dostignuti i za koji se verovati da se moći dostignuti . ,1,0
hodanje osoba koji spavati ,1,0
veličina izražen broj ,1,0
biti šta što jesam opšte prihvaćen kao standard vrednost ili mera bogatstvo u određenoj zemlja ili region . ,1,0
brojni sistem kod koji vrednost svaki cifra u zapis zavisiti od pozicija u zapis brojati ,1,0
vezan morfema koji se koristiti samo u složenica ,1,0
finansijski institucija koji finansirati svoj investicioni aktivnost od prodaja hartija od vrednost ili osiguranje ,1,0
Umarširati agresivno na nečiji teritorija vojni snaga da biti se ona zauzeti ili okupirati . ,1,0
prenosiv parafinski kuhinjski aparat koji koristiti kamper ,1,0
osoba koji se udruživati sa drugi u neki radnja ,1,0
potez kao u fudbal ,1,0
koji imati ili koristiti moć da proizvesti govor ili zvuk . ,1,0
ostove koji imati zubac na kraj ; koristiti se za hvatanje velik riba i kit ; za ona jesam zakačiti snažan konopac ,1,0
Raniji period u nečiji život ( posebno neki za koji imati razlog da kriti ) . ,1,0
supstanca koji moći da gora da biti obezbediti toplota ili snaga . ,1,0
"nov obraćenik , posebno u jevrejski vera ",1,0
Čin ili proces merenje . ,0,1
Učiniti da opet biti svež . ,1,0
"sprečavanje određenih psihički sadžaja da doći u svest i njihov dalje suzbijanje u nesvestan ličnost ; za razlika od supresije , koji se takođe potiskivati neprihvatljiv sadržaj , ali pretežno voljan napor , represija se odvijati kao nesvestan proces ",1,0
koji jesam u sklad sa metoda ili princip nauka . ,1,0
Leminzi ,1,0
Najviši moguć nivo ili stepen . ,1,0
osoba od koji poticati . ,1,0
koji jesam intelektualan . ,1,0
Učiniti da neki postati državljanin . ,1,0
čvrst beo kristal koji činiti mahom natrijum hlorid ( NaCl ) ,1,0
osoba koji kreativan korista sav um . ,1,0
posmatrati s pažnja ; upraviti nečiji pogled . ,1,0
"nezakonit uplitanje u čiji tuđ posed ( ličan imovina kao i nekretnina ) , ili postupak pokrenuti za povraćaj šteta ",1,0
koji jesam moralno lož ili pogrešan . ,1,0
antigen krvni grupa koji imati Rh pozitivan osoba ; ako Rh negativan osoba dobiti transfuzija krv od Rh pozitivan osoba moći doći hemolize ili anemija . ,1,0
poljoprivredni mašina koji se žeti žito ,1,0
negativno naelektrisati jon ,1,0
službenik koji upravljati neki aparat ili mašina ,1,0
Koštana ili rožnat prekrivač telo koji se često sreća kod bezkičmenjaka i imati zaštitni funkcija . ,1,0
stanje promena ,1,0
Proći kroz razvoj ili evolucija . ,1,0
postati namočiti ,1,0
mera jačina alkoholni pića izražen kao ceo broj koji iznositi dva put procent alkohol po zapreti ,1,0
zimovka ,1,0
osobina koji razlikovati organizam prema njihov reproduktivan uloga . ,1,0
simbol koji se koristiti za predstavljanje broj . ,1,0
Određeni zvučan efekt koji proizvoditi dati izazivač . ,1,0
visok palma čiji plod jesam kokos ; široko se gajiti u tropski pojas . ,1,0
ukloniti posvećenost sa osoba ili objekt . ,1,0
ne ostvariti ni profit ni gubitak . ,1,0
staviti nešto u nešto ,1,0
postati stabilan ili stabilan . ,0,1
uzica načiniti od upleten vlakno ili žica . ,1,0
n-ti moment distribucija jesam očekivan vrednost n-tog stepen devijacija od fiksni vrednost ,1,0
Bilja nanati . ,1,0
koji imati četiri strana ,1,0
"način koji se radnja ili stanje predstavljati ne kao činjenica , već kao nešto neizvesno ili moguće ",1,0
ispuniti slutnja ili uznemirenost ; izazvati neprijatan iznenađenost ,1,0
dokument koji moći da se uviti ( kao za čvanje ) ,1,0
supstanca koji se moći koristiti kao hrana . ,1,0
osobina atraktivan tanak osoba ,1,0
zapaliti se ,1,0
neki ko posećivati . ,1,0
krasuljak ,1,0
pupavac . ,1,0
Pobeći iz zatočeništvo . ,1,0
mušmula ,1,0
staviti u vodoravan položaj . ,1,0
Rusomača ,1,0
pisan procena književan rad ,1,0
nuditi u znak vera u bog ,1,0
težak zločin ,1,0
veličina koji moći da uzeti biti koji iz skup vrednost ,1,0
dehitratizirana kafa od koji se napitak spremati dodavanje vreo voda ,1,0
"velik i komplikovan crvenkasto-braon žlezdani organkoji se nalaziti u gornji desni delo trbušni duplja . Luči žuč i imati funkcija u metabolizam protein , ugljeni hidrat i mast . Sintetiše supstanca uključiti u zgrušavanje krv , vitamin A , detoksifikuje otrovan supstanca i razgrađivati eritrocit koji jesam nefunkcionalan . ",1,0
"Čin briga o neki , lek ili medicinski tretman ( u medicina ) . ",1,0
relativan brzina napredak ili promena . ,1,0
opredeljenje koji karakterisati mišljenje grupa ili nacija ,1,0
niz korak koji trebati učiniti ili cilj koji trebati postignuti . ,1,0
koji raditi uz minimalan intervencija čovek ; nezavistan od spoljašnji kontrola ,1,0
osoba u srodstvo sa drugi . ,1,0
"sprot koji uključivati vežba koji trebati da pokazati snaga , ravnoteža i gipkost ",1,0
"lagan zaštitni šlem , od plastika ili metal , koji nositi radnik na građevina . ",1,0
preparat koji se koristiti za čišćenje nešto ,1,0
kočnica koji se koristiti za usporavanje ili zaustavljanje vozilo ,1,0
linearan prostiranje od jedan do drugi kraj ; dug horizontalan dimenzija nešto što jesam fiksirati u prostor . ,1,0
pavpav ,1,0
pokazivati odrediti očitavanje ; o kazaljka i merni instrument . ,1,0
"osoba ili komitet , departman , i sl . koji činiti telo čiji jesam cilj upravljnja nešto . ",1,0
doba u život čovek kada jesam on dete . ,1,0
Nešto što se desiti u tok događaj ili slučajno . ,1,0
kozica ,1,0
"sisar vitak telo , i suvezeni i voden , delimično opnast stopala ; cena se zbog krzno . ",1,0
sluznica želudca preživar ( naročito goveda ) koji se koristiti u ishrana ,1,0
"tvar u tečan agregatni stanje koji nemati utvrđen oblik , ali imati utvrđen zapremina ",1,0
"Kamila , lama , ? ",1,0
Utvrđena ceremonija koji propisivati vera . ,1,0
"a reduced Or scarcely developed leaf at the start of a Plant 's life ( i.e. , cotyledons ) Or in the early stages of leaf development ",1,0
mali kontrastni deo nešto ,1,0
stanje u koji jesam neki tužan . ,1,0
"suglasnik koji se izgovarati tako što se u neki trenutak zaustaviti protok vazduh , da biti se potom iznenada osloboditi ",1,0
any of various usually poisonous plants of the genus Aconitum having tuberous roots and palmately lobed leaves and blue Or white flowers ,1,0
Čvrsti spoljašnji ugao zgrada ; posebno onaj koji nastajati od ugaoni kamen . ,1,0
grafikon kod koji jesam dužina stubić proporcionalan veličina ,1,0
osećati fizički bol ,1,0
"nemati nosni kožan izraštaj , a usna školjka i ušni poklopac jesam ona velik . ",1,0
( biologija ) proučavanje osnovni princip naučni klasifikacija ,1,0
rad oko čišćenje i vođenje domaćinstvo ,1,0
Oruđe koji se koristiti za borba ili lov . ,1,0
dan kada jesam redviđeno da se postiti ,1,0
rakun ; ? coatis ; ? cacomistles ; ? kinkajous ; i ponekad panda . ,1,0
Spuštanje padobran . ,1,0
oruđe koji se koristiti u sport . ,1,0
fabrika u koji se proizvoditi papir . ,1,0
weakening ( reducing the concentration ) by the addition of water Or a thinner ,1,0
"Složeni karbohidrat koji se sreća usemenkama , voće , gomolj , koren i stabljika biljka , a posebno kukuruz , krompir , pirinač i pšenica ; važan prehrambeni proizvod , koristiti se u aditiv i za zgunjnjavanje . ",1,0
oružje koji koristiti vojni ili pomorski snaga ,1,0
dati na razmatranje ,1,0
ispit koji se obavljati tako što kandidat usmeno odgovarati . ,1,0
Šerpa koji se koristiti za pečenje . ,1,0
onaj koji sadržati visok procent alkohol i dobijati se pre destilacija nego fermentacija ,1,0
kvalitet onaj što ne moći da postojati ili raditi u usklađen kombinacija . ,1,0
posedovati malo ili imati malo novac . ,1,0
veoma velik urbani celina koji obično činiti više grad ,1,0
konkavan depresija prečnik običan manja od 1km koji se nalaziti na vrh vulkanski kup ; nastajati kao direktan posledica vulkanski aktivnost . ,1,0
upijati tečnost ili gas adsorpcija ili absorpcijomtake up a liquid Or a gas either by adsorption Or by absorption ,1,0
"proces u koji nešto postepeno prelaziti u drugi stanje , posebno u napredan ili zreo stanje . ",1,0
pravni dokument ( zakon ) koji jesam kodifikovati rezultat razmatranje odbor ili društvo ili zakonodavnog telo ,1,0
Određena ličnost osoba koji se smatrati stalan entitet . ,1,0
linjak ,1,0
ukloniti iz nešto ljuska ili lupina . ,1,0
oficir koji jesam u aktivan služba ,1,0
stanje nečiji finansije . ,1,0
učiniti da šta osećati ; učiniti osetljiv ,1,0
"okrugao mesnat paprika , pogodan za punjenje . ",1,0
deljenje zajednički atribut ,1,0
zreti polni reproduktivan ćelija koji imati jedan sku [ neuparenih hromozom . ,1,0
odmor povratiti snaga . ,1,0
grafički karakter koji se koristiti u slikovan pisma ,1,0
za dva reč koji se moći razmeniti u neki kontekst kazati se da du sinoniman u taj kontekst . ,1,0
Fonološki ili ortografski zvuk ili izgled reč koji se moći koristiti za opisati ili identifikovati nešto . ,1,0
jedan od sedam dan u nedelja ,1,0
ogrličar ,1,0
zmijinci ,1,0
"Muški roditelj , koristiti se i za obraćanje sopstevnom roditelj . ",1,0
odnos između jedinica koji se izražavati disjunktnost njihov značenje ,1,0
stanje onaj što sadržati ili jesam prekriven tečnost ( posebno voda ) . ,1,0
"tražiti nešto od neki u vida učtiv molba , kao pomoć ili zaštita ",1,0
koji slediti ideja Marks i Lenjin ,1,0
"Učiniti ravan ili ravan , na primer trljanje . ",1,0
zaustaviti neki stanje ili aktivnost . ,1,0
Načiniti trudan . ,1,0
pričvršćivač koji pružati čvrsto i savršeno zatvaranje ,1,0
"zaprljati , onečistiti . ",1,0
književan pričanje život ( ili legenda ) svetac ,1,0
praotac neki osoba . ,1,0
promena iz jedan stanje u suprotno . ,1,0
ibis . ,1,0
komercijalan ili industrijski preduzeće i ljudi koji ga činiti . ,1,0
ređanje reč tekst tako da biti u sklad ,1,0
osobina neki oblik : tačan podudarnost forma na suprotan strana linija ili ravan razdvajanje . ,1,0
biti dužan . ,1,0
Osećanje zabrinutost . ,1,0
stanje suštinski jednakost ili ekvivalencija i uravnotežen balans ,1,0
Reč koji imati dva sloga . ,1,0
glagolski oblik koji se izražavati radnja završiti u prošlost pre neki drugi radnja ,1,0
galeb ; ? terns ; ? jaegers ; ? skimmers ,1,0
Produžiti vremenski ; izazvati da biti ili trajati duže ,1,0
"polimer velik tvrdoća , otporan na visok temperatura ; koristiti se u proizvodnja lak , lepak , u elektronika ",1,0
vreme koji radnik morati da raditi za dogovoren dnevni nadnica . ,1,0
kapa sa kačketa ,1,0
matematički izraz koji jesam suma član od koji jesam svaki n-ti stepen promenljiv ,1,0
grupa umetnik koji se slagati o neki opšti princip . ,1,0
"korišćenje reč koji zahtevati dva ili više reč , iako se slagati u broj ili padež itd . sa sam jed ",1,0
kvalitet onaj ko jesam brižljiv . ,1,0
koji izazivati ili zasluživati mržnja ,1,0
krst čiji jesam krak u oblik trougao ili strelica koji pokazivati ka centar ,1,0
osoba koji posedovati mnogo materijalan dobro i novac ,1,0
nešto što preživiti ,1,0
ustanova u koji se izražavati verovanje u božanski moć . ,1,0
krilat boginja zoriti u drevan mitologija ; ćerka titan Hiperiona ; u rimski mitologija ona odgovarati boginja Aurora ,1,0
otarasiti se neki ubistvo . ,1,0
"u gramatika reč pomoću koji se izražavati količina , kao "" petnaest "" i "" mnogi "" . ",1,0
dovesti u drugačiji stanje . ,1,0
gambuzija ,1,0
mali tetreb ,1,0
u rimski mitologija boginja izobilje i plodnost ; u grčki mitologija ona odgovarati Reja ,1,0
"karakteristika apsolutan vladar ili vladanje , koji imati putpunu vlast ",1,0
"celokupan psihički aktivnost odrediti jesam princip zadovoljstvo . po psihoanaliza , jedan od važan pojam , koji označavati subjektivan snažan i kratkotrajan afekt uživanje , praćen rasterećenje tenzija nagon i postizanje zadovoljenje . zadovoljstvo jesam prijatan osećanje koji varirati od osećanje blag ugodnost , preko uživanje sav do ekstaza . ",1,0
ceremonija na koji se mrtav osoba pokopavati ili spaljivati . ,1,0
izražavanje ( govor ili pisma ) vaš uverenje ili mišljenje . ,1,0
remain in platac ; hold still ; remain fixed Or immobile ,1,0
erozivni proces koji smanjivati veličina glečer ,1,0
sudski nalog koji se nalagati zaplena ličan svojina dužnik za namirenje dugovanje ,1,0
rezonovati i zaključivati dedukcija ,1,0
sudski dokument koji se lice pozivati na sud da odgovoriti na optužnica ( optužba ) ,1,0
reč formirati od početan slovo dva ili više reč koji činiti sastavni deo taj reč ,1,0
kobra koji jesam oristili faraon kao simbol svoj vlast nad život i smrt . ,1,0
postati imućan ili bogat ,1,0
osloboditi se nešto što čvrsto pritiskati ili povezivati . ,1,0
imati neželjen ili negativan kvalitet ,1,0
Araceae ; Lemnaceae ,1,0
iznenada se sručiti ; upadljivo opadati ,1,0
"anksioznost kao rezultat stvaran ili izmišljen pretnja sopstven seksualoj funkcija , prvobitno primeniti samo na muškarac , ali se u princip odnositi i na žena . ",1,0
"supstanca sa specijalan funkcija koji lučiti ćelija ili žlezda , posebno ona koji jesam otpad . ",1,0
"specijalista za bolest uvo , grlo i nos . ",1,0
šta otkriti uklanjanje poklopac ,1,0
saznajni proces usvajanje veština ili znanje . ,1,0
prostorna osobina onaj što jesam razbacati svuda po neki oblast ili prostor ,1,0
biti uslovljen nešto . ,1,0
odnos koji postojati kada osoba zahtevati i dobijati profesionalan pomoć iz kvalifikovan izvor . ,1,0
Novčani računiti koji dužnik trebati da platiti ; obično nastajati nabavka roba ili usluga . ,1,0
"bogat , penast krema koji se praviti od ulupan belance i neki bogat i gust krema ",1,0
"učiniti velik u količina , broj ili snaga ",1,0
fotokopir koji koristiti fotografski metoda izrada kopija ,1,0
vreme koji jesam potrebno neki planeta ( npr . Mars ) da načiniti kompletan rotacija oko svoj osa . ,1,0
osoba uključiti u trgovački ili industrijski posao ,1,0
loše mirisati ,1,0
HN ,1,0
Ići na put iz zadovoljstvo . ,1,0
Ući ili poprimiti odrediti stanje . ,1,0
izraz koji se vršiti predikacija ,1,0
neki ko dekorisati . ,1,0
Šipka koji se koristiti za upravljanje bicikl . ,1,0
kukuruzar ,1,0
biti prodati za određenu cena . ,1,0
osoba obučiti za briga o bolesnik ( obično pod nadzor lekar ) . ,1,0
"Tražiti zakonski , o zahtev i dugovanje ",1,0
biti koji organ koji jesam uključiti u seksualan reprodukcija . ,1,0
prirodan i periodićno stanje odmor tokom koji se gubiti svest o svet ,1,0
Mesečinac . ,1,0
flamingo ,1,0
pravni dokument koji se ovlašćivati lice da moći zastupati onaj koji on jesam taj ovlašćenje dati ,1,0
u Rimokatoličkoj i Istočnoj pravoslavan crkva čin pripuštanje preminuli osoba u kanon svetac . ,1,0
"Teškoće koji se javljati samo pri pisanje , obično kao preteran stezanje olovka . ",1,0
beo mekan kompaktan talkkoji se koristiti za otklanjanje masniti fleka i za označavanje odeća ,1,0
"koji jesam ili označavati brojčan veličina , a ne redosled ",1,0
koji posedovati ili iskazivati verovanje u božanstvo i njihov obožavanje ,1,0
postignuti bod ili cilj ,0,1
logički kapija koji davati izlaz samo kada sav ulaziti postojati ,1,0
ona koji imati visok robni ili novčan vrednost za korišćenje ili razmena ,1,0
biti i ostajati u određenom stanje ili uslov . ,1,0
proces koji menjati energija ili struktura ili sklop atomski jezgro ,1,0
obilovati . ,1,0
alatka koji se koristiti ruka . ,1,0
istorijski doba koji imati izraziti karakteristika . ,1,0
deo horski otići koji odgovarati prethodan strofa u klasičan grčki drama ; drugi od dva metrički odgovarajući delo pesma ,1,0
"dužnost koji morati da ispuniti , posebno u oružan snaga ",1,0
stepen izloženost pažnja javnost ,1,0
osoba koji uzgajati ili čuvati ovca . ,1,0
pokrenuti sila ,1,0
osoba koji nedostajati tehnički obuka ,1,0
Pobeći . ,1,0
agregatni stanje koji se razlikovati od čvrst i tečng stanje po mali gustina i viskoznost ; pod uticaj pritisak i temperatura lako se širiti i skupljati ; imati sklonost da ravnomerno širiti u svaki posuda . ,1,0
grana medicina koji se baviti primena raznih vrsta zračenje u cilj dijagnostikovanje i lečenje stanje odnosno bolest . ,1,0
rezonovanje koji pokazivati kako zaključak logički slediti prihvaćen premisa ,1,0
bring forth Or yield ,1,0
stanje nepovezanosti u pamćenje ili mašta ,1,0
jabuka koji se primarno koristiti za kuvanje ,1,0
any of various trees of the genera Eucalyptus Or Liquidambar Or Nyssa that ar sources of gum ,1,0
nauka o kriminalitet i počinilac kriminalan delo ,1,0
deo ljudski telo između vrata i dijafragma ili odgovarajući deo kod drugi kičmenjak . ,1,0
izbijati upadljivo iz nešto ,1,0
apstrakcija koji pripadati ili karakterisati dva entitet . ,1,0
koji na sebe imati prljavština ili nečistoća . ,1,0
baleniceps ,1,0
"hirurški nožić zašiljiti na oba kraj ; koristiti za mali rez , npr . kod uzimanje krv ",1,0
reč koji izražavati atribut nešto ,1,0
izvući iz kakav zamršenost ,1,0
"kukavica ; ? ? ? , itd . ",1,0
koji imati nedeljiv osobina jedinica ,1,0
kožuškari ,1,0
uvijuša ,1,0
slagati se . ,1,0
kužnjak ,1,0
Koginitivni proces koji pretpostavljati da jesam znanje na raspolaganje i koji ga koristiti . ,1,0
koji imati vviše izvod ,1,0
redosled reč u tekst ( rečenica ) ,1,0
koji izazivati potištenost ,1,0
Reći ponovo ili imitirati . ,1,0
Markovljev proces kod koji jesam parametar diskretan vremenski vrednost ,1,0
stanje jak bes u koji lice pomodriti ,1,0
biti šta što se posedovati . ,1,0
Nešto vidljivo što preko po asocijacija ili konvencija predstavljati nešto drugo što jesam nevidljiv . ,1,0
korišćenje zamenica ili drugi zamenski reč umesto ponavljanje reč ,1,0
proces u koji se osoba koncentrisati na neki karakteristika okolina pri ( relativan ) ignorisanje drugi ,1,0
zvezda koji se koristiti kao referentan tačka u navigacija u astronomija ,1,0
"otkazati , bukvalno ili preneti . ",1,0
ukloniti u tok čišćenje ,1,0
kola ili uređaj koji predstavljati veličina cifra ,1,0
umetnik koji nameran prekid sa prethodan stil . ,1,0
arbun ,1,0
izbaciti ili eliminisati ( ukloniti ) ,1,0
koji se kretati . ,0,1
"učiniti da neki prihvatiti odrediti stav , verovanje ili pravac delovanje ",1,0
Ići za nešto . ,1,0
a commercial mix for making a caka ,1,0
izbaciti telesni tvar ,1,0
deo rukopis koji jesam kopirati od neki drugi i predstaviti kao sopstven rad ,1,0
Nešto što se koristiti za ulepšavanje . ,1,0
odnositi se na glagol koji izražavati stanje ( ' biti ' ili ' posedovati ' ) ,1,0
srednjovekovan komad koji predstavljati epizoda iz život Isus Hrista ,1,0
projektil koji se izbacivati uz pomoć pušak ili pištolj ,1,0
rezak riza koji se koristiti posebno u orijentalan kuhinja . ,1,0
osoba koji pisati reč pesma za pevanje ,1,0
smanjiti intenzitet nešto ; obuzdati ; zadržati u granica . ,1,0
brojčan vrednost koji kada se sabrati sa biti koji drugi drojem davati kao rezultat taj isti broj ,1,0
neformalan izraz za novac ,1,0
naprava smisliti da sprečiti povreda . ,1,0
ulica koji jesam na jedan kraj zatvoren i nem prolaz ,1,0
o homologim hromozom koji jesam spojiti u para u sinapsi ,1,0
dostignuti i eventualno prestignuti ,1,0
stanje u koji čovek ne moći da funkcionisati normalno i bez bol . ,1,0
"lav , leopard , jaguar , tigar , ? ? ",1,0
"naredba koji izdavati nadređen lice ( na primer , vojni ili služben lice ) i koji se morati poslušati . ",1,0
ljepljiva traka koji se koristiti za oblaganje rana ,1,0
pridat značenje nešto . ,1,0
"artikulisati reč , uzvik , vika ili buk . ",1,0
"proizvodnja , eksploatacija ili uzgajanje nešto ( obično u velik broj ) za prodaja ( u ekonomija ) . ",1,0
Specijano konstruisan kontejner tako da se njegov sadržaj moći koristiti u propisan količina . ,1,0
"koji izazivati iznenađenje , čuđenje ili zadivljenost ",1,0
"tvorevina koji se nešto pokrivati , obično da biti se onaj zaštititi ili sakriti . ",1,0
"primeniti , primenjivati u komponovanje zakon kontrapunkt ",1,0
pileći džigerica koji se koristiti u ishrana ,1,0
velik crn lještarka . ,1,0
početan uvodni deo statut ili zakon ( obično objašnjavati njegov svrha ) ,1,0
osoba koji se brina o ljudi i njihov svojina . ,1,0
ukloniti u mali komad . ,1,0
"postati bled , na primer , od strah . ",1,0
dovesti na položaj . ,1,0
pojačati ili smanjiti intenzitet ,1,0
pobediti na izbor . ,1,0
rekvizita koji se koristiti za ribolov ,1,0
Hipotetička snaga koji se nakd pripisivati funkcija i kvalitet svojstven živ biće . ,1,0
stanje koji se izražavati da gramatički subjekt obavljati radnja ili izazivati dešavanje koji jesam označiti glagol ,1,0
suvo beo francuski vino ( obično ili penušav ) proizvesti u dolina Loara ,1,0
stanje kada jesam učiniti prekršaj . ,1,0
"učiniti disjunktnim , odvojen ili nepovezan ",1,0
sr ,1,0
koji dovoditi ( pričinjavati ) fizički neudobnost . ,1,0
biti koji grejač ,1,0
nepromenljiv tekst koji se koristiti u tok moljenje ,1,0
Nečije opšti okolnost ili uslov u život ( uključivati sav što vi se dešavati ) . ,1,0
deo lice iznad oči . ,1,0
neki ko pozajmljivati novac ili davati kredit u poslovan stvar ,1,0
uređaj koji signalizirati pojava kakav neželjen događaj ,1,0
iyučavanje literatura ,1,0
koji zasluživati sažaljenje ili podsticati na sažaljenje ,1,0
koji jesam potreban . ,1,0
provoditi vreme u zatvor ili radnom logor . ,1,0
a native Or inhabitant of Austronesia ,1,0
"Milava , šašuljica . ",1,0
Događaj koji se dešavati u kritičan trenutak . ,1,0
Čin stavljanje osoba u neizborni položaj . ,1,0
pokriti materijal kao što jesam ploča ili beton da biti ulica biti pogodan za saobraćaj . ,1,0
Svešteno lice u hršćanskim crkva koji imati odobrenje da obavljati različit raligijske obred . ,1,0
mehanizam koji prenositi snaga od motor taj točak motorni vozilo . ,1,0
površ koji činiti dva poluprečnik kružnica pod prav ugao ipripadajući luk ,1,0
transuranski element koji nemati u priroda ,1,0
Tražiti nešto . ,1,0
koji osećati ili ispoljavati žalost i tuga ,1,0
GT ,1,0
stan bog i anđeo ,1,0
persijski prorok koji jesam učiti o borba bog dobra i bog zlo ( oko @card@ p.n.e. ) ,1,0
bosti ,1,0
patiti od nešto ; bolovati od nešto . ,1,0
proizvod veličina ceo broj ,1,0
"stanje koji uključivati uzajamno delovanje ljudi , partija ili zemlja . ",1,0
( računarstvo ) aktuator koji pomerati glava za čitanje / pisanje na odgovarajući staza sa podatak ,1,0
novac dati kao zalog za artikl zakupljen na odrediti vreme . ,1,0
pisan evaluacija akademski uspeh i ponašanje student ,1,0
porcija koji jesam odsečen od velik delo . ,1,0
"prouzrokovati braon oštećenje ( trulež ) na paradajz , krompir i duvan itd . ",1,0
"imati početak , u vremenski , prostornom ili vrednostan smisao ",1,0
kg ,1,0
čin organizovanje poslovan aktivnost ili aktivnost koji jesam s posao u veza ,1,0
Ograničen vremenski period . ,1,0
autorski pseudonim ,1,0
posedovanje materijalan dobro . ,1,0
fizički radnik koji jesam unajmiti da u polje obaviti neki posao ,1,0
Dvoredac ,1,0
Učiniti da postati suv usled izlaganje toplota . ,1,0
čin kada se smisao nešto iskriviti tako da poprimiti značenje koji on prvobitno jesam biti namenjen ,1,0
bez nada ili skoro bez nada ,1,0
muslimanski bogomolja . ,1,0
informisati reč ,1,0
koji nem noga ( ud ) ,1,0
očistiti od iskvaren uticaj svet ,1,0
oprema ili pribor koji se koristiti u sport . ,1,0
deo osoba se koristiti da označiti osoba ( sinegdoha ) . ,1,0
koji se ticati ili koji uključivati bazičan činjenica ili princip . ,1,0
sposobnost da se odbiti talas ,1,0
onaj koji nemati ili ne pokazivati sažaljenje ili saosećanje . ,1,0
"stanje neaktivnost ( u poslovanje , umetnost , itd . ) ",1,0
spojiti radi zajednički cilj ili u zajednički akcija . ,1,0
proizvesti definicija za značenje koji reč ,1,0
boginja neslopge i razdor ; sestra Aresova ,1,0
biti koji bestelesan natprirodan biće koji ljudski biće moći videti ( ili čuti ) ,1,0
Interagovati na neki način . ,1,0
distilled from fermented molasses ,1,0
paleontologija mikrofosila ,1,0
velik tuga uzrokovati gubitak voljen osoba ( posebno smrt ) . ,1,0
jedan apstraktan mentalan lokacija . ,1,0
Čin postavljanje dva stvar zajedno tako da između ona nem prostor . ,1,0
srednjovekovan komad koji predstavljati epizoda iz život svetac ili mućenika ,1,0
snaga sastaviti od policajac i službenik . ,1,0
podesiti razmak između reč ,1,0
Osećaj koji se doživljavati u očekivanje neki određenog bol ili opsasnosti i obično ga pratiti želja da se pobeći . ,1,0
"u računarstvo , stanje datoteka u koji jesam ona razbiti i uskladištiti na mnogi različit lokaicje na magnetan disko ",1,0
postati ukočiti ili krut . ,1,0
zujare ,1,0
umetnik koji prav skulptura . ,1,0
nešto što obezbeđivati pristup ,1,0
pohraniti u arhiv ,1,0
shrikes that impale their prey on thorns ,1,0
"u računarstvo , broj piksel po kvadratni inč na računarski generisanom prikaza ; što jesam velik rezolucija i slika jesam sve dobar ",1,0
broj koji nemati drugi činilac osim sam sebe i brojati @ord@ ,1,0
relacija koji postojati kada se stvar odvijati istovremeno ,1,0
Učiniti da se raširiti . ,1,0
prst na ruka ili noga kod ljudski biće ili odgovarajući deo kod drugi kičmenjak . ,1,0
dva reč jesam homografi ako se pisati isto ali imati različit značenje . ,1,0
"fotosintetičke bakterija koji se nalaziti u svež i slan voditi , posedovati hlorofil i fikobilin ; nekada se misliti da jesam alga : modro-zelene alga ",1,0
strm visok obronak ili stena ,1,0
sudski nalog koji se nalagati prisustvo svedok sudski postupak ; neodazivanje sudski poziv imati za posledica izricanje kazna za nepoštovanje sud ,1,0
koji jesam klonuo duh ,1,0
"mali otvoren kontejenr koji se koristiti za pića , obično sa drška . ",1,0
ukupnost živ stvar . ,1,0
koji imati zaveštanje ,1,0
Beloruki gibon ,1,0
"disciplina koji izučavati princip transmisija informaicja i metoda pomoću koji se onaj isporučivati ( kao što jesam štapma , radio , televizija , itd . ) ",1,0
"jedan od velik alfabetski karakter koji se koristiti kao prvi slovo u odredženim slučaj ( pisanje vlastit ime , na početak rečenica , pri naglašavanje i td . ) ",1,0
"o početan rad , ili koji jesam u veza s on ili koji karakterisati početan rad ",1,0
Reč koji imati tri sloga . ,1,0
smatrati da jesam u određenom stanje ili na određenom mesto ,1,0
kormoran . ,1,0
transportni linija koji koristiti tramvaj . ,1,0
postati aktivan i bljuvati lav i stena ; o vulkan . ,1,0
tehnički škola koji sprovoditi nastava u mnogi industrijski veština i primenjen nauka ,1,0
neki čiji jesam posati da snabdevati potrošač određenom usluga ili dobar . ,1,0
svaki deo veličina koji jesam prihvatiti kao standard merenje ili razmena . ,1,0
mašina koji se koristiti u poljoprivreda ,1,0
antineoplastik koji sprčava korišćenje metabolit ,1,0
drozd koji se isticati lep pevanje ,1,0
stvoriti mišljenje o nešto ; suditi oprezno ; napraviti procena . ,1,0
preuzeti vođstvo ili inicijativa : učestvovati u razvoj nešto . ,1,0
"prisiliti ili privoleti ili neprestano terati ili prisiljujući pritisak vršiti , ili snažno motivisati ",1,0
osoba zadužiti da paziti da li se nešto zbivati ,1,0
( filozofija ) doktrina da znanje proizlaziti iz iskustvo ,1,0
"vrsta krečnjak , vapenca , srednji tvrdoća , pogodan za glačanje i obrada , koristiti se u vajarstvo i kao građevinski materijal . ",1,0
spojiti dlan uz pljesak . ,1,0
kritički procieniti ,1,0
biti prodavati za određenu cena ili na odrediti način . ,1,0
Pomazanje kao deo religijski obred isceljivanje ,1,0
uzdužan gledan polovina životinjski trupa koji se koristiti u ishrana ,1,0
vrednost koordinata na horizontalan osa . ,1,0
Tražiti isplata . ,1,0
intenzivan ili preterano loš ili neprijatan po kvalitet ili stepen . ,1,0
radikal koji koristiti teror kao politički oružje - obično se sa drugi terorista udruživati u mali ćelija ; često koristiti religija da zamaskirati svoj teroristički aktivnost ,1,0
skup jednačina dva ili više promenljiv za koji postojati vrednost koji zadovoljavati sav jednačina istovremeno ,1,0
rastaviti se u delić . ,1,0
onaj što se na kraj proizvesti . ,1,0
fizički dati ili preneti ,1,0
ne pridržavanje moralan princip . ,1,0
neki izraziti stil u muzika . ,1,0
koristiti se sa gradivan imenica ; mnogo po količina ili stepen . ,1,0
zlatovrana ,1,0
"Ženska osoba koji imati važan uloga u život neki muškarac , kao njegov supruga , ljubavnica ili devojka . ",1,0
težak dugačak čekić koji se koristiti za ukucavannje ekser ili klin ,1,0
duktus kroz koji se izbacivati mokraća kod večine sisara ,1,0
koji koristiti ili sadržati previše reč ,1,0
voljen osoba ; koristiti se u izraz od milja . ,1,0
obznaniti nešto . ,1,0
ne osecati se dobro ili udobno . ,1,0
imati uticaj na nešto . ,1,0
droga koji moći da proizvesti stanje opijenost . ,1,0
neki ko na atraktivan način uređivati pejzaž i bašta . ,1,0
Pažnja i uredovanje koji podrazumevati odgovornost za bezbednost . ,1,0
konstrukt po koji se moći razlikovati predmet ili osoba . ,1,0
lastavica i bregunica . ,1,0
broj ili nizak broj koji se koristiti za identifikacija . ,1,0
visok lonac u koji se kuvati kafa . ,1,0
pas srednji rast specijalan uzgajati za potreba lov na lisica ,1,0
Očistiti pomoću ritual ; politički čišćenje zvaničnik prethodan režim . ,1,0
vilinski konjica i ? ,1,0
igla sa kuk na kraj - koristiti se za heklanje ,1,0
wring the neck of ,1,0
"umanjiti po vrednost , karakter itd . ",1,0
bandikut ,1,0
ma ,1,0
Sprečiti da se nešto desiti ili da biti u određenom stanje . ,1,0
kozodoji ,1,0
povratiti u izvoran stanje . ,1,0
Dudovac ,1,0
stanje u odnos između ljudi ili grupa ,1,0
"izraziti broj , mera ili veličina . ",1,0
broj od koji se umanjilac oduzimati . ,1,0
pomenuti nešto . ,1,0
"stanje nešto što jesam zajedno , ujediniti ili povezati . ",1,0
ukazati znak ,1,0
Vis stvar grupisan zajedno . ,1,0
mesto gde se osoba ili organizacija moći naći ili se s ona moći kontaktirati . ,1,0
proizvesti škrgutav zvuk pomoću međusoban struganje . ,1,0
neki ko birati prema eklektičan metoda ,1,0
diskretan veličina nešto što jesam analogan kvantum u kvantni teorija ,1,0
aktivnost podržavanje ili održavanje pomoću snabdevanje novac ili potrepština . ,1,0
dvosmislenost ( posebno u tekst zakon ili ugovor ) koji omogućavati da se kakav teškoća ili obaveza izbegnuti ,1,0
ZW ,1,0
organizovati niz radnja i predstava ,1,0
zmijuljice ,1,0
osnovni osećanje koji se teško definisati ali koji ljudi žele da osetiti . ,1,0
mlad luk pre nego što lukovica porasti ; koristiti se za salata ,1,0
Učiniti ili ostaviti znak na nešto . ,1,0
"nagovestiti , naslutiti , predosećati . ",1,0
obožavanje Biblija ,1,0
"bumbar , ? ? ",1,0
any of numerous shrubs Or herbs Or vines of the genus Solanum ; most ar poisonous though many bear edible fruit ,1,0
tražiti od neki da uraditi nešto ,1,0
temperaturni stepen na Farenhajtov skala ,1,0
staviti da plutati ,1,0
biti koji mehanički ili električni sprava koji translituje ili pretvarati energija da biti se pognuti obavljanje neki ljdskih poslovati . ,1,0
Draguxar koji proizvoditi nakit od zlato . ,1,0
Nešto uraditi ( obično suprotno od nešto rečen ) . ,1,0
"jedan od dva velik sisara severni morati , sa velik očnjak . ",1,0
unos sa lista osoba koji jesam doprineti film ili pisan rad ,1,0
matematički progresija kod koji se na svaki član dodeljivati konstantan vrednost da biti se dobiti sledeći član ,1,0
kareta ,1,0
poželeti dobrodošlica koji ; pozdraviti koji na dolazak ,1,0
izazvati proces fermentacija ,1,0
čin koji se umanjivati jačina neki ili nešto ,1,0
autoritativan uput ili naređenje da se nešto uraditi . ,1,0
promena agregatni stanje iz jedan u drugi bez promena hemijski sastav ,1,0
zgrada ili mesto na koji se pružati odrediti usluga ili se koristiti za određenu industrija . ,1,0
merni instrument za težina ; pokazivati veličina masa . ,1,0
refleks koji izbacivati crevni gas kroz anus ,1,0
vlaknast amfibol ; koristiti se za proizvodnja vatrootpornih proizvod ; udisanje vlakno moći izazvati azbestozu ili karcinom pluća ,1,0
Arktički kit sa velik usta . ,1,0
biti u uspravan položaj . ,1,0
DZ ,1,0
Povećati cena . ,1,0
koji jesam pred erupcija ili izbacivati lav ( o vulkan ) ,1,0
tabela ili matrica sav veličina i akcija koji za svaki od ona trebati da se preduzeti ,1,0
Zvanično takmičenje u koji se nadmetati dva ili više osoba ili tim . ,1,0
fabrički mešavina za pravljenje limunada ,1,0
prostirati se preko povrĹĄine neÄega ; i u vremenski znaÄenju ,1,0
velik voden površina koji činiti glavni deo hidrosfere ,1,0
ugovor o prenos ličan svojina ,1,0
zanimanje za koji jesam neki platiti . ,1,0
"koncizan objašnjenje značenje reč , fraza ili simbol ",1,0
odrediti vrsta materija sa uniforman osobina ,1,0
sudbina koji presecati nit život ,1,0
kajman ,1,0
"istopiti se , polomiti ili na drugi način postati neupotrebljiv ; o sijalica i osigurač ",1,0
dijagnostički procedura koji se X zrak otkrivati promena lii tumor na grudi . ,1,0
Mog se izmeriti . ,1,0
"onaj koji odgovarati određenoj osoba , mesto , stanje i sl . ",1,0
posveta na nadgrobni ploča ili spomenik u sećanje osoba sahranjen na taj mesto ,1,0
"Učiniti jednak , ravnomeran , odgovarajući ili saglasan . ",1,0
"smanjiti se po veličina , opseg ili rastojanje . ",1,0
"velik , manje-više primitivan glodar : veverica , mrmot , dabar , ird . ",1,0
statistički metoda koji davati vrednost koji se moći testirati da biti se odrediti postojati li signifikantan veza među promenljiv ,1,0
tražiti ili tragati ,1,0
Količina koji se moći obraditi ili prevesti odjednom . ,1,0
Žižak ,1,0
podneti prijava ( dobro za carinjenje ) carinski službenik ,1,0
Različak . ,1,0
vozilo sa točak koji moći da se vući iza automobil ili kamion ; opremiti za život ; ,1,0
onaj koji delovati poput magnet ; posedovati sposobnost da namamiti i privući ; ,1,0
"obožavanje idol , slika koji jesam od bog ",1,0
osoba trenirati da se nadmetati u sport . ,1,0
teća ( kao vreme ) ,1,0
reprodukovati uz pomoć fotokopir mašina ,1,0
zrno biljka golubiji grašak koji imati visok nutritivni vrednost ,1,0
"prekinuti sa neki radnja , na primer ",1,0
osećati pokajanje zbog nešto ( ? ) ,1,0
uređaj koji se koristiti za slanje signal ,1,0
imenica koji iznačava konkretan stvar i obično se zapisivati velik slovo ,1,0
koji se trenutno koristiti ili jesam spreman za upotreba ,1,0
razgovarati o nešto u detalj . ,1,0
pojačati električni struja tako što deo izlazni snaga delovati na ulazni kola ,1,0
igra u koji dva taj prebacivati lopta preko visok mreža udarati jesam ruka . ,1,0
Dan na koji se ne raditi po običaj ili zakon . ,1,0
izmeriti po dužina ,1,0
Izreći mišljenje o neki pitanje . ,1,0
bolest krv ili narušavanje funkcionisanje krvni ćelija . ,1,0
osoba koji obavljati volonterski rad . ,1,0
pomeriti iz položaj ; o zglob . ,1,0
obratiti poseban pažnja . ,1,0
kvalitet nešto što jesam adekvatno ili perfektno . ,1,0
profesor koji posećivati drugi koledž ili univerzitet i tamo predavati neki ograničen vreme . ,1,0
učiniti oštar ,1,0
postati napeti ili napet . ,1,0
u psihologija imati više tumačenje a jedan od ona jesam da predstavljati nesvestan internalizaciju aspekt svet ( naročito aspekt ličnost ) u okvir sebe na takav način da internalizovana predstava preuzimati psihološki funkcija spoljašnji objekt . ,1,0
mali predmet koji deo komplet koji se koristiti za igra na tabla . ,1,0
transuranski element koji nemati u priroda ,1,0
nešto što se dodavati jela ( kao peršun ) radi lep ukus ili izgled ,1,0
dodavanje informacija ili detalj ,1,0
deljenik razlomak . ,1,0
UG ,1,0
primer nešto ,1,0
Veći i jak od evropski bizon ; nemati ga slobodan u priroda . ,1,0
karakter koji se koristiti da označiti neki matematički relacija ili operacija ,1,0
neki ko se angažovati osoba ili kompanija za neki predstava . ,1,0
proizvesti ili stvoriti proizvod stvoren ljudski ruka . ,1,0
muški gametocit od koji se razvijati četiri spermatide ,1,0
osoba koji imati radikalan ideja ili mišljenje ,1,0
bogat krem sa želatin ,1,0
okrutan čin ; namerno izazivanje bol ili patnja . ,1,0
tabinje ,1,0
stanje u koji jesam nešto povezati . ,1,0
uzeti ili uhvatiti nešto sila . ,1,0
sistem u koji se za utvrđivanje položaj koristiti koordinata ,1,0
"Škola koji jesam privatno osnovan i tako se ona i upravljati , a izdržavati se donacija i upisnina . ",1,0
osloboditi konfuzija ili dvosmislenost ; učiniti jasan . ,1,0
kvalitet neki ili nešto što jesam važan ili vredan pažnja . ,1,0
znanje koji jesam akumulirati sistematski izučavanje i koji jesam organizovan po opšti princip . ,1,0
nakratko zatvoriti oči . ,1,0
"imati kraj u vremenski , prostornom ili kvantitativan smisao ; prostorno ili prenosni značenje . ",1,0
gigantski zlogodnica ,1,0
droga koji brzo izazivati zavisnost ,1,0
firma koji se baviti posao izdavanje ,1,0
( filozofija ) doktrina prema koji jesam život vitalan princip koji se razlikovati od fizika i hemija ,1,0
sledbenik luteranstva ,1,0
biti koji krivica zbog koji se moći podneti tužba za naknada šteta ,1,0
sistem reč koji se koristiti u određenoj disciplina ,1,0
kardamon ,1,0
hormon steroid koji proizvoditi adrenal korteks ili jesam sintetizovan ; ako se koristiti kao lek smanjivati otok ,1,0
mašina koji se koristiti za štampanje ,1,0
Čin ulaganje novac . ,1,0
habulica ,1,0
"stanje u koji jesam neki bogat , imati obilno materijalan dobro i novac . ",1,0
dati neki blagoslov ,1,0
oslobađanje od stisak ,1,0
preteran ili nekontrolisan strah ,1,0
Slitina zlato koji se koristiti u stomatologija . ,1,0
"osobina varijabilnost , izmenljivost ili nestajanje u vreme ",1,0
Učiniti čvrst ili čvrst . ,1,0
uz ,1,0
osobina neprijatelj ili onaj ko jesam spremati za borba ,1,0
"Karlični položaj jesam položaj beba u materica zadnjica ili noga nadole , odnosno kada se u donji delo materica napipavati zadnjica ili noga plod , i sreća se prosečno kod @card@ odsto žena . sam taj dolaziti do karlični porođaj . ",1,0
između ran ili kasan vremenski perioda ,1,0
izraziti potreba ili želja za nešto . ,1,0
operator koji ne menjati element na koji se primenjivati ,1,0
"dati novac , obično u zamena za roba ili usluga . ",1,0
Količina koji moći da stati u korpa . ,1,0
okolnost pod koji jesam osobina stanje relativno stalan čak i ako jesam samo stanje dinamično . ,1,0
ne pristati na prihvatanje ili priznanje nešto . ,1,0
kondenzator imati vrednost jedan farada kada jedan kulon naelektrisanje izazov potencijalan razlika od jedan volt na on ,1,0
"meso malde kokoška srednji veličina , pogodno za prženje ",1,0
u stanje kada ne funkcionisati ,1,0
razlikovni karakteristika ili atribut ,1,0
AO ,1,0
stanje konflikt između osoba . ,1,0
"ukupan iznos koji se isplaćivati za dobra i usluga , a koji uključivati novac , vreme i rad . ",1,0
postupak vezati za seksualan opštenje . ,1,0
dužina ili tip vremenski aktivnost označen glagol ,1,0
neki ko dovoditi tekst u prihvatljiv oblik za štampa ,1,0
uključivanje preuzimanje ,1,0
"brojanje glas ( na primer , na izbor ) ",1,0
"kratkotrajan grč glasnih žica u larinksu , koji izazivati napad gušenje . ",1,0
slaganje u lice između zamenica i glagol ,1,0
Blitva ,1,0
neformalan termin za uloga neki osoba . ,1,0
"kompakt disk koji se koristiti sa računar ( a ne sa audio sistema ) ; moći se pohraniti velik količina digitalan informacija i moći ona se pristupiti , ali ona korisnik ne moći menjati ",1,0
odbijanje čovek da se podvrgnuti ustanovljen organ ( prvobitno odbijanje rimokatolik da prisustvovati služba anglikanski crkva ) ,1,0
verovanje plemenski društvo ,1,0
novac koji trebati platiti na račne . ,1,0
"osoba koji uzimati učešće u oružnaoj pobuna protiv vlast , posebno u uverenje da hteti popraviti društvo ",1,0
Uobičajeni karakter alfabet koji se koristiti za predstavljanje govor . ,1,0
rasti po cena ili nivo . ,1,0
Korišćenje fizički i li mentalan energija ; težak rad . ,1,0
koji se sastojati od silabički karakter ili koji se koristiti takav karakter ,1,0
ud kod čovek ; obično se koristiti za ceo donji ud . ,1,0
prezent koji se koristiti kako biti se opisati prošli radnja ili stanje ,1,0
"ostrigati pronaći na oblama Long Ajlanda ; termin se danas često koristiti za ostriga pronađen u Atalntskom okean ; obično se jesti sirov sa malo limunov sok i , po želja , tabasko sos ",1,0
koji slediti ideja Marks i Engels ,1,0
"stvoriti mentalno i apstraktan , a ne ručno . ",1,0
komunikacioni sistem koji se koristiti na javan mesto sa jak ozvučenje ,1,0
Čin prilazak cilj . ,0,1
specijalan grupa koji jesam delegirati da razmotriti neki stvar . ,1,0
"koji jesam okarakterisati mračan , mističan i groteska ",1,0
osoba koji se upisivati ili jesam upisati na neki obrazovni kurs ili u škola . ,1,0
Sem mirođija koji se koristiti za kiseljenje krastavac i turšija . ,1,0
velik prostorija za okupljanje i zabava . ,1,0
Završetak ili uništenje unija . ,1,0
kuvati hrana i učiniti jesam jestiv izlaganje visok temperatura u vreo pećnica ,1,0
hotdog sa čili preko ,1,0
disciplina koji se baviti veština ili umetati primena naučni znanje na praktičan problem . ,1,0
poprimiti ili glumiti nečiji karakter . ,1,0
fizički konstanta koji se povezivati temperatura i energija ,1,0
koji ne pripadati snaga sopstven zemlja ili snaga saveznik ,1,0
"Sačinjavaju ga moralan princip , norma , moralan propis . taj jesam onaj sloj ličnost koji jesam proizvod življenje u određenoj društven sredina . ",1,0
grana geologijae koji koristiti fizički princip za izučavanje osobina zemlja ,1,0
vrh nešto ,1,0
zanimljiv ili šaren ukras koji se dodavati da umanjiti jednoličnost . ,1,0
uređenje klauza u rastući red po snaga ,1,0
"izazvati ljutnja , bes . ",1,0
"hodati gordo , često pokušavati da se impresionirati drugi . ",1,0
reč ili izraz pozajmljen iz francuski ,1,0
geometrijski element koji imati položaj ali ne i dimenzija . ,1,0
Piperaceae ; Saururaceae ; Chloranthaceae . ,1,0
Učiniti taman ili taman . ,1,0
motor sa spoljašnji sagorevanje u koji se toplota koristiti da podignuti para koji zatim pokretati turbina ili klip u cilindar . ,1,0
sociološki teorija koji se zasnivati na pretpostavka da društvo dolaziti pre pojedinac ,1,0
mera za kapacitet komponenta strujni kola u koji jesam naelektrisanje ,1,0
broj element u matematički skup ; određivati veličina ali ne i redosled . ,1,0
skupina koji sarađivati . ,1,0
velik zadovoljavajuć obrok ,1,0
nešto što imati vrednost ,1,0
aktivno izazvati da se nešto desiti . ,1,0
napraviti litograskim postupak ,1,0
fokus pažnja javnost ,1,0
Spoljašnji ili vidljiv aspekt osoba ili stvar . ,1,0
galago ,1,0
"suv materija za bojenje , posebno nerastvorljiv prah koji se mešati sa tećnošću da biti se proizvesti boja . ",1,0
velik voden daždevnjak : ? hellbenders ; golem štur ,1,0
rezonovati i zaključivati indukcija ,1,0
odnos između matematički izraz ( kao jednakost ili nejednakost ) ,1,0
BT ,1,0
"znak interpunkcija ( : ) koji se koristiti nakon reč koji najavljivati nabrajanje , primer ili neki objašnjenje ( moći se javiti i nakon pozdrav u poslovan pisma u engleski ) ",1,0
Učiniti neki nesvestan pomoću zato uspavljujući sredstvo . ,1,0
klišnjaci ,1,0
"sakupiti , na primer , dokaz . ",1,0
veza između gen u polni hromozom zbog koji se neki karakterisitike javljati mnogo češće kod jedan pol nego kod drugi ,1,0
od očev ime ,1,0
pomerati ili izazvati pomeranje brzo tamo-amo . ,1,0
ukloniti ( artikl ) iz izvor . ,1,0
Učiniti poravnat . ,1,0
"crvenkast olovan oksdi ( Pb3O4 ) koji se koristiti kao pigment za boja , u proizvodnja staklo i keramika ",1,0
"prozvati ili izuzeti sudija kao nekompetentan ili zainteresovan , u crkven i građanski prava ",1,0
obezbediti zabava za neki . ,0,1
Reći da neki . ,1,0
"ustanoviti , zasnovati na zakon ili na zvanično prihvaćen pravilo ",1,0
evropski praziluk koji se gajiti i koristiti kao praziluk . ,1,0
"Metvulja , ? horsemint , ? beebalm ",1,0
"jedan od poznat mehanizam odbrana koji se sastojati od težnja i sklonost osoba da svoj želja , impuls ili sadržaj podsvest koji jesam prihvatljiv za sopstven ego , projektovati na drugi osoba pripisivati ona sličan osobina ",1,0
prostor u koji jesam obezbediti život ljudi . ,1,0
Načiniti nešto . ,1,0
raga od divljač u bogat sos ,1,0
obožavanje svetac ,1,0
podarka ,1,0
Združivanje vojni snaga . ,1,0
"visok višegodišnji evropsa šikara , gajiti se zbog lišće i tanak klasje plav cvet ; ponekad se koristiti u medicina . ",1,0
"papir koji ne propuštati masnoća , koristiti se u kuvanje ",1,0
ukupnost poslovan aktivnost . ,1,0
VE ,1,0
promeniti se ( u pogled fizički karakteristika i atribut ) ,1,0
am ,1,0
izdužiti pravougaon kost koji činiti most nos ,1,0
čin transformacija da biti se uzdignuti ili slaviti ,1,0
žut deo jaje koji se koristiti za kuvanje ,1,0
kopija koji se predstavljati kao da jesam original ,1,0
pozvizd ,1,0
"Učiniti da se nešto desiti , ne morati biti s namera . ",1,0
rad koji se obavljati ruka ,1,0
promeniti se iz gasovit u tečan stanje ,1,0
kolač sa ukus đumbir ,1,0
nokat na palac ,1,0
rad koji se obavljati sa drugi radi zajednički ciljati ili koristiti ,1,0
osećanje sklonost prema osoba ili institucija ,1,0
Član umetnički pokret koji jesam izražavati ideja indirektan preko simbol . ,1,0
velik intenzitet ili snaga . ,1,0
odnos izmedju jedinica koji se izražavati dodatan karakter njihov značenje ,1,0
"koji jesam kakav kraljevski ličnost osnovati , uspostaviti ili dopustiti ",1,0
"biti potpun u svoj vrsta , bez nedostatak ",0,1
koji ne postojati u stvarnost . ,1,0
"koji ne tražiti , ne iziskivati specijalan nutricione potreba ",1,0
"Plavičastobeli metal , topiti se na povišen temperatura , koristiti se u velik broj legura . ",1,0
skinkovi ,1,0
prirediti interlinearni prevod reč ili izraz ,1,0
prilagoditi da odražavati vrednost ili odnos ,1,0
Čin procenjivanje ili prosuđivanje . ,1,0
Mesec koji dolaziti posle septembar a pre novembar u kalendar . ,1,0
sagoreti uz pomoć nagrizajući sredstvo . ,1,0
dati instrukcija ili uputiti neki da nešto uraditi . ,1,0
Stolica koji ostajati napolju da biti se koristiti u bašta . ,1,0
"Nešto uzeti kao svoj sila , na primer , posle invazija . ",1,0
osoba koji jesam član . ,1,0
"na primer , o vukanima ; koji trajno jesam aktivan . ",1,0
