X,Predicted,Real
držanje do moralan princip ,1,0
Dan na koji se ne raditi po običaj ili zakon . ,1,0
Nešto ( osoba ili predmet ili prizor ) što umetnik ili fotograf izabrati da grafički predstava . ,1,0
i u metaforički značenje ,1,0
Veseli ili razdragan rekreacioni aktivnost za razonoda ili zabava . ,1,0
stanje u kme jesam nešto prisutan . ,1,0
samohodno vozilo koji se kretati po šina ,1,0
"proces ili niz aktivnost , posebno praktičan ili mehanički priroda , koji jesam uključiti u odrediti oblik rad . ",1,0
zagovornik princip humanizam ,1,0
Učiniti da nešto postati . ,1,0
koji se odnositi na korišćenje ili koji imati priroda deklaracija ,1,0
koji moći da odgovoriti na fizički stimulans ,1,0
privremen smeštaj u priroda za putnik ili turista . ,1,0
velik bogatstvo . ,0,1
oruđe koji se koristiti u sport . ,1,0
uređaj nalik na praćka koji se koristiti u raznim primitivan društvo za izbacivanje strelica ili koplje ,1,0
ispuniti gas ili vazduh ,1,0
neki društvo u određenom vremenski trenutak i na određenom mesto . ,1,0
Korišćenje fizički i li mentalan energija ; težak rad . ,1,0
deo oprema za golf koji igrač koristiti da biti udariti loptica . ,1,0
"radioaktivan transuranski metal , proizvesti bombardovanje plutonijuma neutron ",1,0
zapaljiv bezbojan gasovit alken ; dobijati iz petrola i prirodan gas i koristiti se za paroizvođnju mnogi hemikalija ; nekad se koristiti i kao anestetik ,1,0
u grčki mitologija lep mladić koji se zaljubiti u sopstven odraz ,1,0
Čin koji se sloboda neki osoba ograničiti tako što se ona zatočiti ,1,0
komunicirati bez reč ,1,0
kvalitet onaj što jesam teško otkriti ili analizirati . ,1,0
dug traka od tkanina koji se koristiti kao ukras ili za oglašavanje ,1,0
nešto što imati vrednost ,1,0
"merni instrument za otkrivanje i merenje intenzitet , pravac i trajanje kretanje zemljin kor ( kao kod zamljotresa ) . ",1,0
čin postizanje neki ciljati ili izvršenje neki naređenje ,1,0
rezonovanje koji pokazivati kako zaključak logički slediti prihvaćen premisa ,1,0
nabavka nešto da biti biti dostupan za budući korišćenje . ,1,0
koji ne pokazivati dovoljno pijetet prema bog . ,1,0
"fashioned Or shaped by cutting ; "" a well-cut suit "" ; "" cut diamonds "" ; "" cut velvet "" ",1,0
ispoljiti odgovor ili reakcija na nešto . ,1,0
učestvovati u pravni proces ,1,0
kvalitet neki ili nešto što jesam važan ili vredan pažnja . ,1,0
"desiti se , dešavati se , događati se ",1,0
imati kao svojstvo . ,1,0
nauka o materija ; grana prirodan nauka koji se baviti sastav supstanca i njihov svojstvo i reakcija . ,1,0
oružje koji se koristiti u biološki rat ,1,0
( klasičan mitologija ) zmija ( ili gušter ili zmaj ) sposoban da ubiti dah ili pogled ,1,0
raspodeliti u sklad sa neki plan ili odvojiti za poseban namena . ,1,0
osoba koji uzgajati ili čuvati ovca . ,1,0
osoba koji držati straža nad nešto ili neki . ,1,0
neki od više tuljan koji nemati spoljašnji ušni školjka ; imati čvrst prekrivač i ud sveden na peraja . ,1,0
osoba čiji jesam zanimanje da šiti i popravljati odešu . ,1,0
"odbojno , vrlo neprijateljski ponašanje ",1,0
škrtost koji proizilaziti iz briga za sopstven dobrobit i nepoštovanje drugi ,1,0
učiniti da šta osećati ; učiniti osetljiv ,1,0
škola koji pružati praktičan stručan i tehnički obuka ,1,0
staviti pomoću šarka u položaj da se dozvoliti slobodan kretanje u jedan pravac . ,1,0
Nešto što se desiti u dat trenutak i na dat mesto . ,1,0
odsustvo osećanje ,1,0
Mogućnost i želja da se kupovati dobra i usluga . ,1,0
Učiniti da imati nabor i prelom . ,1,0
neki ko pisati o nečiji život ,1,0
razlika između prihod i rashod u dat vremenski perioda . ,1,0
general visok rang ,1,0
prirodan depresija na površina zemlja često ispuniti jezero ,1,0
publikacija koji činiti deo niz ili serija ,1,0
politički teorija koji se zalagati za neograničen autoritet jedan osoba ,1,0
"onaj koji sklapati ugovor , kontrakt s neki lice ili ustanova ",1,0
svojstvo onaj koji nedostajati živost ,1,0
popustljivost i saosećanje koji prema počinilac kakav krivičan delo pokazivati lice ili agencija zadužen za sprovođenje pravda ,1,0
pojačati ili smanjiti intenzitet ,1,0
stanje bezvlašće i nered ( obično kao rezultat padati vlada ) . ,1,0
crven transparentan varijanta cirkona koji se koristiti kao drag kamen ,1,0
pružiti potreban podstrek za šta ,1,0
vrsta reč koji se identifikovati atribut imenica ,1,0
mehanizam društven kontrola za sprovođenje društven standard ,1,0
za život u zajednica odvojen od svet koji se ponašati po verski načelo ,1,0
Sređeno grupisanje stvar ili osoba posmatrati kao celina ; rezultat uređivanje . ,1,0
testiranje ideja ,1,0
Osećaj koji se doživljavati u očekivanje neki određenog bol ili opsasnosti i obično ga pratiti želja da se pobeći . ,1,0
"koji ohrabrivati , odobravati ili zadovoljavati ",0,1
diskusija čiji namera jesam da dovesti do sporazum . ,1,0
"tvar u tečan agregatni stanje koji nemati utvrđen oblik , ali imati utvrđen zapremina ",1,0
koji izazivati strah ili užas ,1,0
flagelata sa tanak omotač sastavljen od ploča ,1,0
pokazivač koji se sastojati od instrument za merenje količina padavine ,1,0
Španski gitarista koji jesam klasičan gitara učiniti koncertni instrument ( @card@ ) . ,1,0
sakrivanje identitet nešto izmena njegov izgled ,1,0
svojstvo onogo što imati jedan dimenzija ,1,0
"doživljavanje osećanje , fantazija , stav , nagon i odbrana prema osoba u sadašnjost koji jesam adekvatno u odnos na taj osoba već predstavljati ponavljanje reakcija prema značajan osoba iz ran detinjstvo , preneti na osoba u sadašnjost ; podrazumevati odnos između tri osoba , subjekt , osoba iz prošlost i osoba iz sadašnjost na koji se prenositi karakteristika osoba iz prošlost ; u terapijski situacija osoba na koji se vršiti prenos ( transfer ) jesam terapeut ",1,0
prestati sa rad ,1,0
artikulacija govor koji se posmatrati sa stanovište taj hteti li ga publika razumeti ,1,0
transuranski element koji nemati u priroda ,1,0
upravljati vozilo ili ga kontrolisati ,1,0
koji osećati ili ispoljavati bol ili žalost zbog greh ili uvreda ,1,0
neki akcija . ,1,0
izraziti zahvalnost ili pokazati poštovanje ,1,0
biti koji podsticajan podatak ili događaj ; delo koji pobuđivati akcija ,1,0
proizvoditi lagati ritmički udarac po površina . ,1,0
učiniti žrtva od nešto u religijski ritual ,1,0
religiozan osoba koji verovati da jesam Isus Hrist i koji jesam član neki hrišćanski denominacija ,1,0
nedostatak darežljivost ; nesklonost da se da novac . ,1,0
nož koji se koristiti za jela za sto ,1,0
držati propoved ,1,0
jesetra ,1,0
Učiniti da se nešto odvojiti ili rastaviti ,1,0
način rad ili ponašanje ,1,0
imati volja i namera da se izvesti neki akcija . ,1,0
postati imućan ili bogat ,1,0
osoba iz Francuska ,1,0
Čin oštećivanje nešto ili neki . ,1,0
priručnik koji sadržati reč ( u alfabetski poredak ) sa njihov značenje ,1,0
stanje u koji jesam neki aktivan . ,1,0
osoba koji prosuđivati ,1,0
"verovanje , ili sistem verovanje , koji jesam prihvatiti kao merodavan od strana neki grupa ili škola . ",1,0
kvalitet da jesam šta opšti ili široko rasprostranjen ili da imati opšti primenljivost ,1,0
koji obezbeđivati interpretacija ,1,0
Slično sa prastar orgijskim obožavanje Afrodita na Kipar ,1,0
specijalan odeljenje velik organizacija . ,1,0
pridat značenje nešto . ,1,0
notacija za zapis matematički izraz koji koristiti zagrada i pravilo prioritet operator ; operadori se nalaziti između operanada ,1,0
bazen koji obezbeđivati mogućnost plivanje ,1,0
okolnost pod koji jesam osobina stanje relativno stalan čak i ako jesam samo stanje dinamično . ,1,0
osoba koji proizvoditi prehrambeni proizvod . ,1,0
"metafora koji se javljati tako često da jesam dobiti nov značenje izraz ( npr . "" on jesam zmijati "" moći jednom biti metafora , ali posle godina upotreba taj izumirati i postajati nov značenje reč "" zmija "" ) ",1,0
Učiniti ili izazvati da nešto postati . ,1,0
"učiniti disjunktnim , odvojen ili nepovezan ",1,0
deo javan put po koji se kretati vozilo - deo put između trotoar ,1,0
bogosluženje koji se obavljati u kasno popodne ili veče ,1,0
imati određenu cena . ,1,0
"sferni ili elipsoidne uglavnom aeroban eubakterije koji proizvoditi žut , narandžast ili crven pigment ; obuhvatati forma koji proizvoditi toksin a isto tako i neškodljiv komensale i saprofite ",1,0
program koji ispitivati drugi računarski program da li jesam sintaksički ispravan ,1,0
prestonica i velik grad smešten u centralni Španija ; Sedište izuzetan muzej umetnost . ,1,0
nadmoćan osećanje strah i zebnja ,1,0
zaštitni prekrivka biljka sklon truljenje koji se postavljati da biti se smanjiti isparavanje i erozija zemljište ,1,0
kakav ritam opetovanim udarac proizvoditi ,1,0
posmatrati s pažnja ; upraviti nečiji pogled . ,1,0
Čin pružanje odobravanje i podrška . ,1,0
osoba koji koristiti naučni znanje da rešiti praktičan problem ,1,0
onaj koji jesam nalik na blizanac ,1,0
Učiniti sav što jesam potrebno za preduzimanje neki posao . ,1,0
kretati se brže . ,1,0
propovedati jevanđelje ,1,0
dati razlog za očekivanje . ,1,0
elektromagnetski zračenje koji moći da proizvesti fotohemijske reakcija ,1,0
"Sačinjavaju ga moralan princip , norma , moralan propis . taj jesam onaj sloj ličnost koji jesam proizvod življenje u određenoj društven sredina . ",1,0
higrometar koji pokazivati varijacija relativan vlažnost atmosfera ,1,0
dodavanje informacija ili detalj ,1,0
geografski region koji činiti grad . ,1,0
"onaj koji odgovarati određenoj osoba , mesto , stanje i sl . ",1,0
koristiti ili pomerati ,1,0
pojava pri koji se talas svetlost ili drugi zračenje ograničavati u smer vibracija . ,1,0
neki od četiri poslednji planeta Sunčev sistema koji jesam mnogo večati od sunce i po priroda gasovit ,1,0
koji dolaziti posle i slediti posle nešto . ,1,0
"ishod događaj , posebno u odnos na neki osoba . ",1,0
svojstvo onogo što jesam propustljiv ,1,0
zaustaviti neki stanje ili aktivnost . ,1,0
čin davanje otrov osoba ili životinja s namera da se ubiti ,1,0
evropski praziluk koji se gajiti i koristiti kao praziluk . ,1,0
Nešto predložiti ( kao plan ) . ,1,0
osoba koji imati opšti vlast nad drugi ,1,0
neki od redak vredan metal koji se obično koristiti za pravljenje novac i nakit . ,1,0
proglasiti kriv ( utvrditi krivica ) ,1,0
visok lonac u koji se kuvati kafa . ,1,0
stavljanje jedan pored drugi suprotan reč ili ideja da biti se stvoriti osećaj ravnoteža ,1,0
"dovesti u saglasnost sa pravilo , princip ili korišćenje ; nametnut pravilo . ",1,0
sintetički elastičan materija čiji osobina ličiti na prirodan guma ,1,0
lajati visok ton ,1,0
morski puž iz podreda Nudibranchia bez kućica i često sa telo lep boja . ,1,0
"koji jesam u više boja , bogat boja ",1,0
"proći trening ili obuka radi priprema za određenu uloga , funkcija ili profesija ",1,0
koji jesam otrovati ili proizvoditi otrov . ,1,0
mek masna supstanca koji se javljati u organski tkivo i koji činiti mešavina lipid ( uglavno trigliceridi ) . ,1,0
evropski slatkovodni riba sa pljosnat telo i srerkastom krljušt ; jesam mnogo vredan za ishrana . ,1,0
velik zemljišnji prostor očuvati u prirodan stanje kao javno dobro . ,1,0
akt koji činiti da prethodan akt ostati bez učinak ( kao da jesam ni učiniti ) ,1,0
rad koji se obavljati sa drugi radi zajednički ciljati ili koristiti ,1,0
abnormalan ili fiziološki neuravnotežen stanje telo . ,1,0
koji jesam veseo niti izazivati veselje ,1,0
spojiti šivanje sa dugačak bod . ,1,0
koji jesam korenski tip ; koji jesam povezati sa lingvistički koren ili koji činiti isti ,1,0
kalkulator koji voditi evidencija koliko puta se nešto desiti ,1,0
ređanje reč tekst tako da biti u sklad ,1,0
proizvoditi cvet . ,1,0
"preneti neki znanje o neki činjenica , stanje stvar ili događaj . ",1,0
obožavanje svetac ,1,0
znak koji nešto činiti očigledan . ,1,0
uspostaviti kolonija ( za zemlja u razvoj ) . ,1,0
' š ' šum koji proizvoditi simulans koji sadržati sav čujan frekvencija vibracija ,1,0
skup pravilo koji nametati autoritet . ,1,0
"fin uzica upreden vlakno od pamuk , svila , vuna ili najlon koji se koristiti za šivenje ili tkanje . ",1,0
"papir koji ne propuštati masnoća , koristiti se u kuvanje ",1,0
osoba obučiti za briga o bolesnik ( obično pod nadzor lekar ) . ,1,0
koji nem noga ( ud ) ,1,0
u psihoanaliza postojati i tumačenje da roditeljski figura ( i njihov vrednost ) se projektovati na dete . Glas savest jesam obično glas jedan od roditelj . ,1,0
naprava smisliti da sprečiti povreda . ,1,0
čin okajanja greh ili nepravda ( naročito putem umirivanje božanstvo ) ,1,0
položaj sudija ,1,0
gubitak novac ili smanjenje finansijski vrednost . ,1,0
uhvatiti ; i metaforički . ,1,0
izjava koji izražavati lićno mišljenje ili uverenje ,1,0
"koji se ticati konkretan problem ili podatak a ne fundamntalnih princip , nasuprot teoretski ",1,0
legura gvožđe sa mali udeo ugljenik i mangan ; često se koristiti u građevinarstvo ; njegov mehanički svojstvo moći da se menjati u širok dijapazon . ,1,0
program koji se pozivati da pripremiti posao koji trebati da se pokrenuti ,1,0
čokolada visok kvalitet koji sadržati najmanje @card@ procent kakao-putera ,1,0
Načiniti od mesto sav dom . ,1,0
ubiti velik broj ljudi bez razlika . ,1,0
osoba koji jesam uključiti u neki zakonski postupak . ,1,0
griža savest kada se neki osećati kriv za prekršaj ,1,0
common European Bird with a shrieking call that nests chiefly about eaves of buildings Or on cliffs ,1,0
pas koji se koristiti za lov na divljač . ,1,0
ona koji imati visok robni ili novčan vrednost za korišćenje ili razmena ,1,0
"aktivnost suvozemni ili pomorski snaga , kao što jesam manevar ili kampanja . ",1,0
obožavanje mesec ,1,0
Društvena snaga koji povezivati osoba sa njihov obaveza i izazivati akcija koji snaga nalagati . ,1,0
"Pogrešna akcija koji se moći pripisati loš procena , neznanje ili nepažnja . ",1,0
"Učiniti velik ili širok po boimu , zapremina i količina . ",1,0
mišljenje koji se stvarati prosuđivati nešto ,1,0
držati pod nadzor ,1,0
"Aromatično seme se koristiti kao začin , posebno za kara . ",1,0
u pozicioni brojni sistema pozitivan ceo broj koji jesam ekvivalentan jedinica na sledeći višem redni mesto ( matematika ) . ,1,0
formalan dokument napisati za tužilac koji se osoba optuživati za neki delo ,1,0
postupak vezati za seksualan opštenje . ,1,0
beleženje čovekov ponašanje i analiziranje psihološki karakteristika da biti se predvideti ili proceniti njegov sposobnost u određenoj sfera ,1,0
Sažeti ali znamenit izraz koji izražavati neki važan iskustvo koji mnogi ljudi smatrati istinit . ,1,0
voditi neki vrsta život ; živeti na određen način . ,1,0
udisati neki miris ; opažati čulo miris . ,1,0
Oruđe koji se koristiti za žigosanje živ stoka . ,1,0
uzrokovati da se neki ili nešto kretati vožnja ,1,0
velik zgrada za sastanak i zabava . ,1,0
"ubrzan rad srce , u pravilan ritam . ",1,0
atribut ili kvalitet za koji se smatrati da imati sopstven egzistencija . ,1,0
čin koji se neki osoba proterivati iz domovina ,1,0
fabrički mešavina sastojak za pravljenje kolač braunis ,1,0
"Podrvgunti nešto obraditi ili tretman , sa cilj da se taj učiniti spreman za neki namena , da se poboljšati , ili da on se popraviti stanje . ",1,0
"osobina onaj što jesam konveksan , ispupčen ",1,0
odrasti muški osoba ( nasuprot žena ) . ,1,0
state of being torn Or burst open ,1,0
Obično udaljen skrovište koji koristiti ljudi izvan zakon . ,1,0
Količina koji moći da stati u boca . ,1,0
"organ u ran faza razvoj , osnov za dalek razvoj . ",1,0
Mehanički muzičk instrument koji proizvoditi muzika rotacija cilindar koji jesam obložiti kočić . ,1,0
čin umirivanje ; ponovan zadobijanje čiji poverenje ,1,0
ograničiti ( školarac ) prava kretanje na spavaonica ili kampus kao kazna ,1,0
fotokopir koji koristiti fotografski metoda izrada kopija ,1,0
akcija ili aktivnost koji jesam dodeliti ili se zahtevati od osoba ili grupa . ,1,0
osoba trenirati da se nadmetati u sport . ,1,0
onaj koji imati ili proizvoditi visok ton poput piska ili zvuk zarđao šarka ,1,0
ukloniti posvećenost sa osoba ili objekt . ,1,0
štapičaste gramnegativne enterobakterije ; neki jesam patogen za toplokrvan životinja ; moći da se koristiti kao biološki oružje ,1,0
osoba u srodstvo sa drugi . ,1,0
desni strana brod ili avion onaj ko gledati prema krma ili pramac ,1,0
"uobičajen računarski memorija koji program koristiti da obaviti neophodan operacija ; memroisjki čip koji činiti integrisan kola dozovljava da se memorija pristup u biti koji red , a svaki ćelija se pristupati za privližno isti vreme ",1,0
"negodovati , kao protiv politika ; takođe i metaforički . ",1,0
"normalan stanje napetost mišić , arterija , itd koji olakšavati odgovor na stimulans . Mog biti pojačan ( hipertonija ) ili oslabiti ( hipotonija ) . ",1,0
Neinvazivna dijagnostički procedura koji koristiti ultrazvuk za snimanje struktura mozak ; zastareo metoda ,1,0
Učiniti javan informacija koji jesam ranije biti poznati samo nekolicina ljudi ili koji jesam trebati da biti tajna . ,1,0
stanje u odnos između ljudi ili grupa ,1,0
povratiti u izvoran stanje . ,1,0
neki čiji jesam zanimanje pravljenje ili popravak odeća od krzno . ,1,0
Neodređena količina nešto koji imati određenu vrednost . ,1,0
fenomen koji karakterisati postepen promena kroz niz stanje . ,1,0
tanak zmija koji se brzo kretati . ,1,0
mera za zapremina ili kapacitet . ,1,0
postupak koji se neki stanje od faktički pretvarati u pravni ( zakonit ) ,1,0
učiniti mokriti ,1,0
nauka koji izučavati ljudski društvo ,1,0
onaj koji postojati ili se pojavljivati u stvarnost ; imati proveren postojanje ; jesam iluzoran ; ,1,0
Način na koji se osoba odnositi prema drugi ljudi ( bihevioralni atribut ) . ,1,0
alatka koji se koristiti ruka . ,1,0
veličina izražen broj ,1,0
neki ko proizvoditi nešto . ,1,0
mali pokretan bakterijski štapić koji redukovati nitrat i izazvaju oštećenje na biljni stablo ,1,0
Uređaj koji raditi na mehanički princip . ,1,0
izražavanje ( govor ili pisma ) vaš uverenje ili mišljenje . ,1,0
lanac ostrvo koji činiti jedan Indonežansku provincija istočni od java ; uključivati Bala i timor ,1,0
biti koji supstancija koji organizm prerađivati da biti dobiti energija i graditi telesni tkivo . ,1,0
jevrejski praznik koji se slaviti šesti Sivan koji se slaviti Mozesovo primanje deset zapovest ,1,0
u koji nem život . ,1,0
osoba koji obrađivati zemlja - priprema jesam za setva usev . ,1,0
razdvojiti ili učiniti da se nešto naglo razdvojiti . ,1,0
preinačiti nešto koristiti manje tehnički terminologija ,1,0
abnormalan stanje krv ,1,0
kurzivni forma egipatski hijeroglif koji jesam koristiti pre sav sveštenstvo ,1,0
činiti zvuk sličan žubor voda ,1,0
proces umanjivanje ,1,0
"Društvo u napredan stadijum razvoj ( na primer , sa složen zakonski , politički i religijski organizacija . ",1,0
organizovan suprotstavljanje vlast ; sukob u koji jedan strana žeti da oteti kontrola od drugi . ,1,0
grana čist matematika koji se baviti samo osobina figura X koji imati sav figura u koji se X moći transformisati preslikavanje jedan-na-jedan koji jesam neprekidno u oba smer ,1,0
onaj ko verovati u imperijalizam ,1,0
stanje biti zaposliti ili imati posati . ,1,0
metalan cilindar upakovati u metak i koristiti kao municija u vatren oružje ,1,0
"redak element u priroda , a pojavljivati se u mali koncentracija u silikatni mineral ",1,0
proizvesti definicija za značenje koji reč ,1,0
"radioaktivan gasovit element koji nastajati dezintegracija radijum , težak od inertan gas , imati ga u priroda , smatrati se štetan za zdravlje . ",1,0
kobra koji jesam oristili faraon kao simbol svoj vlast nad život i smrt . ,1,0
Ponašanje sa neki ili nešto . ,1,0
vozilo sa točak koji se samo kretati i ne koristiti šinuti . ,1,0
Čin prilazak cilj . ,0,1
neki čiji jesam posati da snabdevati potrošač određenom usluga ili dobar . ,1,0
"upotreba privredni dobro da biti se zadovoljiti potreba , ili u proizvodni svrha ( ekonomija ) . ",1,0
vrednost koordinata na vertikalan osa . ,1,0
"artikulisati reč , uzvik , vika ili buk . ",1,0
apstrakcija koji pripadati ili karakterisati dva entitet . ,1,0
osoba koji za koji se smatrati da poticati od neki predak ili rasa . ,1,0
"predmet koji se koristiti kao kontejner , posebno za tečnost . ",1,0
"u računarstvo , broj piksel po kvadratni inč na računarski generisanom prikaza ; što jesam velik rezolucija i slika jesam sve dobar ",1,0
forsirati u određenom smer ,1,0
zaustaviti rad ili prouzrokovati zaustavljanje rad ,1,0
Važi za neljudski sisara ; stanje ili period povišen seksualan aktivnost i uzbuđenje . ,1,0
"proizvoditi pupoljka , grana ili klijati ",1,0
izazvati šteta na nešto . ,1,0
"Držati u ruka , stiskati . ",1,0
kretati se sigurno ili postepeno . ,1,0
uzrokovati da se šta kretati napred i nazad ,1,0
Čin postavljanje i držanje kurs . ,1,0
tvrditi ili misliti da jesam neki odgovoran za neki delo ili čin . ,1,0
predstavljanje apstraktan osobina ili ideja kao osoba ili biće ,1,0
postupak podizanje čin ili položaj ,1,0
tanak deo sa prednji četvrti životinja ,1,0
stanje u neki određenom trenutak . ,1,0
jedan od četiri supstanca za koji se u star i srednjevekovni kosmologija verovati da činiti fizički univerzum . ,1,0
reč koji izražavati atribut nešto ,1,0
o reč u genitiv koji se koristiti u pridevski funkcija ,1,0
"reč ili izraz izraziti svoj osećanje , misao , itd . ",1,0
dati prvenstvo kandidat ili mera ili odluka . ,1,0
nauka o mentalan život . ,1,0
"običan labud star svet , poznat po zvonak i prijatan glas ",1,0
sudski nalog ( koji jesam uobičajen ) koji se nalagati službenik da sprovesti izvršan akt koji zakon prepoznavati kao apsolutan dužnost a ne kao stvar slobodan odlučivanje službenik : koristiti se samo u slučaj kada jesam sav pravni lek iscrpiti ( kada nijedan upotrebiti pravni lek ne uspeti ) ,1,0
"Pružiti pomoć , biti na usluga . ",1,0
kretati se oko osovina ili centar . ,1,0
antigen krvni grupa koji imati Rh pozitivan osoba ; ako Rh negativan osoba dobiti transfuzija krv od Rh pozitivan osoba moći doći hemolize ili anemija . ,1,0
ulica u koji jesam vozilo dozvoliti da se kretati samo jedan smer ,1,0
gramatički kategorija sav promenljiv reč koji se izražavati kontrast jednina / množina / dual u zavisnost od broj entitet o koji jesam reč ,1,0
prekrstiti neki ( učiniti znak krsta preko neki ) da biti se nad taj osoba prizvati Božija zaštititi ,1,0
ugalj srednjekalorične vrednost pogodan za primena kao energetski gorivo ,1,0
stvoriti mišljenje o nešto ili preneti stav . ,1,0
specijalan apstrakcija . ,1,0
osoba koji izraduje porubiti na tkanina i odeća . ,1,0
elastičan traka koji držati pantalone ( obično u množina ) ,1,0
alkaloid koji se ekstrahovati iz lišće koka ; koristiti se kao spoljašnji anestetik ili se uzimati iz zadovoljstvo ; izazivati velik zavisnost . ,1,0
imati namera da se nešto izraziti ili preneti . ,1,0
"spaliti , sažeći nešto oganj , vatra ",1,0
"ideja koji se podrazumevati , ili koji jesam izražen ili se podrazumevati . ",1,0
gramatički nemarkiran način koji se radnja ili stanje predstavljati kao objektivan činjenica ,1,0
Matematička vrednost ka koji funkcija težiti kada nezavisan promenljiv težak beskonačnost . ,1,0
sposobnost onaj što jesam stabilan i na siguran i nepomično fiksirati na jedan mesto ,1,0
zbir vrednost podeljen broj vrednost ,1,0
dovesti na položaj . ,1,0
novčan jedinica u Sao Toma i Princip ,1,0
zamenica koji izražavati razlika u lice ,1,0
"koji jesam popustljiv , koji se teško upravljati . ",1,0
"koji karakeriše ili koji pokazivati odbijanje , poricanje ili suprotstavljanje ; koji nemati pozitivan svojstvo . ",1,0
pikantan dresinzi za salata ; postojati dva vrsta dresinga : francuski ili sirćetni i kremasti ,1,0
evroazijski usnatica sa aromatičan lišće koji se koristiti za praoizvodnju miris i za kuvanje ; često se gajiti i kao lek protiv povreda . ,1,0
tako strašno da izazivati groza i jeza ,1,0
"duguljast paprika , crven ili zelen , pogodan za turšija i pečenje . ",1,0
uzak i tanak drven traka koji se koristiti kao podloga za gips ili izrada rešetka ,1,0
slaganje u lice između zamenica i glagol ,1,0
kretati se unazad i od šta se udaljavati ,1,0
osnovni deo pisan delo ( za razlika od ilustracija ili fusnota itd . ) ,1,0
"u biologija relativan sposobnost ka sjedinjavanje , realkciji ili interaciji ( npr . sa antigen ili biološki sustratima ) . ",1,0
tražiti uz pomoć neki natprirodan znak ,1,0
osoba koji ne raditi . ,1,0
"osobina , svojstvo onaj što jesam konkavan ",1,0
priča u rimovan stih za deca ,1,0
mali evropski vodomar jako lep perje ,1,0
dati izraz nešto . ,1,0
kartica ili značka koji se koristiti da biti se njezin nosilac moći identifikovati ,1,0
fin prah gips koji se naročito koristiti kao pigment ,1,0
Učiniti savršen ili potpun . ,1,0
odnos intenzitet signal prema intenzitet šuma ,1,0
vlada koji jesam slobodan od vanjski kontrola ,1,0
Onemogućen i jesam slobodan ; ne mpože da delovati po sopstven volja . ,1,0
sumnjati ili izražavati sumnjičav spekulacija . ,1,0
koji jesam proizvesti korišćenje litografija ,1,0
smanjenje vrednost stvar usled činjenje ili nečinjenje ,1,0
osoba koji jesam često u društvo drugi ,1,0
obožavanje sunce ,1,0
"lak srebrn beo bivalentan metal ; u čist oblik gora sjajan beo plamen ; u priroda se ne javljati čist već u kombinacija , kao magnezit , dolomit , karnalit , itd . ",1,0
osoba koji jesam na čela neki administrativan odeljenje ili vlada ,1,0
koji ne proizvoditi nameravan efekt . ,1,0
koji jesam označen beznadežnost ili ispoljavati beznadežnost ,1,0
ispuniti slutnja ili uznemirenost ; izazvati neprijatan iznenađenost ,1,0
Obučeni radnik koji obavljati neki zanat ili rukotvorina . ,1,0
sav fenomen koji jesam veštački stvoriti . ,1,0
( filozofija ) doktrina prema koji jesam znanje i vrednost ograničiti i zavisiti od subjektivan iskustvo ,1,0
karakter nalik na zvezda ( * ) koji se koristiti u štampan tekst ,1,0
alhemičar iz germanski legenda koji jesam Mefisto prodati duša u zamena za znanje ,1,0
Član umetnički pokret koji jesam izražavati ideja indirektan preko simbol . ,1,0
"pratiti , otkriti ili utvrditi tok razvoj šta ",1,0
mali prostor ograđan zid za specijalan namena ,1,0
osoba koji imati doktorat neki akademski institucija ,1,0
fabrički mešavina za pravljenje limunada ,1,0
osoba koji vršiti aministrativnu kontrola nad drugi . ,1,0
odrediti vrednost nešto . ,1,0
svojstvo posedovanje materijalan vrednost : obično se iskazivati novčan iznos koji biti nešto doneti da se prodati . ,1,0
obratiti poseban pažnja . ,1,0
"( filozofija ) doktrina prema koji jesam praktičan posledica kriterijum znanje , značenje i vrednost ",1,0
biti koji od različit antibiotik dobijen od penicilijumskih kalup ( ili proizveden sintetički ) koji se koristiti u lečenje različit infekcija i bolest ,1,0
onaj koji delovati poput magnet ; posedovati sposobnost da namamiti i privući ; ,1,0
Životni princip ili pokretački snaga unutar živ stvar . ,1,0
biti koji činjeničan nalaz koji pomagati da se ustanoviti istinitost nešto ,1,0
azijski buba koji proizvoditi svila . ,1,0
politički usmerenje onaj koji smatrati republika za dobar oblik vlast ,1,0
"karakteristika sistema čiji izlazni veličina ne zavisiti samo od ulazni veličina , već i od istorija sistema ; posebno , pojava pri koji namagnetisanost feromagnetni telo ne zavisiti samo od aktuelan vrednost magnetan polje , već i od prthodnih magnetan stanje ",1,0
stanje u koji jesam neki zatvoren ( ako u zatvor ) . ,1,0
stanje kada deo muskulatura treper umesto da izvoditi kontrakcija . ,1,0
koji ne pripadati snaga sopstven zemlja ili snaga saveznik ,1,0
deo štampan rad ,1,0
osoba koji dugovati pokornost taj nacija ,1,0
"korpus pravilo , regulativa , nalog i odluka koji donositi administrativan agencija vlada ",1,0
aeroban bakterija ( neki od ona proizvoditi antibiotik streptomicin ) ,1,0
književan delo koji idealizovati seoski život ( posebno život pastir ) ,1,0
grafički karakter koji se koristiti u slikovan pisma ,1,0
zbir red trigonometrijski izraz ; koristiti se u analiza periodičan funkcija ,1,0
"mitski grčki junak iz Ilijada ; istaknut grčki ratnik kod osade Troja ; kada jesam biti beba njegov majka jesam pokušati da ga učiniti besmrtan tako stxo ga jesam okupati u magičan reka ali jesam peta za koji ga jesam Prita držati ostati ranjiv - otud "" Ahilov peta "" ",1,0
osoba koji kreativan korista sav um . ,1,0
bojažljiv očekivanje ili predviđanje ,1,0
pričvršćivač koji pružati čvrsto i savršeno zatvaranje ,1,0
stanje duh u koji jesam nešto preokupirati . ,1,0
stanje sloboda ; moć delovanje ili govor ili mišljenje bez ograda . nametnut spolja ,1,0
Venčanje koji obavljati državni službenik a ne svešteni lice . ,1,0
proći prolaziti kroz proces konjugacije ,1,0
osoba koji nadgledati ili jesam zadužiti za nešto . ,1,0
Veličina ili gabarit . ,1,0
par šina po koji se kretati voz ,1,0
radnja u koji se suv putem čist odeća . ,1,0
"Karakteristično stanje osećanje , uobičajen ili relativno privremeno . ",1,0
Koginitivni proces koji pretpostavljati da jesam znanje na raspolaganje i koji ga koristiti . ,1,0
grupa umetnik koji se slagati o neki opšti princip . ,1,0
umetnik nenadmašan veština . ,0,1
koji imati nedeljiv osobina jedinica ,1,0
kopija koji se predstavljati kao da jesam original ,1,0
"Čin agresija , reći prema osoba koji se odupirati . ",1,0
osoba postaviti na visoko mesto u vlada ,1,0
spojiti u jedan . ,1,0
kvalitet koji ne pružati zadovoljstvo čulo . ,1,0
zajednica ljudi koji činiti deo društvo ili privreda . ,1,0
blagonaklon procena ,0,1
religijski obrok koji se deliti kao znak ljubav ili prijateljstvo ,1,0
"osoba koji zamenjivati dete prirodan roditelj , ali koji ga jesam zvanično usvojiti . ",1,0
tvar koji se koristiti kao premaz u cilj zaštita ili ukras površina ,1,0
proces i funkcija organizam . ,1,0
sistem reč koji se koristiti u određenoj disciplina ,1,0
vešalica koji jesam oblikovati kao rame osoba i koristiti se za kačenje odeća ,1,0
politički ili teološki usmerenje koji zagovarati očuvanje dobar u društvo i suprotstavljanje radikalan promena ,1,0
Specijano konstruisan kontejner tako da se njegov sadržaj moći koristiti u propisan količina . ,1,0
koji odgovarati za svoj postupak . ,0,1
"( krivičan prava ) pravnosnažan , osuđujući presuda u krivičan postupak sa dosuđen kazna ",1,0
odnos koji postojati kada osoba zahtevati i dobijati profesionalan pomoć iz kvalifikovan izvor . ,1,0
šta smanjiti ili ga se rešiti ; prestati ( kakav investicija ) posedovati ,1,0
vozilo sa točak koji jedan osoba moći da gurati ; moći da imati dva ili četiri točak . ,1,0
"stabilan tok , prirodno prouzrokovati ",1,0
blok materijal koji se koristiti pri konstrukcija . ,1,0
ispuniti ili anulirati dug ,1,0
vreme koji jesam potrebno neki planeta ( npr . Mars ) da načiniti kompletan rotacija oko svoj osa . ,1,0
struktura koji prekrivati ili činiti vrh građevina ,1,0
izričito naglasiti ; do detalj pojasniti ,1,0
dopušten razlika - dozvoljavanje odrediti sloboda kretanje unutar granica ,1,0
osoba zadužiti da paziti da li se nešto zbivati ,1,0
kamen koji se koristiti za označavanje grob ,1,0
književan fantastika koji se baviti zamišljeniim uticaj nauka na društvo ,1,0
objaviti neki zvaničan dokument ( kao što jesam nalog ) ,1,0
"postati bled , na primer , od strah . ",1,0
"svetlo-crveno okrugao voće sa Malaja , prijatan kiselost , prekriven mek bodlja ",1,0
Karakteristično oglašavanje životinja . ,1,0
Aromatično seme kim koji se koristiti kao začin . ,1,0
Čin stvaranje nešto pomoću mišljenje . ,1,0
sudski nalog koji se nalagati da se osloboditi dobra koji jesam nezakonito zadržan ( konfiskovan ) ,1,0
"nezgoda , posebno ona koji prouzrokovati povreda ili smrt . ",1,0
u grčki mitologija Afroditin sveštenica koji se ubiti jer se njen voljen leandar utopiti pokušavati da preplivati da biti jesam videti ,1,0
Učiniti labav ili labav . ,1,0
"energija libido trajno uložiti u neki ideja , lice ili predmet . ",1,0
kretati se oko neki osa ili centar . ,1,0
"pripadnik Canis familiaris , srodan vuk , pripitomiti od preistorijski doba ; postojati mnogi rasa . ",1,0
Građa i oprema koji se koristiti u nastava . ,1,0
osoba koji u kockarnica rukovoditi hazardan igra ,1,0
"osoba koji pregovarati , veće sa drugi da biti postignuti dogovor . ",1,0
"mlad osoba , omladinac , omladinka . ",1,0
nesposobnost osoba da se setiti ili uraditi onaj što obično moći ; često uzrokovati emoionalnom napetost . ,1,0
priručnik koji sadržati reč ( obično sa njihov značenje ) ,1,0
"velik , manje-više primitivan glodar : veverica , mrmot , dabar , ird . ",1,0
propisati uputstvo za ponašanje ili delovanje . ,1,0
"biti koji prostorni atribut , posebno onako kako jesam definisati skica . ",1,0
javno ispoljavanje grupni osećanje ( obično politički priroda ) . ,1,0
subvencija dodeliti sudski odluka ,1,0
"Opnokrilci s društevnim način život u zajednica koj brojiti više stotina hiljada član i sastojie se od plodan ženka ( matica ) , mužjak i radilica bez krilo s otrovan sekret a ponekad i otrovan žokom . ",1,0
sušen bakalar potopiti u ceđ pre kuvanje da biti postati želatinast ,1,0
proizvod napravljen ili postignut napor ili aktivnost neki osoba ili stvar . ,1,0
promena agregatni stanje iz jedan u drugi bez promena hemijski sastav ,1,0
zanimljiv ili šaren ukras koji se dodavati da umanjiti jednoličnost . ,1,0
opaziti gledanje ili imati sposobnost da se opaziti gledanje . ,1,0
povrediti nečiji osećanje ,1,0
Učiniti zakon i pravilo liberalan ili liberalan . ,1,0
( koristiti se za muškarac ) koji imati duboko ukoreniti nepoverenje prema žena ,1,0
small yellowish moths whose larvae feed on wool Or fur ,1,0
rezultat utakmica ili takmičenje . ,1,0
ćelija koji činiti epidermis ,1,0
hotel koji obezbeđivati smeštaj putnik preko noć . ,1,0
stanje organizovacije u društven sloj i klasa unutar jedan grupa ,1,0
ljepljiva traka koji se koristiti za oblaganje rana ,1,0
proizvoditi zvonak zvuk . ,1,0
stanje tehnološki razvoj ili inovacija ,1,0
spoljašnji pokrivač ili omotač ,1,0
specifikacija princip dizajniranje koji uključivati format podatak i procedura za kreiranje mrežni konfiguracija za obrada podatak ,1,0
Sloboda pojedinac da koristiti svoj prava garantovati zakon država . ,1,0
detlić iz star svet koji imati neobičan navika da uvrtati vrat ,1,0
skup zakon koji jesam ustanoviti država ili nacija radi sopstven uprava . ,1,0
stepen na neki skala ,1,0
"Neotrovne zmija , činiti oko dva trećina sav živ vrsta . ",1,0
"Obraćanje religiozan priroda , obično za vreme verski služba . ",1,0
ukupnost novčić . ,1,0
stanje pripadanje neki nacija po rođenje ili naturalizacija . ,1,0
koristiti se za pisanje ili štampanje . ,1,0
"izazvati ljutnja , bes . ",1,0
intenzivan ili preterano loš ili neprijatan po kvalitet ili stepen . ,1,0
kratak nož sa špicast sečivo koji se koristiti za probijanje ili ubadanje ,1,0
obožavanje vatra ,1,0
grupa simbol koji činiti matematički iskaz ,1,0
mali mašina koji se koristiti za matematički izračunavanje . ,1,0
Učiniti da nešto potonuti . ,1,0
pileći džigerica koji se koristiti u ishrana ,1,0
pomoć neki stvar ili politika ili interes ,1,0
onaj koji predviđati važan zbivanje ,1,0
koji se odnositi na govorni osobina koji obuhvatati više od jedan govorni zvuk ,1,0
specijalan šerpa za pečenje ,1,0
koji osećati ili ispoljavati kajanje zbog nedelo ,1,0
mašina koji se koristiti u poljoprivreda ,1,0
stanje ili činjenica postojanje . ,1,0
Učiniti vidljiv . ,1,0
zlonameran zadovoljstvo ,1,0
"poljoprivredni mašina koji se istovremeno žeti , vršiti , spremati slamati itd . ",1,0
Umešnost u rukovanje koji poticati od vežbanje i dobar poznavanje . ,1,0
cevast akustički uređaj ubaciti u izduvni sistem koji jesam dizajnirati da smanjiti buk ,1,0
Dobra ili usluga kupljen iz strana zemlja . ,1,0
Događaji koji obezbeđivati pokretački snaga koji jesam poreklo nešto . ,1,0
"Tražiti zakonski , o zahtev i dugovanje ",1,0
"vizuelan reprezentacija objekt , scena , osoba ili apstrakcija , proizvesti na neki površina . ",1,0
Učiniti da opet biti svež . ,1,0
koji imati porkelo ili se razvijati spolja ,1,0
konstrukt po koji se moći razlikovati predmet ili osoba . ,1,0
"u matematika , definicija funkcija iz koji se vrednost funkcija moći odrediti u konačan broj korak ",1,0
oružje koji koristiti vojni ili pomorski snaga ,1,0
onaj koji jesam u stanje san ,1,0
proces stvaranje potomak . ,1,0
rad oko čišćenje i vođenje domaćinstvo ,1,0
skupocen plovilo koji pokretati jedrati ili motor i koristiti se za krstarenje ili trka . ,1,0
razbiti u deo ili izazvati da se razbiti . ,1,0
psihoaktivni lek koji se koristiti za snižavanje visok krvni pritisak ,1,0
štampan materijal ( tekst i slika ) proizvesti dubok štampa na rotacioni presa ,1,0
onaj što se na kraj proizvesti . ,1,0
otvoreno posudje od staklo ili porcelan koji se koristiti kao ornament ili da držati cveće ,1,0
"osobina varijabilnost , izmenljivost ili nestajanje u vreme ",1,0
koji ne postojati u stvarnost . ,1,0
uzrokovati da se šta kretati duž kakav osa ili u drugi pravac ,1,0
vaga za merenje ( zavisiti od gravitacija ) ,1,0
ukupan opseg veština ili uređaj koji se koristiti u neki polje ili zanimanje ,1,0
"u prava , osoba koji potvrđivati verodostojnost dokument ili potpis svoj sopstven potpis ",1,0
onaj koji niko ne žeti ili ne priželjkivati ,1,0
Učiniti da nešto postati poznat ; preneti informacija . ,1,0
nuditi za prodaja ; raditi taj da biti se zaraditi za život . ,1,0
ustanova u koji se obavljati posati . ,1,0
promena forma reč ( često putem dodavanje sufiks ) koji se označavati promena u njen gramatički funkcija ,1,0
Načiniti trudan . ,1,0
dokaz koji utvrđivati da jesam osoba ona za koji se predstavljati ; dokaz koji utvrđivati da jesam osoba u grupa ljudi koji jesam već poznat sistema ; prepoznavanje dovoditi do prihvatanje . ,1,0
proizvoditi zvuk lomljenje . ,1,0
Oštećenje normalan fiziološki funkcija koji pogađati deo ili ceo organizam . ,1,0
osoba koji jesam umreti i proglasiti za svetac proces kanonizacije ,1,0
velik intenzitet ili snaga . ,1,0
"učiniti velik u količina , broj ili snaga ",1,0
"of Or concerning the faca ; "" a facial massage "" ; "" facial hair "" ; "" facial expression "" ",1,0
promeniti se iz gasovit u tečan stanje ,1,0
droga koji brzo izazivati zavisnost ,1,0
neki telesni svojstvo . ,1,0
Učinak jedan stvar ( ili osoba ) na drugi . ,1,0
grana medicina koji se baviti primena raznih vrsta zračenje u cilj dijagnostikovanje i lečenje stanje odnosno bolest . ,1,0
Doći do tačka ključanje i preći iz čvrst u tečan stanje . ,1,0
napustiti fizički život i izgubiti sav telesni funkcija i atribut koji se neophodan da biti se održati život . ,1,0
od velik značaj ili važnost . ,0,1
vozilo koji koristiti oružan snaga ,1,0
svaki odstupanje od zdrav ili normanog stanje ,1,0
"koji jesam originalan ; jesam produktivan , ne donositi ništa neobično niti sveže . ",1,0
lekar koji se specijalizovati za bolest oči . ,1,0
"biti potpun u svoj vrsta , bez nedostatak ",0,1
nanošenje telesni povreda lice koji jesam osuditi za izvršen zločin ,1,0
insekt ; činiti pet šestina sav poznat životinjski vrtsa . ,1,0
stanje u koji se malo novac i materijalan dobro . ,1,0
"sprečiti da nešto biti uključiti , razmatran ili prihvaćen ",1,0
forma stih pogodan za obrada junački ili uzvišen tema ; daktilni heksametar ili jampski pentametar ,1,0
smanjiti ton muzički nota . ,1,0
složen ester koji se koristiti za izrada tkanina ili plastika ,1,0
vreme tokom ljudski razvoj pre pojava pisma . ,1,0
( o stih ) koji imati oblik zasnovati na broj slog a ne na ritmički uređenje bez naglašavanje ili brojanje ,1,0
( biologija ) proučavanje osnovni princip naučni klasifikacija ,1,0
božanstvo koji se obožavati u drevan Rim ,1,0
nesigurno stanje um ,1,0
tanak prav hirurški nož koji se koristiti u disekcija i hirurgija ,1,0
obavljati neki praksa ; o posao i profesija . ,1,0
Čin isplaćivanje novac . ,1,0
skup oznaka i pravilo za njihov korišćenje ( u sklad sa SGML-om ) u razvoj hipertekstualan dokument ,1,0
amblem koji ukazivati na prava neki osoba da nositi oružje ,1,0
Završna akcija . ,1,0
"( u računarstvo , registar čiji sadržaj prolaziti kroz pravilan skup stanje ( obično jesam taj stanje koji odgovarati redom ceo broj ) ",1,0
osećati fizički bol ,1,0
praksa držanje rob . ,1,0
potamniti i učiniti hrskav pod uticaj toplota . ,1,0
"zadobiti kakav prednost , kao što jesam bod itd . ",0,1
koji zasluživati sažaljenje ili podsticati na sažaljenje ,1,0
Ući ili poprimiti odrediti stanje . ,1,0
"način rađanje dete u kućni uslov , bez korišćenje metoda savremen medicina . ",1,0
ostati isti ; zadržati se u izvestan stanje . ,1,0
Dugačko sedalo za više osoba . ,1,0
"proces tokom koji ličnost i seksualan ponašanje sazrevati kroz pet faza : prvo usmen faza , slediti analan faza , a onda falusna faza , latentan faza i konačno genitalni faza . ",1,0
učiniti manje jak ili intenzivan ; smekšati ,1,0
proizvoditi literaran delo . ,1,0
smatrati vredan . ,1,0
igra koji igrati deca . ,1,0
svojstvo zvuk . ,1,0
svaki ko verovati da jesam u stanje da promeniti svoj sudbina ,1,0
strah od nepoznat ili od donošenje odluka ,1,0
osoba koji jesam preći iz jedan vera u drugi ,1,0
sposobnost da se zadovoljiti obligacija kako dospevati . ,1,0
porodica koji činiti sisara . ,1,0
odsustvo kvalitet koji biti činiti nešto vredan ili korisnim . ,1,0
zvuk koji proizvoditi vibracija glasnih žica modifikovan rezonanca vokalan trakt . ,1,0
neki ko obavljati ručni rad igla ( šivenje ili veženje ) . ,1,0
koji odrati ( po pitanje cena ) ; za šta nerazuman cena tražiti ,1,0
"tvorevina koji se nešto pokrivati , obično da biti se onaj zaštititi ili sakriti . ",1,0
uspešan udarac u atletski takmičenje ( posebno u bejzbol ) ,1,0
Učiniti ili ostaviti znak na nešto . ,1,0
privremeno prekinuti aktivnost pre nego što se nastaviti . ,1,0
biti prodati za određenu cena . ,1,0
neki ko prav plan koji se koristiti u izgradnja zgrada . ,1,0
obilno krvarenje kao posledica povreda krvni sud ,1,0
imati sposobnost ili moć kreativnost . ,1,0
"stanje nešto što jesam zajedno , ujediniti ili povezati . ",1,0
Mišljenje grupa onako kako se određivati glasanje . ,1,0
Nešto u umetnički delo čiji jesam namera da postignuti odrediti efekt . ,1,0
biti koji od @card@ vodoravan pravac koji pokazivati lice kompas ,1,0
okretanje u suprotan smer . ,1,0
sprečiti donošenje odluka porota ,1,0
osoba koji se baviti radiografjom . ,1,0
ostvarenje ciljati ,1,0
Učiniti predlog ; objaviti plan za nešto . ,1,0
osoba koji profesionalno komponovati ili izvoditi muzika ,1,0
nešto što obezbeđivati pristup ,1,0
posebno prostorno uređenje ,1,0
zgrada ili mesto na koji se pružati odrediti usluga ili se koristiti za određenu industrija . ,1,0
"aneko oboljenje koji karakterisati abnormalan funkcionisanje imun siste , a što dovoditi do taj da imun sistem bolesnik proizvoditi antitelo protiv sopstven tkivo ",1,0
invazivna radiološki metoda snimanje spinalnog kanal kičma i kičmeni moždina ,1,0
moć ili prava da se kakav nameravati ili predlagati čin zabraniti ili odbiti ( posebno moć izvršan poglavar da odbiti zakon koji doneti zakonodavna grana ) ,1,0
alat koji se koristiti za rad u bašta ili u dvorište ,1,0
posuđe za kuvanje ,1,0
podvrgnuti nedobronamernom smeh . ,0,1
u rimski mitologija obg ljubav ; u grčki mitologija on odgovarati Eros ,1,0
poslovanje koji obezbeđivati usluga turista ,1,0
koji lako žaliti i sažaljevati ,0,1
vremenski period tokom koji jesam osoba obično u određenom životan stanje . ,1,0
stanje zatočenosti ( obično za kratak vreme ) ,1,0
imati nagnuti pravac ili položaj ,1,0
sociolog koji proučavati institucija i razvoj ljudski društvo ,1,0
"u matematika , suma konačan ili beskonačan sekvencija izraz ",1,0
svojstvo koji se koristiti da karakterisati fizički objekt . ,1,0
neki do složen protein koji proizvoditi ćelija koji delovati kao katalizator određenih biohemijski reakcija ,1,0
Osećanje averzija ili antipatija . ,1,0
"Izložiti politički , religiozan ili moralan cenzura . ",1,0
grudni koš osoba . ,1,0
dokument koji jesam sačiniti i izvršiti samo jedan strana ( jednostran pravni posao ) ,1,0
stanje u koji jesam osoba sa jedan ili više drugi osoba . ,1,0
Vežba sa namera da poboljšati izvođenje ili osvežiti pamćenje . ,1,0
sto ili neki horizontalan površina na koji se obavljati neki posao ,1,0
"cooking taj a brown crispiness over a fire Or on a grill ; "" proper toasting should brown both sides of a piece of bread "" ",1,0
prijatelj jesam se rastati posle zabava . ,1,0
verovanje koji se suprotstavljati dogma zvaničan crkva . ,1,0
"gas , tečnost i čvrst tvar jesam tri uobičajen agregatni stanje . ",1,0
"Izmišljena osoba predstaviti u umetnički delo ( drama , film ili roman ) . ",1,0
izgled koji predočavati lice osoba . ,1,0
aktivan snaga telo ili duh ,1,0
prijateljski narav ,0,1
socijalan politika ili reforma ( posebno socioekonomski reforma ) ,1,0
iznenadan masovan strah i nespokojstvo zbog očekivan događaj ,1,0
neki ko se angažovati osoba ili kompanija za neki predstava . ,1,0
"uređaj koji aktivirati , odpušta ili dovoditi do taj da se nešto desiti ",1,0
remain in platac ; hold still ; remain fixed Or immobile ,1,0
osobina atraktivan tanak osoba ,1,0
oprema koji se koristiti u gimnastički vežba ,1,0
dati podsticaj za akcija . ,1,0
biti ili činiti osnova . ,1,0
proceniti vrednost nešto . ,1,0
Položaj na koji se po dužnost raspoređivati brod ili flota ( mornarica ) . ,1,0
osloboditi prepreka . ,1,0
fluid u gasovit stanje koji nemati ni nezavisan oblik ni zapremina i koji moći neograničeno da se širiti . ,1,0
Učiniti nešto velik ili da nešto biti više . ,1,0
"prekršajni prijava koji se izdavati prekršilac ( na lice mesto ) , posebno onaj ko jesam načiniti prekršaj u saobraćaj ",1,0
"relativan veličina dva vrednost , obično se izražavati razlomak . ",1,0
"odgovor telesni tkivo na povreda ili nadržaj ; karakterisati ga bol , otok , crvenilo i pečenje . ",1,0
deo obrok koji se služiti u jedan trenutak . ,1,0
koji jesam u dobar zdravlje telo ili duh . ,1,0
koji izazivati ili zasluživati mržnja ,1,0
"suglasnik koji se izgovarati tako što se u neki trenutak zaustaviti protok vazduh , da biti se potom iznenada osloboditi ",1,0
aktivan podrška ; naročito čin zauzimanje i argumentovanje u korist koji ili šta ,1,0
zeleniti koji rasti u divljina i koristiti se kao zamena za spanać ,1,0
nagnut masa slobodan stena u podnožje litica ,1,0
"pretvarati iz čvrst u tečan stanje , obicno zagrevanje . ",1,0
stanje dete između ran detinjstvo i adolescencija . ,1,0
stanje koji postojati kada osoba ili grupa imati vlast nad drugi . ,1,0
ostatak neki delo telo koji jesam biti funkcionalan u ranijoj faza život ,1,0
osoba koji koristiti neki stvar ; neki ko koristiti ili upošljavati nešto . ,1,0
Grafičar koji koristiti litografija . ,1,0
platforma podignuti iznad nivo okolina da biti se istaknuti osoba na ona ,1,0
"mesto koji jesam otvoreno do kasno noću i koji pružati zabava ( npr . pevač ili plesač ) , kao i ples , hrana i pića ",1,0
obožavanje planeta i zvezda ,1,0
Društveno držanje . ,1,0
osoba koji dolaziti iz strana zemlja ,1,0
debeo ravan prostirka koj se koristiti kao pokrivač za pod ,1,0
tanak oštar instrument koji se koristiti za uzimanje ,1,0
onaj što sprečavati pristup ili napredak . ,1,0
Energičan napor da se nešto postignuti . ,1,0
Par paralelan šina po kijima se kretati voziti na točak . ,1,0
službenik koji upravljati neki aparat ili mašina ,1,0
Žbunast evroazijski javor koji se često koristiti kao ograda . ,1,0
procena vrednost poslovanje . ,1,0
Cena se zbog lep cveće u raznovrstan lep i svetao boja . ,1,0
"osoba , grupa , ekipa , firma itd . koji se nadmetati ili takmičiti ",1,0
"disciplina koji izučavati princip transmisija informaicja i metoda pomoću koji se onaj isporučivati ( kao što jesam štapma , radio , televizija , itd . ) ",1,0
slaganje sa izjava ili predlog da se nešto raditi . ,1,0
Čin koji se nešto podešavati tako da odgovoriti standard . ,1,0
kognitivan proces uključiti u proizvodnja i razumevanje lingvistički komunikacija ,1,0
stanje kombinovanje u jedan telo . ,1,0
"stanje kada osoba stalno žmirkati , treptati . ",1,0
promena u nizak stanje ( manje poštovati ) ,1,0
akcija koji hteti se nešto učiniti demokratski . ,1,0
"hemijski element nemetal ; u priroda jesam u stanje gas bez boja , miris i ukus ; činiti @card@ posto zapremina zemljin atmosfera ; sastavni deo tkivo sav živ biće ",1,0
prirodan i periodićno stanje odmor tokom koji se gubiti svest o svet ,1,0
privremen opskrba novac ( obično sa kamata ) . ,1,0
koristiti se kao eksploziv i za veštački đubrivo ,1,0
fabrika u koji se proizvoditi papir . ,1,0
tipičan štapičaste obično grampozitivne bakterija koji proizvoditi endospore ,1,0
kognitivan proces pri koji se razlikovati dva ili više stimulusa . ,1,0
hemikalija koji se dobijati veštački put ; na tržište najčešće u vida tableta ; dovoditi čovek u stanje euforija ,1,0
"titula koji se koristiti za obraćanje važan osoba , kao što jesam ambasador ili guverner , obično se koristiti uz prisvojne zamenica , npr . njegov . ",1,0
upozoriti na opasnost ili pozvati u stanje pripravnost . ,1,0
platiti novac za neki urađen posao ili usluga . ,1,0
Zvanično takmičenje u koji se nadmetati dva ili više osoba ili tim . ,1,0
pripadnik grupa Jevrejin koji jesam u vreme ran hrišćanstvo prihvatiti Hrista kao mesija ,1,0
od ili u veza sa osoba koji jesam drugi osoba podrediti ,1,0
odnos srodstvo između ženski osoba i njen braća i sestra ,1,0
zadatak koji jesam dodeliti osoba ili grupa . ,1,0
"postati velik , širok , napredan . ",1,0
fokus pažnja javnost ,1,0
mustra koji se korsti za štampanje ; koristiti se da obezbediti zatvaranje ili autentičnost dokument ,1,0
koji se trenutno koristiti ili jesam spreman za upotreba ,1,0
osetiti zvuk putem čla sluh . ,1,0
zajednički naziv za novina i časopis ,1,0
stanje zrelost ; pun razvoj . ,1,0
boja nečiji lice ,1,0
filovirus koji izazivati Ebola hemoragični groznica ; prenositi jesam životinja ; moći da se koristiti kao biološki oružje ,1,0
stanje biti nezaposlen ili nemati posati . ,1,0
"na primer , o vukanima ; koji trajno jesam aktivan . ",1,0
Slitina zlato koji se koristiti u stomatologija . ,1,0
radiografija koji koristiti X-zrake da proizvesti rentgenogram ,1,0
postignuti bod ili cilj ,0,1
Teško raditi . ,1,0
merni instrument za merenje i pokazivanje veličina kao što jesam debljina žica ili količina padavine . ,1,0
tronogo vratiti koji se koristiti za podrška ,1,0
katolički svet tajna ; sveštenik miropomazuje umuruću osoba ulje i moliti se za spasenje ,1,0
verovanje plemenski društvo ,1,0
a widely distributed perennial sedge having small edible nutlike tubers ,1,0
osoba koji ne prihvatati nov ideja ,1,0
Učiniti zategnut ili zategnut . ,1,0
Životinja kao mula ili magarac ili konj koji se koristiti za prenos tovar . ,1,0
izričito odobravanje šta ,1,0
Novoizmišljena reč ili fraza . ,1,0
"ukinuti , šta uništenje ili opoziv uzrokovati ",1,0
zreti jalapeno čio paprika osušen za potreba kuvanje ,1,0
podesiti razmak između reč ,1,0
natprirodan biće koji se obožavati zbog verovanje da upravljati neki delom svet ili neki aspekt život ili zato što personifikovati sila . ,1,0
osoba koji imati ekstreman pogled ,1,0
svaki odeća koji menjati izgled kako biti sakriti identitet nosilac ,1,0
koji jesam umoran od svet i život ,1,0
Osećanje velik žalost povezati sa gubitak ili lišavanje . ,1,0
stanje nečiji finansije . ,1,0
shematski ili preliminaran plan ,1,0
"osoba koji donositi , menjati ili odbijati zakon . ",1,0
"Čin briga o neki , lek ili medicinski tretman ( u medicina ) . ",1,0
neki ko jesam zaposliti da pružiti socijalan usluga ( posebno siromašan ) ,1,0
biti koji svojstvo koji se moći detektovati člom miris . ,1,0
mali količina nešto ,1,0
cilj koji trebati dostignuti i za koji se verovati da se moći dostignuti . ,1,0
proces svestan biće u koji nervni sistem trajno ili privremeno čuvati odrediti podatak ; moći biti takav da biti taj podatak moći kasnije ponovo proizvesti ( reprodukcija ) ili takav da se podatak ne moći reprodukovati nego samo prepoznati pri ponovan susret s ona ( rekognicija ) ,1,0
"stanje kada deo srčane muskulatura treperiti umesto da izvoditi , kao normalno , kontrakcija . Mog se lokalizovati u pretkomora ili u komora . ",1,0
"u gramatika reč pomoću koji se izražavati količina , kao "" petnaest "" i "" mnogi "" . ",1,0
kreativan pisanje koji imati umetnički vrednost . ,1,0
nakratko zatvoriti oči . ,1,0
najčešće se koristiti za jela ,1,0
"osnovni socijalan grupa , koji činiti roditelj i deca . ",1,0
izmišljen mesto velik bogatstvo i mogućnost ; istraživač jesam ga tražiti u Južnoj Amerika u XVI vek ,1,0
"prisiliti ili privoleti ili neprestano terati ili prisiljujući pritisak vršiti , ili snažno motivisati ",1,0
nalog ( naredba ) višeg ( višestepen ) sud nižestepenom koji se zahtevati prepuštanje spor u određenom slučaj ,1,0
prezent koji se koristiti kako biti se opisati prošli radnja ili stanje ,1,0
objaviti sudski presuda ( neki ) ,1,0
učiniti nešto prav i ispravan ,1,0
spojiti radi zajednički cilj ili u zajednički akcija . ,1,0
"Držati ; o teorija , misao ili osećanje . ",1,0
dokaz koji ukazivati na moguć rešenje ,1,0
Tražiti isplata . ,1,0
institucija oformiti da biti se baviti posao . ,1,0
ispružiti ili ispraviti ; vratiti iz kriv položaj ,1,0
velik po stepen ili intenzitet ili broj ili količina . ,1,0
Spoljašnji ili vidljiv aspekt osoba ili stvar . ,1,0
osloboditi led ,1,0
Doći do odluka . ,1,0
Učiniti neki nesvestan pomoću zato uspavljujući sredstvo . ,1,0
neki cilj koji se žeti neposredno postignuti . ,1,0
"azijski bivo , često domaći životinja , koristiti se za vuča . ",1,0
promeniti se iz tečan u čvrst stanje kada jesam hladno ,1,0
osoba koji jesam zatvoriti ; posebno ratni zarobljenik ,1,0
karakter koji se dodavati na kraj blok podatak koji se transmitovati i koristiti se za provera ispravnost transmisija ,1,0
učiniti da se šta dogoditi ili da šta uzrokovati ,1,0
"stanje neaktivnost ( u poslovanje , umetnost , itd . ) ",1,0
proglasiti kriv ( utvrditi krivica ) ,1,0
promena pravac u koji se nešto kretati ,1,0
osoba koji imati religiozan vera ,1,0
visok tačka planina ,1,0
drozd koji se isticati lep pevanje ,1,0
"klasa sastaviti od osoba bez plemenit , viteški ili aristokratski rang ",1,0
Zadržati ili ostaviti na strana za budući korišćenje . ,1,0
jedan od @card@ država koji činiti sad ,1,0
kretati se po obrazac ; obično uz muzički pratnja ; izvoditi ples . ,1,0
rad koji se nešto nanositi ,1,0
"o početan rad , ili koji jesam u veza s on ili koji karakterisati početan rad ",1,0
sluznica želudca preživar ( naročito goveda ) koji se koristiti u ishrana ,1,0
produkt ljudski kreativnost ; umetnički delo zajedno . ,1,0
guščiji džigerica koji se koristiti u ishrana ,1,0
prava da se glasati ; posebno prava akcionar da sam glasati ili preko zastupnik kada jesam u pitanje posao kompanija ,1,0
potez učiniti da se ostvariti neki taktički cilj . ,1,0
pod uticaj patnja i tuga ili ispuniti ovaj osećanje ,1,0
nivo postojanje ili razvoj . ,1,0
pomaknuti ili povući tako da pokriti ili otkriti nešto . ,1,0
struktura koji pružati privatnost i zaštita od opasnost . ,1,0
ljudi koji imati isti socijalan ili ekonomski status . ,1,0
jedan od deo u koji jesam nešto podeliti i koji zajedno činiti celina . ,1,0
priznanje sebe ( svesno ili nesvesno ) da jesam utvrditi osobina drugi osoba ( ili grupa osoba ) . ,1,0
okrutan poslodavac koji od zaposlen tražiti da prekomeran raditi . ,1,0
služba zadužiti za obavljanje železnički saobraćaj ,1,0
"koji jesam u sklad sa fiksiran redosled , procedura ili princip . ",1,0
"koji nemati potreban sposobnost , veština ili znanje . ",1,0
novac koji trebati platiti na račne . ,1,0
tražiti odrediti iznos kao naknada ,1,0
konvertor koji menjati informacija iz jedan kod u drugi ,1,0
Pojedinačna naslaga neki obično homogen supstanca . ,1,0
instrument koji koristiti oni koji nadgledati . ,1,0
Učiniti slab . ,1,0
kvalitet neki ili nešto što imati slab ili manje poželjan pozicija . ,1,0
osobina koji razlikovati organizam prema njihov reproduktivan uloga . ,1,0
bogat krem sa želatin ,1,0
osoba iz vaš zemlja ,1,0
dnevno pisan zabeleška ( obično ličan ) iskustvo i zapažanje ,1,0
