X,Predicted,Real
čin nameran odstupanje od istina ,1,0
praotac neki osoba . ,1,0
mašina koji se koristiti za štampanje ,1,0
nedostatak pažnja ( prema deca ili bespomoćan ljudi ) ,1,0
privremen smeštaj u priroda za putnik ili turista . ,1,0
sprava koji se koristiti da nešto naoštriti ,1,0
Analgetički lek ; koristiti se i kao antipiretik ; Bajer jesam marka tableta aspirin . ,1,0
imenica koji se izvoditi iz glagol ( npr . u engleski dodavanje sufiks ' -ing ' ) ,1,0
Oštećenje normalan fiziološki funkcija koji pogađati deo ili ceo organizam . ,1,0
govorni čin koji nastavljati razgovor . ,1,0
koristiti tarifa za podsticanje domać privreda . ,1,0
kalkulator koji voditi evidencija koliko puta se nešto desiti ,1,0
zajednički naziv za novina i časopis ,1,0
unos sa lista osoba koji jesam doprineti film ili pisan rad ,1,0
potvrda ili vaučer ( obveznica ) koji potvrđivati dug ( dugovanje ) ,1,0
"Učiniti jednak , ravnomeran , odgovarajući ili saglasan . ",1,0
Određeno okruženje u život . ,1,0
filozof koji verovati da jesam univerzalan ideja stvaran i da postojati nezavisan od taj da li iko na ona misao ,1,0
Tražiti nešto što vi pripadati ili jesam vaš vlasništvo ; tvrditi da jesam taj vaš prava . ,1,0
vreme kad se nešto desiti ,1,0
"tražiti nešto od neki u vida učtiv molba , kao pomoć ili zaštita ",1,0
književan delo koji idealizovati seoski život ( posebno život pastir ) ,1,0
lek ili hemijski supstanca čiji se posedovanje i upotreba kontrolisati zakon ,1,0
projekt od ličan interes za neki ,1,0
odnos uzajaman zavisnost ili delovanje ili uticaj ,1,0
osoba koji prav stvar ,1,0
velik vojni vežba u cilj obuka . ,1,0
Opšti progresivan rast cena . ,1,0
vozilo koji koristiti oružan snaga ,1,0
kvalitet onaj što jesam teško otkriti ili analizirati . ,1,0
prikupljen delo neki autor ( obično se koristiti u množina ) ,1,0
biti koji mehanički ili električni sprava koji translituje ili pretvarati energija da biti se pognuti obavljanje neki ljdskih poslovati . ,1,0
dokument koji se davati zvanično uputstvo ili naredba ,1,0
Sprečiti da se nešto desiti ili da biti u određenom stanje . ,1,0
Čin koji se prelaziti iz jedan stanje ili nestati u sledeći . ,1,0
čin uključivanje ,1,0
spojiti dlan uz pljesak . ,1,0
sudski dokument koji se lice pozivati na sud da odgovoriti na optužnica ( optužba ) ,1,0
osoba obučiti za briga o bolesnik ( obično pod nadzor lekar ) . ,1,0
Čin konstruisanje nešto ( kao masšinskog delo ) . ,1,0
militantan organizacija irski nacionalist koji jesam koristiti teror i gerilski ratovanje ,1,0
materija koji imati sposobnost ili tendencija da adsorbuje drugi materija ( adsorbat ) ,1,0
Umešnost u rukovanje koji poticati od vežbanje i dobar poznavanje . ,1,0
neki od više tuljan koji nemati spoljašnji ušni školjka ; imati čvrst prekrivač i ud sveden na peraja . ,1,0
stanje redovan ili ispravan poredak . ,1,0
"potpuno razvijati osoba , od doba zrelost nadalje . ",1,0
slab sposobnost da se razumeti iskustvo ili profitirati iz on . ,1,0
spisak kod koji hteti se poslednji nabavljen stavak prodati prvi ,1,0
spojiti radi zajednički cilj ili u zajednički akcija . ,1,0
Važi za neljudski sisara ; stanje ili period povišen seksualan aktivnost i uzbuđenje . ,1,0
stanje biti nezaposlen ili nemati posati . ,1,0
rezak riza koji se koristiti posebno u orijentalan kuhinja . ,1,0
čin pokretanje nešto po prvi put ; uvođenje nešto nov ,1,0
štapičaste gramnegativne enterobakterije ; neki jesam patogen za toplokrvan životinja ; moći da se koristiti kao biološki oružje ,1,0
ispuniti divljenje i ushićenje ,1,0
koristiti nešto zajedno ili sa neki drugi . ,1,0
"ukloniti nešto konkretno , npr . dizanje , guranje , uklanjanje , ili ukloniti nešto apstraktan . ",1,0
a diacritical Mark ( an inverted circumflex ) placed above certain letters ( such as c ) taj indicate pronunciation ,1,0
farma na koji se proizvoditi mlečan proizvod ,1,0
Čin procenjivanje ili prosuđivanje . ,1,0
"u matematika , izračunavanje vrednost funkcija između već poznat vrednost ",1,0
osećanje sklonost prema osoba ili institucija ,1,0
rekvizita koji se koristiti za ribolov ,1,0
onaj što se na kraj proizvesti . ,1,0
vozilo sa točak koji moći da se vući iza automobil ili kamion ; opremiti za život ; ,1,0
Čin opstruiranje . ,1,0
zreti polni reproduktivan ćelija koji imati jedan sku [ neuparenih hromozom . ,1,0
beleženje čovekov ponašanje i analiziranje psihološki karakteristika da biti se predvideti ili proceniti njegov sposobnost u određenoj sfera ,1,0
imati određenu cena . ,1,0
Učiniti vidljiv . ,1,0
an abundance of material possessions and resources ,1,0
računarski hardver koji uređivati posao koji računar trebati da obaviti u odgovarajući poredak ,1,0
lekar koji jesam specijalizovati za bolest uši . ,1,0
"ukupnost ili opseg onaj što se opažati , otkrivati ili učiti . ",1,0
Čin okončanje nečiji zaposlenje . ,1,0
tok promena u razvoj organizam od oplođen zigota do zrelost kada moći da se proizvesti nov zigot ,1,0
osoba u srodstvo sa drugi . ,1,0
rezerva novac ostaviti na strana za neki svrha ,1,0
u rimski mitologija boginja ognjište i vatra koji jesam čvale vestalske devica ; u grčki mitologija odgovarati ona Hestija ,1,0
dobiti nazad ili ponovo zadobiti . ,1,0
Sloboda pojedinac da koristiti svoj prava garantovati zakon država . ,1,0
"mek beo vredan univalentan metal ; imati velik električni i toplotni provodivost od sav metal ; javljati se u argentitu i slobodan ; koristiti se za izrada novac , nakit , pribor za jela , fotografija . ",1,0
Čin veslanje kao sport . ,1,0
osoba koji nezakonito držati žrtva zatvoren obično tražiti otkup ,1,0
stan koji se nalaziti na visok sprat zgrada ,1,0
prostor između dva pve ili ravan koji se seći ; nagib praviti prema drugi prav ; mera se stepen ili radijan . ,1,0
vreme u život ( obično izraziti u godina ) kada do izražaj dolaziti neki poseban sposobnost ili moć ,1,0
zao postupak ,1,0
znak interpunkcija ( ! ) koji se koristiti nakon uzvik ,1,0
pokret u @ord@ vek koji se zalagati za upotreba razum u ​​ponovnoj proceniti prihvaćen ideja i društven institucija ,1,0
imovina koji posedovati jedan strana ( poverenik ) zarad drugi ( opunomoćenik ) . ,1,0
"Izvršiti čin , obično sa negativan konotacija . ",1,0
koji jesam korenski tip ; koji jesam povezati sa lingvistički koren ili koji činiti isti ,1,0
delatnost koji imati za cilj snabdevanje artikl ,1,0
genus of mora Or less advanced dicotyledonous herbs and som trees and shrubs ,1,0
odbaciti ( dokument ) kao nevažeci ,1,0
poxvirus koji jesam veoma sličan virus velik boginja ; izazivati benigan želatinozan tumor kod ljudi ,1,0
stanje organizovacije u društven sloj i klasa unutar jedan grupa ,1,0
menjati lokacija pomeranje unapred i unazad ,1,0
skraćen rečnički izdanje pogodno za držanje u ruka ,1,0
proizvoditi buk ,1,0
tako strašno da izazivati groza i jeza ,1,0
Privući pažnja na nešto . ,1,0
Obično popločan spoljašnji prostor uz rezidencija . ,1,0
osoba koji jednak neki drugi osoba iz grupa . ,1,0
priznati svoj vera u šta ili privrženost šta ,1,0
"stanje u koji jesam ljudi , ideja ili interes suprotstaviti . ",1,0
dehitratizirana kafa od koji se napitak spremati dodavanje vreo voda ,1,0
Oruđe koji činiti izdužiti drvo . ,1,0
čin transformacija da biti se uzdignuti ili slaviti ,1,0
Čin javan veroispovedanje . ,1,0
Pokušaj da se za sebe dobiti ličan priznanje ( posebno neprihvatljiv sredstvo ) . ,1,0
Osećanje zabrinutost . ,1,0
"sagorevati đubar , na primer . ",1,0
odnos intenzitet signal prema intenzitet šuma ,1,0
Korišćenje fizički i li mentalan energija ; težak rad . ,1,0
supstanca koji činiti telo . ,1,0
aeroban bakterija ( neki od ona proizvoditi antibiotik streptomicin ) ,1,0
pokušavati da se sprečiti otkrivanje ( posebno od strana policija ) ,1,0
Čin ili proces merenje . ,0,1
računarski mreža koji činiti svetski mreža računarski mreža koji koristiti TCP / IP mrežni protokol za omogućavanje prenos i razmena podatak ,1,0
staviti pomoću šarka u položaj da se dozvoliti slobodan kretanje u jedan pravac . ,1,0
imitatorski ponašanje ,1,0
sponzor koji rezervisati i postavljati javan zabava ,1,0
Proći kroz razvoj ili evolucija . ,1,0
prava zasnovati na zakon ,1,0
učiniti zadovoljan ,1,0
a native Or inhabitant of Austronesia ,1,0
učiniti da šta osećati ; učiniti osetljiv ,1,0
izdvojiti nešto kao važno . ,1,0
pisan poruka koji jesam adresirati na osoba ili organizacija . ,1,0
koji jesam neki uveseliti ,0,1
osoba koji voliti ili jesam voljen ,1,0
"Bljka sa slab stabljika koji tražiti podrška i zato se penjati , uvijati ili puziti po tlo . ",1,0
jedan od @card@ država koji činiti sad ,1,0
predvodnik orkužanih snaga ,1,0
mlad devojka koji spašavati od zao maćeha i zao sestra dobar vila i princ ,1,0
koji jesam zadovoljan ; koji doživljavati ili ispoljavati nezadovoljstvo ,1,0
"mali boca u koji jesam lek , posebno ako jesam sterilan i zapečatiti i koristiti se za injekcija / ",1,0
instrumentarijum izumeti za naki određenu namena . ,1,0
radnja u koji se moći pozjamiti novac na osnova ličan svojina kao garancija . ,1,0
"glagolski vreme koji se označavati radnja , stanje ili zbivanje koji hteti se ( iz ) vršiti posle vreme govorenje ili posle neki drugi vreme na koji se misliti ",1,0
osoba koji imati opšti vlast nad drugi ,1,0
rad koji se obavljati sa drugi radi zajednički ciljati ili koristiti ,1,0
svojstvo telo koji činiti da onaj imati težina u gravitacioni polje . ,1,0
nauka o sađenje i čuvanje šuma i upravljanje pošumljen zemljište ,1,0
instrument koji se koristiti da biti se postignuti neki cilj . ,1,0
stanje u koji čovek ne moći da funkcionisati normalno i bez bol . ,1,0
"koji jesam kakav kraljevski ličnost osnovati , uspostaviti ili dopustiti ",1,0
suglasnik koji se artikulisati korišćenje oba usna ; / p / ili / b / ,1,0
"biti koji prostorni atribut , posebno onako kako jesam definisati skica . ",1,0
"proces u koji nešto postepeno prelaziti u drugi stanje , posebno u napredan ili zreo stanje . ",1,0
jevrejski praznik koji se slaviti šesti Sivan koji se slaviti Mozesovo primanje deset zapovest ,1,0
pomaknuti ili povući tako da pokriti ili otkriti nešto . ,1,0
imati odrediti osobina u vožnja ,1,0
reč koji izražavati atribut nešto ,1,0
ručni kola koji se koristiti za upravljanje ,1,0
"osoba koji primati novac , investirati ga ili isplaćivati ",1,0
Učiniti svetao ili svetao . ,1,0
"koji karakterisati ili koji pokazivati prihvatanje , slaganje ili uverenost . ",1,0
zapis serija događaj koji činiti život neki osoba . ,1,0
čin stvaranje pisan delo ,1,0
biti koji činjeničan nalaz koji pomagati da se ustanoviti istinitost nešto ,1,0
promena ponašanje ili princip ili tačka gledište ,1,0
isključivanje iz crkva ili iz religijski zajednica ,1,0
promeniti se iz tečan u čvrst stanje kada jesam hladno ,1,0
osoba koji pozajmljuej novac u zamena za ličan svojina koji se ostavljati kao depozit ,1,0
slikovnica za deca sa crtež namenjen za bojenje ,1,0
"ometati ili sprečiti ( napor , plan ili želja ) ",1,0
čin probijanje ili bušenje . ,1,0
koji jesam u sklad sa metoda ili princip nauka . ,1,0
grupa nezavisan ali međusobno povezan element koji činiti jedinstven celina . ,1,0
mehanički ili električni eksplozivan uređaj ili mali količina eksploziv ; moći se koristiti za iniciranje reakcija razoran eksploziv ,1,0
uzimati zasluga za šta ( za kakav ideja ) ,1,0
( gramatika ) kategorija reč koji imati isti gramatički osobina ,1,0
geografski region koji činiti grad . ,1,0
"prema hrišćanski etika jedan od tri vrlina - vera , nada i ljubav dat od bog da zaokružiti prirodan vrlina ",1,0
Životinja kao mula ili magarac ili konj koji se koristiti za prenos tovar . ,1,0
poslati od jedan osoba ili mesto na drugi . ,1,0
"koji misliti najgore o ljudski priroda i motiv ; koji imati podrugljiv neverica u , npr . u nesebičnost drugi ",1,0
duktus kroz koji se izbacivati mokraća kod večine sisara ,1,0
sputati pomoću brava ,1,0
biti u neki određenom stanje ili uslov ,1,0
osnovni nočana jedinica u mnogi zemlja ; vrednost ona jesam @card@ centa ,1,0
koji nemati osećanje sažaljenje i toplina ,1,0
stanje promena ,1,0
Čin akumulisanja . ,1,0
u psihologija imati više tumačenje a jedan od ona jesam da predstavljati nesvestan internalizaciju aspekt svet ( naročito aspekt ličnost ) u okvir sebe na takav način da internalizovana predstava preuzimati psihološki funkcija spoljašnji objekt . ,1,0
imati izvestan dimenzija . ,0,1
skup zakon koji jesam ustanoviti država ili nacija radi sopstven uprava . ,1,0
"materijal koji se sastojati od agregat mineral , nalik onaj što činiti Zemljinu kor . ",1,0
obožavanje svetac ,1,0
zlonameran zadovoljstvo ,1,0
svojstvo zvuk . ,1,0
religiozan obred ili služba koji propisivati crkven vlast ,1,0
Korišćenje ili vežba . ,1,0
"koji osećati ili ispoljavati žalost , naročito zbog nepovratan gubitak ",1,0
bogat krem sa želatin ,1,0
Najviši moguć nivo ili stepen . ,1,0
Čin dolazak na odrediti mesto . ,1,0
Čin napad na neprijatelj . ,1,0
"s čiji pravilo , naredba ili želja u sklad postupati ",1,0
the fruit Or seed of any of various bean Or pea plants consisting of a two-valved case that splits along both sides when ripiti and having the seeds attached taj onaj edge of the valves ,1,0
"velik , manje-više primitivan glodar : veverica , mrmot , dabar , ird . ",1,0
kompleks prteina koji kombinovati amino-kiseline s drugi supstanca ,1,0
koji prekomeran žeti da steći npr . bogatstvo ,1,0
Slitina zlato koji se koristiti u stomatologija . ,1,0
rasprava koji donositi nov tačka gledište kao rezultat istraživanje ; obično jesam zahtev za više akademski titula ,1,0
prvi slovo reč ( posebno ime osoba ) ,1,0
prst na ruka ili noga kod ljudski biće ili odgovarajući deo kod drugi kičmenjak . ,1,0
Pojedinačna naslaga neki obično homogen supstanca . ,1,0
osoba koji pevati . ,1,0
alkaloid koji se ekstrahovati iz lišće koka ; koristiti se kao spoljašnji anestetik ili se uzimati iz zadovoljstvo ; izazivati velik zavisnost . ,1,0
produkt ljudski kreativnost ; umetnički delo zajedno . ,1,0
uređaj koji se sastojati od ručak sa slobodan štapić na kraj i koji se koristiti u ručni trešenju ,1,0
Čin skupljanje nešto . ,1,0
"relativan veličina dva vrednost , obično se izražavati razlomak . ",1,0
Čin ukrašavanje nešto ( u nada da hteti od taj privlačan izgledati ) . ,1,0
Čin otkazivanje ; opozivanje neki dogovor . ,1,0
hemikalija koji se dobijati veštački put ; na tržište najčešće u vida tableta ; dovoditi čovek u stanje euforija ,1,0
biti u saglasnost . ,1,0
mek masna supstanca koji se javljati u organski tkivo i koji činiti mešavina lipid ( uglavno trigliceridi ) . ,1,0
Čin upravljanje ili kontrolisanje nešto . ,1,0
vežbati u cilj priprema za kakav događaj ili takmičenje ,1,0
izdužiti pravougaon kost koji činiti most nos ,1,0
supstanca za koji se verovati da lečiti sav bolest ,1,0
Događaj koji se dešavati u kritičan trenutak . ,1,0
stavljanje jedan pored drugi suprotan reč ili ideja da biti se stvoriti osećaj ravnoteža ,1,0
odsustvo kvalitet koji biti činiti nešto vredan ili korisnim . ,1,0
mali količina nešto ,1,0
Obožavanje koji pripadati samo bog ,1,0
obožavanje Biblija ,1,0
ispupčenje koji se koristiti za ojačavanje ili za pričvršćivanje za drugi objekt ,1,0
reprezentacija osoba ( posebno u oblik skulptura ) ,1,0
pravni stanje nastati objavljivanje rat . ,1,0
jabuka koji se primarno koristiti za pita i sos ,1,0
u rimski mitologija vrhunski bog Rimljanin ; u grčki mitologija on odgovarati Zevs ,1,0
Količina koji se moći obraditi ili prevesti odjednom . ,1,0
kondenzator imati vrednost jedan farada kada jedan kulon naelektrisanje izazov potencijalan razlika od jedan volt na on ,1,0
poslovno odelo koji se sastojati od odgovarajući jakna i suknja ili pantalone ,1,0
osoba ( obično žena ) za koji se smtra da imati poseban moć koji poticati od đavo ,1,0
visok lonac u koji se kuvati kafa . ,1,0
čin cepanje na dva grana ,1,0
skup pitanje ili vežbanje koji se procenjivati veština ili znanje . ,1,0
mek upijajući papir koji se koristiti u toalet ,1,0
istorijski doba koji imati izraziti karakteristika . ,1,0
saznajni proces usvajanje veština ili znanje . ,1,0
Izreći mišljenje o neki pitanje . ,1,0
"podesan za dugotrajan korišćenje , nošenje i trošenje ",1,0
Pomoć u nevolja . ,0,1
voljan čin izvrtanje činjenica ,1,0
"promena nabolje , napredak u razvoj . ",0,1
sposobnost fizički sistema da raditi ; jedinica za energija jesam džul i erg . ,1,0
ukazati na neophodnost kakav zahvat ( u medicina ) ,1,0
protrljati u cilj brisanje . ,1,0
koji jesam tužan ili izazivati tuga ,1,0
"hirurški nožić zašiljiti na oba kraj ; koristiti za mali rez , npr . kod uzimanje krv ",1,0
koristiti se za pisanje ili štampanje . ,1,0
biti koji od broj ili simbol koji činiti proizvod kada se međusobno pomnožiti . ,1,0
small yellowish moths whose larvae feed on wool Or fur ,1,0
paramecijum ; često se koristiti u genetički istraživanje ,1,0
Čin koji se neki odobravati da preduzeti odrediti funkcija . ,1,0
"filozof koji naglašavati sloboda izbor i ličan odgovornost , ali koji smatrati ljudski postojanje u neprijateljski univerzum neobjašnjiv ",1,0
osoba koji kreativan korista sav um . ,1,0
"jedan od velik alfabetski karakter koji se koristiti kao prvi slovo u odredženim slučaj ( pisanje vlastit ime , na početak rečenica , pri naglašavanje i td . ) ",1,0
vlaknast amfibol ; koristiti se za proizvodnja vatrootpornih proizvod ; udisanje vlakno moći izazvati azbestozu ili karcinom pluća ,1,0
Grafičar koji koristiti litografija . ,1,0
koristiti se u nuklearni reaktor ,1,0
Čin ili način na koji se nešto oslobađati . ,1,0
dati razlog za očekivanje . ,1,0
biti podvrgnuti proces destilacija ,1,0
očistiti od iskvaren uticaj svet ,1,0
uslov koji pratiti ili uticati na neki događaj ili aktivnost . ,1,0
Čin upućivanje . ,1,0
gubljenje sposobnost da normalno funkcionisati ,1,0
zanimanje moler . ,1,0
"dodavati detalj uz neki izveštaj ili ideja ; pojašnjavati značenje nešto na učen način , obično u pisan oblik . ",1,0
"velik broj , količina ili prostranstvo . ",1,0
veza između gen u polni hromozom zbog koji se neki karakterisitike javljati mnogo češće kod jedan pol nego kod drugi ,1,0
hemikalija koji se koristiti za uništavanje insekt ,1,0
pozitivno naelektrisati jon ,1,0
reći nešto unapred ; praviti pretpostavka o nećemu ,1,0
Osećati tuga . ,1,0
Učiniti da nešto potonuti . ,1,0
Položaj blizu ili smer prema desni strana ; tj . strana ka jug kada jesam osoba ili predmet okrenut ka istok . ,1,0
prirodan i periodićno stanje odmor tokom koji se gubiti svest o svet ,1,0
govorni čin koji se nešto prigovarati . ,1,0
svojstvo onaj koji nedostajati živost ,1,0
sistem kodiranje koji se koristiti za prenos poruka za koji jesam potreban brzina ili tajnost ,1,0
"Čin agresija , reći prema osoba koji se odupirati . ",1,0
"tvar u tečan agregatni stanje koji nemati utvrđen oblik , ali imati utvrđen zapremina ",1,0
osoba koji uzgajati ili čuvati ovca . ,1,0
"ukloniti kiseonik iz nešto , u hemija . ",1,0
Čin venčanje ; bračni ceremonija . ,1,0
čin stabilizacija šta ili poboljšanje stabilnost ,1,0
aktivnost koji se neki ubeđivati da kupiti . ,1,0
"Učiniti prazniti , osloboditi sadržaj . ",1,0
Učiniti ili ostaviti znak na nešto . ,1,0
latinski koji se koristiti u religijski svrha u tok srednji vek ,1,0
koristiti točkić za izbor brojati telefon ,1,0
onaj ko verovati u imperijalizam ,1,0
"pristalica monogamija , koji imati samo jedan supružnik u jedan trenutak ",1,0
isturen deo kapa zahvaljujući koji jesam oči u senka ,1,0
zaustaviti neki stanje ili aktivnost . ,1,0
"Očistiti nečiji telo , reći pranje . ",1,0
dati prednost jedan kreditor u odnos na drugi ,1,0
pretvarati se u pogled određenih osobina ili stav ,1,0
zabava ili dokolica . ,1,0
mustra koji se korsti za štampanje ; koristiti se da obezbediti zatvaranje ili autentičnost dokument ,1,0
osobina onaj što ne zasluživati poverenje . ,1,0
velik prostorija za okupljanje i zabava . ,1,0
tanak i veoma izdužiti supstanca . ,1,0
katolički svet tajna ; sveštenik miropomazuje umuruću osoba ulje i moliti se za spasenje ,1,0
biti koji strana lice ispod oči . ,1,0
izvršiti obred potvrđivanje ,1,0
osluškivati sa namera ,1,0
"Čin prepravljanje nešto ( na primer , veličina odeća ) . ",1,0
u fizika svojstvo telo da ostati u mirovanji ili stanje uniforman kretanje sve dok na on ne uticati neki sila . ,1,0
Čin biranje neki . ,1,0
"Obraćanje koji označavati status ili funkcija , npr . Gospođa ili general . ",1,0
"učenje steći nesvestan način reagovanje na različit frustracija ; na taj način ličnost pokušavati da sačuvati samopoštovanje , razrešiti tenzija i obezbediti prihvatljiv ponašanje u svoj sredina ",1,0
tumačiti nešto na odrediti način ; preneti odrediti značenje ili utisak ,1,0
"vrsta šumski božanstvo , Bahov branilac ; u rimski mitologija ona odgovarati fauna ",1,0
osoba koji ispoljavati pobožnost . ,1,0
erozivni proces koji smanjivati veličina glečer ,1,0
proizvesti definicija za značenje koji reč ,1,0
izučavanje princip i praksa upravljanje biblioteka ,1,0
uspešan udarac u atletski takmičenje ( posebno u bejzbol ) ,1,0
"planinski masiv koji razdvajati Indjski podkontinent od Tibet , na on visok planinski vrh na svet ",1,0
u neki klasifikacija se definisati kao carstvo ,1,0
koji jesam moralno lož ili pogrešan . ,1,0
antigen krvni grupa koji imati Rh pozitivan osoba ; ako Rh negativan osoba dobiti transfuzija krv od Rh pozitivan osoba moći doći hemolize ili anemija . ,1,0
Oruđe koji se koristiti za žigosanje živ stoka . ,1,0
igra u koji dva taj prebacivati lopta preko visok mreža udarati jesam ruka . ,1,0
"o početan rad , ili koji jesam u veza s on ili koji karakterisati početan rad ",1,0
zagovornik princip monarhija ,1,0
ograničiti ( školarac ) prava kretanje na spavaonica ili kampus kao kazna ,1,0
napd koji se odgovarati na protivnički napad ,1,0
osoba koji jesam približno isti godina kao i neki drugi . ,1,0
"karakteristika apsolutan vladar ili vladanje , koji imati putpunu vlast ",1,0
osloboditi prepreka . ,1,0
položaj na kakav skala ,1,0
skup tačka takav da za svaki par tačka postojati nenegativni realan broj koji predstavljati njihov rastojanje koji jesam simetrično i zadovoljavati trougaonu nejednakost ,1,0
pripadnik policijski snaga . ,1,0
stanje koji karakterisati osećanje u raspon od blag nezadovoljstvo do dubok bol . ,1,0
"onaj koji posedovati svojstvo lepljenje , priljubljivanje ",1,0
"Opnokrilci s društevnim način život u zajednica koj brojiti više stotina hiljada član i sastojie se od plodan ženka ( matica ) , mužjak i radilica bez krilo s otrovan sekret a ponekad i otrovan žokom . ",1,0
osloboditi od instrukcija ili podatak ,1,0
dokument koji potvrđivati uspešan završetak neki studija . ,1,0
Učiniti ponovo . ,1,0
čin hapšenje ( posebno hapšenje kriminalac ) ,1,0
sintaksički nizak reč koji činiti deo neki velik syntaksičke celina ,1,0
osoba koji se tajno baviti špijunaža za vlada . ,1,0
koji moći razumeti samo posvećen uzak krug ljudi ,1,0
Markovljev proces kod koji jesam parametar diskretan vremenski vrednost ,1,0
ukloniti četka ili kao četka . ,1,0
"lpromatranje , ispitivanje trbušni duplja radi ispitivanje uzrok bolest ",1,0
Čin povraćaj ili spasavanje nešto izgubljen ( ili u opsanosti da se izgubiti ) . ,1,0
onaj što jesam u suprotnost sa princip pravda ili zakon ,1,0
čin odvajanje ili povlačenje ,1,0
"pretvarati iz čvrst u tečan stanje , obicno zagrevanje . ",1,0
velik i teško naoružan vojni brod ,1,0
Učestvovati u politički aktivnost . ,1,0
o apostrofa ili koji jesam karakteristika apostrofa ,1,0
Čin povlačenje ; primena sila da privući nešto sebe ili sa sebe . ,1,0
( o stih ) koji imati oblik zasnovati na broj slog a ne na ritmički uređenje bez naglašavanje ili brojanje ,1,0
vojni lice koji jesam po rang nizak od oficir . ,1,0
učiniti tanak ili tanak ,1,0
"specijalista za bolest uvo , grlo i nos . ",1,0
kola između dva ili više lokacija s cilj transmisija i prijem podatak ,1,0
"specijalista za korekcija deformitet skelet , posebno kod deca . ",1,0
biti koji osoba u oružan snaga koji držati položaj od autoritet ili komanda ,1,0
osoba sa dosta znanje o jedan ili više nauka . ,1,0
akumulacija znanje ili veština koji jesam rezultat direktan učešće u događaj ili aktivnost . ,1,0
skup oznaka i pravilo za njihov korišćenje ( u sklad sa SGML-om ) u razvoj hipertekstualan dokument ,1,0
prostor u koji jesam obezbediti život ljudi . ,1,0
Čin odbijanje nešto . ,1,0
proizvoditi ili emitovati prodoran zveketav zvuk . ,1,0
Čin pri koji se pažljivo slušati . ,1,0
raketa koji imati sistem navođenje koji jesam usmeravati prema cilj koji emitovati infracrven zračenje ( kao mlazni motor ) ,1,0
"podvrgnuti se , pretrpeti genetički rekombinacija ",1,0
sjediniti ili spojiti ,1,0
neformalan termin za uloga neki osoba . ,1,0
jednostavan stohastički proces u koji distribucija budući stanje zavisiti samo od trenutan stanje a ne i od taj kako se stignuti u trenutan stanje ,1,0
Sloboda od kontrola ili uticaj drugi ili drugi . ,1,0
Jednobožački sistem verovanje i obred koji se zasnivati na star zavet i na Isusov učenje koji jesam uključiti u Novi zavet i koji isticati uloga Isus kao spasilac . ,1,0
veličina dobijen množenje ,1,0
mesto u koji se proizvoditi oružje . ,1,0
merni instrument za merenje i pokazivanje veličina kao što jesam debljina žica ili količina padavine . ,1,0
tražiti od neki da uraditi nešto ,1,0
proizvod veličina ceo broj ,1,0
čin ili proces kompresija . ,1,0
"uređaj koji primati signal ili stimulans ( kao toplota , pritisak , svetlo ili poret ) i odgovarati na on na odgovarajući način ",1,0
nalaziti da jesam nešto zabavno ili prijatno . ,0,1
semantički uloga imenički fraza koji se označavati mesto stanje ili radnja označen glagol ,1,0
voziti čiji vozač imati posati da odvesti putnik gde žele u zamena za novac ,1,0
u rimski mitologija boginja izobilje i plodnost ; u grčki mitologija ona odgovarati Reja ,1,0
postati velik po količina . ,1,0
nalog apelacioni sud koji se zahtevati od sud koji posedovati pisan ( trajno zabeležen ) postupak da navesti dokumentacija sa ( taj ) suđenje ,1,0
Dan posvetiti neki poseban namena . ,1,0
Neobučena osoba koji se pretvarati da jesam lekar i deliti lekarski savet . ,1,0
Nešto ( osoba ili predmet ili prizor ) što umetnik ili fotograf izabrati da grafički predstava . ,1,0
mali digitalan račnar zasnovati na mikroporcesorima konstrisan tako da moći da ga nositi samo jedan osoba ,1,0
čin koji se neki sprečavati da učestvovati jer se utvrđivati da jesam kvalifikovan ,1,0
sistem za uzimanje kiseonik i odvajanje ugljen-dioksida ( kod kopnen životinja ovaj se postignuti disanje ) ,1,0
ovlašćivanje podređen da donositi odrediti odluka ,1,0
potpun izborni pobeda ,1,0
Učiniti da opet biti svež . ,1,0
suma isplaćen novac . ,1,0
koji jesam povezati ilipripada ili se koristiti u mornarica . ,1,0
nastrojen prema nešto . ,0,1
onaj koji postojati ili se pojavljivati u stvarnost ; imati proveren postojanje ; jesam iluzoran ; ,1,0
onaj koji jesam običan ; jesam konevencionalan ili konformist . ,0,1
vršiti posao ,1,0
sumnjati ili izražavati sumnjičav spekulacija . ,1,0
rukovodilac koji jesam po rang odmah ispod predsednik i moći da ga zamenjivati pod odrexenim uslov . ,1,0
izraziti ili potvrditi klimanje ,1,0
supstanca koji se rastvarati u rastvarač ; komponenta rastvor koji menjati svoj stanje ,1,0
farma vinov loz gde se proizvoditi grožđe ,1,0
stanje jak bes u koji lice pomodriti ,1,0
"u gramatika reč pomoću koji se izražavati količina , kao "" petnaest "" i "" mnogi "" . ",1,0
grana biologija koji proučavati struktura i aktivnost makromolekula koji jesam ključni za život ( i naročito njihov genetski uloga ) ,1,0
nanošenje telesni povreda lice koji jesam osuditi za izvršen zločin ,1,0
znanje i vrednost koji društvo deliti . ,1,0
koji raditi uz minimalan intervencija čovek ; nezavistan od spoljašnji kontrola ,1,0
"disinclined taj work Or exertion ; "" faineant kings under whose Rula the country languished "" ; "" an indolent hanger-on "" ; "" too lazy taj wash the dishes "" ; "" shiftless idle youth "" ; "" slothful employees "" ; "" the unemployed ar Not necessarily work-shy "" ",1,0
legura gvožđe sa mali udeo ugljenik i mangan ; često se koristiti u građevinarstvo ; njegov mehanički svojstvo moći da se menjati u širok dijapazon . ,1,0
"faza u psihoseksualnom razvoj kada jesam izvor zadovoljstvo dete usta i dešavati se u prvi godina dan život . posledica preteran zadovoljenje jesam : zavisnost , pasivnost , optimizam , lakovernost , preteran sklonost ka jela , pića i brbljivost , preteran zavisnost , lako se razočarati , loše podnositi frustracija . posledica deprivacija ( uskraćenja zadovoljstvo ) jesam : depresivan i agresivan tendencija , sarkastičnost , pesimističnost , cinizam , težnja da se uništiti objekt svoj ljubav . ",1,0
Omotač koji trebati da zaštititi nešto od oštećivanje ili povreda . ,0,1
onaj koji imati ili proizvoditi visok ton poput piska ili zvuk zarđao šarka ,1,0
vrednost ispod koji dolaziti @card@ % sav slučaj ,1,0
Ponašanje sa neki ili nešto . ,1,0
osoba koji dolaziti iz strana zemlja ,1,0
osoba zadužiti za prikupljanje i katalogizacija arhivski građa ,1,0
obožavanje đavo ,1,0
stavak u budžetski zakon ,1,0
Čin promena mesto nadole . ,1,0
"osoba koji zamenjivati dete prirodan roditelj , ali koji ga jesam zvanično usvojiti . ",1,0
stanje u kme jesam nešto prisutan . ,1,0
koji nedostajati dobar raspoloženje ,1,0
osobina onaj ko jesam prihvatiti i ne upućivati on se pohvaliti . ,1,0
nauka koji izučavati ljudski društvo ,1,0
obaveza da hteti se nešto dati ili da hteti se uzdržati od nešto . ,1,0
liver Or meat Or fowl finely minced Or ground and variously seasoned ,1,0
"učiniti disjunktnim , odvojen ili nepovezan ",1,0
"energija libido trajno uložiti u neki ideja , lice ili predmet . ",1,0
četkica koji se koristiti kao aplikator ( za nanošenje boja ) ,1,0
čin plivanje ,1,0
Čin konstruisanje ili građenje nešto . ,1,0
privremeno prekinuti aktivnost pre nego što se nastaviti . ,1,0
status vođ . ,1,0
površ koji činiti dva poluprečnik kružnica pod prav ugao ipripadajući luk ,1,0
u rimski mitologija boginja mudrost ; odgovarati grčki boginja Atina ,1,0
"u genetika , atribut koji se sticati biološki nasleđivanje od roditelj ",1,0
zanimljiv ili šaren ukras koji se dodavati da umanjiti jednoličnost . ,1,0
lekar koji obavljati praksa u oružan snaga . ,1,0
glagolski vreme koji se izražavati stanje ili događaj koji jesam se već ostvariti ,1,0
posedovanje materijalan dobro . ,1,0
razmena dobro za dogovoren suma novac . ,1,0
izraz čiji značenje ne moći da se zaključiti iz značenje reč koji ga sačinjavati . ,1,0
instrument koji mera atmosferski pritisak . ,1,0
osoba koji jesam član ministarski kabinet . ,1,0
Draguxar koji proizvoditi nakit od zlato . ,1,0
"donositi , uzeti ili izvući iz kontejner ili ispod kakav poklopac ",1,0
količina dobijen sabiranje ,1,0
Čin upravljanje nešto . ,1,0
Učiniti neki nesvestan pomoću zato uspavljujući sredstvo . ,1,0
"Čin naginjanje , saginjanje . ",1,0
bring forth Or yield ,1,0
"drmanje , prodrmavanje neki bolesnik da biti se utvrditi postojanje bolest ili da biti on se olakšati bol . ",1,0
okrutan čin ; namerno izazivanje bol ili patnja . ,1,0
divljenje Engleska i engleski običaj ,1,0
dodavanje informacija ili detalj ,1,0
Učiniti čvrst ili čvrst . ,1,0
krasti dobra ,1,0
čin deljenje ili širenje ili parcelisanje ,1,0
izraziti dobar želja pri susret sa neki ,1,0
Čin nuđenje poboljšanje da se ispraviti greška . ,1,0
broj koji izražavati postignuće ekipa ili osoba u igra ili takmičenje ,1,0
sluznica želudca preživar ( naročito goveda ) koji se koristiti u ishrana ,1,0
osoba koji prav odeća . ,1,0
kontrola nad društvo putem dominacija ,1,0
Pobeda dobiti na poen kada nem nokaut ( boks ) . ,1,0
čin nasilan oduzimanje imevine od vlasnik ,1,0
uobičajen način da se softver učiniti dostupan ; korisnik jesam dopustiti da se prijaviti kao ' gost ' bez lozinka i da odatle preuzeti sav što se tamo nalaziti ,1,0
uzdizanje osoba do status bog . ,1,0
operativan zahvat razrezivanje dušnik da biti se uvesti kaniti i omogućiti disanje kod opasnost od gušenje ,1,0
sposobnost onaj što jesam stabilan i na siguran i nepomično fiksirati na jedan mesto ,1,0
osloboditi restrikcija . ,1,0
"rafinisan beo šećer oblikovati u kocka , pogodan za služenje ",1,0
biti na onaj stran telo ili pokazivati u smer onaj strana telo koji jesam okrenut zapad kada jesam lice prema sever . ,1,0
odrasti muški osoba ( nasuprot žena ) . ,1,0
kvalitet neki ili nešto što imati slab ili manje poželjan pozicija . ,1,0
ukloniti neželjen supstanca iz nešto . ,1,0
oblik matematički logika u koji istinitost moći da imati kontinuum vrednost između @card@ i @card@ ,1,0
transportni linija koji koristiti tramvaj . ,1,0
engleski matematičar i fizičar ; zapamtiti po razvoj analiza i po zakon kgravitacije i tri zakon kretanje ( @card@ ) ,1,0
težak zločin ,1,0
jedan od element koji kolektivno činiti brojni sistem ,1,0
Raniji period u nečiji život ( posebno neki za koji imati razlog da kriti ) . ,1,0
"lav , leopard , jaguar , tigar , ? ? ",1,0
bakalar koji se prvo usoliti pa se onda sušiti ; koristiti se za torta od bakalar ,1,0
"osobina neki telo da u raznim smer imati različit fizički svojstvo , npr . elastičnost , indeks odbijanje svetlost , magnetizacija , toplotni provodljivost i dr. ",1,0
Zvanično takmičenje u koji se nadmetati dva ili više osoba ili tim . ,1,0
prostorija opremljen mogućnost za pranje ruka i vršenje nužda ,1,0
čin ubijanje ( životinja ili osoba ) kako biti se umilostiviti božanstvo ,1,0
u rimski mitologija Jupiterov glasnik i bog trgovina ; u grčki mitologija on odgovarati Hermes ,1,0
sposobnost da se odbiti talas ,1,0
Zločin manje ozbiljan od težak . ,1,0
otkazati ili poništiti radnja ili njen posledica ,1,0
Društvena klasa između nizak i visok klasa . ,1,0
svojstvo preko koji se spoljašnji svet spoznaja . ,1,0
Veličina koji moći da primiti kontejner ( posuda ) . ,1,0
"u računarstvo , @card@ karakter koji činiti ASCII kodni šema . ",1,0
koristiti apostrof ,1,0
koji više nemati životan funkcija ( ili bar tako izgledati ) . ,1,0
Mog se izmeriti . ,1,0
promena položaj nagore ,1,0
Uložiti novac na ishod neki situacija . ,1,0
Produžiti vremenski ; izazvati da biti ili trajati duže ,1,0
vreme život između detinjstvo i zrelost ,1,0
popustljivost i saosećanje koji prema počinilac kakav krivičan delo pokazivati lice ili agencija zadužen za sprovođenje pravda ,1,0
za koji se nekada smatrati da jesam jedan od četiri element koji činiti svemir ( Еmpedokles ) ,1,0
dostignuti i eventualno prestignuti ,1,0
"u računarstvo , broj piksel po kvadratni inč na računarski generisanom prikaza ; što jesam velik rezolucija i slika jesam sve dobar ",1,0
prezent koji se koristiti kako biti se opisati prošli radnja ili stanje ,1,0
"nasilan hvatanje , zarobljavanje lice ",1,0
tri boginja usud ; u rimski mitologija ona odgovarati Parke ,1,0
obratiti poseban pažnja . ,1,0
neočekivan aktivnost glumac radi postizanje dramski efekt ,1,0
mera jačina alkoholni pića izražen kao ceo broj koji iznositi dva put procent alkohol po zapreti ,1,0
pokušavati saznati čiji mišljenje i namera ,1,0
promeniti veličina ili jačina . ,1,0
čin objavljivanje štampan materijal ,1,0
Čin koji se sloboda neki osoba ograničiti tako što se ona zatočiti ,1,0
"zakon definisati ( pravni ) status , položaj , stanje ",1,0
zreti jalapeno čio paprika osušen za potreba kuvanje ,1,0
neki čin koji se ne ostvarivati . ,1,0
nivo postojanje ili razvoj . ,1,0
sastav emocionalan i inetelektualnih atribut koji određivati karakterističan postupak i reakcija osoba . ,1,0
veštački izazvan potpuno besvestan stanje radi velik operacija ,1,0
Nešto ( kao činjenica ili okolnost ) što pokazivati da jesam čin biti razuman ili potreban . ,1,0
posvetiti ,1,0
"u prava , osoba koji potvrđivati verodostojnost dokument ili potpis svoj sopstven potpis ",1,0
Merač vreme koji odmera vremenski interval i signalizuje njegov kraj . ,1,0
običaj koji jesam dugo biti važan karakteristika neki grupa ili društvo ,1,0
( čin ) terapija lek ,1,0
imitiranje ponašanje neki osoba ,1,0
arhitektonski podloga ili baza ( kao za stub ili statua ) ,1,0
osoba postaviti na visoko mesto u vlada ,1,0
čokolada visok kvalitet koji sadržati najmanje @card@ procent kakao-putera ,1,0
iznenadno ispuštanje energija . ,1,0
"jako osećanje , usmeren prema neki stvaran ili navodni muka . ",1,0
"pisan sporazum ( ili svojina ili novac ) koji se predavati treći lice ili se davati na briga jedan od ugovorni strana , a koji jesam isti u obaveza da vratiti nakon ispunjenje izvestan uslov ",1,0
stanje suštinski jednakost ili ekvivalencija i uravnotežen balans ,1,0
mentalno uznemiriti zbog moguć nesreća ili opasnost ; zabrinuti ,1,0
Škola koji se sastjae nedelja radi religijski obrazovanje . ,1,0
stanje pripadanje neki nacija po rođenje ili naturalizacija . ,1,0
Čin povratak na prethodno mesto . ,1,0
"na primer , o vukanima ; koji trajno jesam aktivan . ",1,0
ponašanje koji jesam u sklad sa prihvaćen standard ,1,0
dovesti do nov tehnološki stanje ,1,0
širok ulica ,1,0
Učiniti jednostavan ili lak ili on smanjiti kompleksnost ili domet . ,1,0
"jako tvrd italijanski sir oštar ukus , pogodan jesam za rendanje ",1,0
Mišićno tkivo se sastojati od ćelija ( mišićni vlakno ) koji imati sposobnost kontrakcija . taj se sposobnost zasnivati na prisustvo kontraktilnih vlakno ( miofibrila ) koji jesam izgraditi od protein aktina imiozina . Mišić se kontrahovati kao odgovor na nadražaj koji jesam do on dospeti određenim nerv . u svaki mišićni ćelija ulaziti jedan nervni vlakno i mesto njihov povezivanje nazivati se motorni ploča ( periferan sinapsa ) . ,1,0
"izazvati promena , transformacija ; učiniti različit . ",1,0
Čin posedovanje . ,1,0
Čin provođenje kontrolisan testo ili istraga . ,1,0
Pažnja i uredovanje koji podrazumevati odgovornost za bezbednost . ,1,0
"bolest ili nesposobnost koji proisticati od uslov rad , obično zbog dug izloženost štetan materija ",1,0
Ukrašeno zimzelen drvo koji se koristiti kao Božićni i Novogodišnji ukras . ,1,0
trud pun napor za postizanje ciljati . ,1,0
onaj koji proždirati velik količina hrana ili osećati velik glad ,1,0
radioaktivan transuranski metal ; proizvesti bombardovanje plutonijuma helijumovim jezgro ,1,0
pričvršćivač koji pružati čvrsto i savršeno zatvaranje ,1,0
čin završavanje ,1,0
osoba koji doprinositi zadovoljenje potreba ili pomagati postizanje namera . ,1,0
osoba koji praktikovati odricanje kao duhovan disciplina ,1,0
koji ne postojati u stvarnost . ,1,0
"primeniti , primenjivati u komponovanje zakon kontrapunkt ",1,0
raspravljati o uslov kakav dogovor ,1,0
filozofski teorija kritika ( obično književnost ili film ) koji pokušavati da izložiti duboko ukoreniti kontradikcija u koji delo analiza koji grebati ispod površinski značenje taj delo ,1,0
psihoaktivni lek koji se koristiti za snižavanje visok krvni pritisak ,1,0
"Čin izvođenje dramski delo , muzički komad ili neki drugi zabava . ",1,0
aktivnost koji se tekstualan poruka pretvarati u kodiran ,1,0
koji jesam umoran od svet i život ,1,0
"osoba koji smišljati , pisati i testirati računarski program ",1,0
koji raskidati sa tradicija i opšti prihvaćen . ,1,0
verovanje i praksa Katoličke crkva ,1,0
Doći do odluka . ,1,0
slovo alfabet koji odgovarati suglasnički fonema ,1,0
biti deo nešto ili biti svojstvo nešto . ,1,0
sudski nalog koji se nalagati da se osloboditi dobra koji jesam nezakonito zadržan ( konfiskovan ) ,1,0
velik pljosnatica u SAD-u ,1,0
igra koji igrati deca . ,1,0
aktivan snaga telo ili duh ,1,0
Nešto što se desiti u dat trenutak i na dat mesto . ,1,0
blizak prijatelj koji učestvovati sa drugar u njihov aktivnost . ,1,0
misaon stav sa koji se nešto posmatrati . ,1,0
Isplaćeni novac . ,1,0
Načiniti napet . ,0,1
Čin fizički bežanje . ,1,0
odbijanje grupa ljudi da poštovati zakon jer smatrati da jesam zakon nemoralan ( npr . u znak protest protiv diskriminacija ) ,1,0
teleći nogica koji se koristiti u ishrana ; često u priprema pihtija ,1,0
blok materijal koji se koristiti pri konstrukcija . ,1,0
Not standard ; Not accepted as a model of excellence ,1,0
"ishod događaj , posebno u odnos na neki osoba . ",1,0
uzrokovati da se čuti . ,1,0
Tražiti i sakupljati . ,1,0
pridržavati se praznik ili obred ,1,0
atinski zakonodavac čiji jesam zakon propisivati smrtan kazna za skoro sav prekršaj ( oko @ord@ vek p.n.e. ) ,1,0
Oosba koji imati i baviti se neki specijalan zanimanje . ,1,0
polica za držanje knjiga ,1,0
biti koji supstancija koji organizm prerađivati da biti dobiti energija i graditi telesni tkivo . ,1,0
rodbinski veza u koji jesam dva osoba biološki povezan ,1,0
čin osiromašivanje neki ,1,0
"profesionalan odnos regulisati zakon , pravno regulisati ( između advokat i njegov klijent ) ",1,0
"stanje stvaran , objektivan postojanje . ",1,0
vlada koji jesam slobodan od vanjski kontrola ,1,0
nem rog ; u gornji vilica nem sekutić ; očnjak gornji vilica jako razviti ; po neki osobina sličan kamila . ,1,0
"stanje koji uključivati uzajamno delovanje ljudi , partija ili zemlja . ",1,0
stanje sloboda ; moć delovanje ili govor ili mišljenje bez ograda . nametnut spolja ,1,0
kamen koji se koristiti za označavanje grob ,1,0
visok tačka planina ,1,0
čin prikupljanje informacija ,1,0
nalog ( varant ) koji sud ovlašćivati policija da tražiti predmet ili lice koji jesam uključiti u izvršenje zločin i da ona izvesti pred sud ; nalog opisivati lokacija na koji policija moći vršiti pretres ,1,0
testiranje ideja ,1,0
ne ostvariti ni profit ni gubitak . ,1,0
subjektivan doživljaj da se nešto čuti . ,1,0
osoba koji sakupljati stvar . ,1,0
čin izazivanje hipnoza ,1,0
bogatstvo koji jesam naslediti a ne zaraditi . ,1,0
sladak pecivo u čiji izraditi se koristiti kvasac . ,1,0
"izvaditi nešto , obično sa snaga ili napor ; koristiti se i u prenesen značenje . ",1,0
promena iz adsorbovanog stanje na površina u čvrst ili gasovit stanje ,1,0
Učiniti da biti čvrsto prikačiti . ,1,0
čin dozvoljavanje ,1,0
"prihvatiti nečiji ideologija , praksa , metoda , i koristiti jesam kao da jesam sopstven . ",1,0
prilika za poseban veselje da obeležiti neki srećan događaj ,1,0
neki ko prvi ili donositi zakon ,1,0
proizvesti deflacija . ,1,0
iskreno moliti ili tražiti nešto ,1,0
osoba koji ne raditi . ,1,0
Žbunast evroazijski javor koji se često koristiti kao ograda . ,1,0
sistem verovanje i ritual ,1,0
neki izraziti stil u muzika . ,1,0
fiktivan ime koji se koristiti kada osoba igrati određenu društven uloga ,1,0
n-ti moment distribucija jesam očekivan vrednost n-tog stepen devijacija od fiksni vrednost ,1,0
Čin razmenjivanje jedan stvar za drugi . ,1,0
velik intenzitet ili snaga . ,1,0
ukloniti posvećenost sa osoba ili objekt . ,1,0
naprava smisliti da sprečiti povreda . ,1,0
pauza kada se neki aktivnost prekid ,1,0
sendvič u koji jesam sav sastojak uviti u mek tortilja ,1,0
povratak u originalan stanje ,1,0
slikar koji moći da postignuti specijalan efekt pomoću boja . ,1,0
čelik čiji karakteristika jesam odrediti dodavanje drugi element osim ugalj ,1,0
aktivnost pripremanje . ,1,0
"Čin ometanje , sprečavanje ili zadržavanje . ",1,0
značenje reč ili izraz ; način na koji se reč ili izraz ili situacija moći tumačiti ,1,0
"celokupan psihički aktivnost odrediti jesam princip zadovoljstvo . po psihoanaliza , jedan od važan pojam , koji označavati subjektivan snažan i kratkotrajan afekt uživanje , praćen rasterećenje tenzija nagon i postizanje zadovoljenje . zadovoljstvo jesam prijatan osećanje koji varirati od osećanje blag ugodnost , preko uživanje sav do ekstaza . ",1,0
skupština koji imati visok zakonodavna ovlašenja ,1,0
bakterija koji izazivati abortus kod ovca ,1,0
Predviđeni ishod koji se nameravati postignuti i koji voditi nečiji planirati ponašanje . ,1,0
jako radioaktivan element koji se javljati u minimalan količina u uranijumskoj ruda . ,1,0
hemijski supstanca dobiti iz biljka koji jesam biološki aktivan ali nem nutritivni vrednost ,1,0
"Čin koji se kontrolisati spostveni impuls , odricanje od neki prohtev . ",1,0
slobodan fotograf koji pratiti poznat ličnost ne biti li ona slikaokada oni taj ne žele i taj slika prodati novina . ,1,0
rezonovanje koji pokazivati kako zaključak logički slediti prihvaćen premisa ,1,0
( koristiti se za muškarac ) koji imati duboko ukoreniti nepoverenje prema žena ,1,0
( klasičan mitologija ) zmija ( ili gušter ili zmaj ) sposoban da ubiti dah ili pogled ,1,0
Nešto predložiti ( kao plan ) . ,1,0
Potrošiti bez kontrola . ,1,0
odbijanje da prepoznati neki koji znati ,1,0
obezbediti smeštaj za neki . ,1,0
biti šta što jesam opšte prihvaćen kao standard vrednost ili mera bogatstvo u određenoj zemlja ili region . ,1,0
zapaljiv hidrokarbonsko ulja koji se koristiti kao gorivo u lampa i grejalica . ,1,0
crven transparentan varijanta cirkona koji se koristiti kao drag kamen ,1,0
prijatelj jesam se rastati posle zabava . ,1,0
osobina onaj što jesam permeabilno ( npr . u proces osmoza ) ,1,0
Čin odvajanje ili razdruživanje . ,1,0
čin rastavljanje nešto ( npr . delovati kakav mašina ) ,1,0
verovanje plemenski društvo ,1,0
staviti u redosled za sudski postupak ,1,0
Način na koji se osoba odnositi prema drugi ljudi ( bihevioralni atribut ) . ,1,0
vizuelan svojstvo nešto što nemati boja . ,1,0
"koji jesam sličan po veličina , oblik i relativan pozicija odgovarajući deo ",1,0
tvorevina koji jesam potreban da biti se preduzeti ili obaviti neki usluga . ,1,0
čin polivanje vino kao prinos u religijski ceremonija . ,1,0
Društvena snaga koji povezivati osoba sa njihov obaveza i izazivati akcija koji snaga nalagati . ,1,0
obožavanje kosmos ,1,0
Dan kada se slaviti neki svetac . ,1,0
"sistem mera za dužina , težina i trajanje . ",1,0
Izreći sud o neki . ,0,1
životinjski ud koji se koristiti u ishrana ,1,0
ukupno izbrojati veličina . ,1,0
Čin koji se nešto poboljšavati . ,1,0
jastuk za podrška glava osoba koji spavati ,1,0
naklonjenost prema nešto ,1,0
specijalan šerpa za pečenje ,1,0
stanje u koji se malo novac i materijalan dobro . ,1,0
odbacivanje čin zabrana ,1,0
"proizvesti erupcija i očvršćavanje na zemljin površina ili blizu ona ; odnositi se na riolit , andesit ili bazalt ",1,0
imovina koji imati ekonomski upotrebljivost : novčan ili razmenjiv vrednost . ,1,0
proizvod napravljen ili postignut napor ili aktivnost neki osoba ili stvar . ,1,0
fabrika u koji se proizvoditi papir . ,1,0
sav fenomen koji jesam veštački stvoriti . ,1,0
neki čiji jesam zanimanje pravljenje ili popravak odeća od krzno . ,1,0
"u grčki mitologija ženski Titan , boginja bistar intelekt ",1,0
tipičan štapičaste obično grampozitivne bakterija koji proizvoditi endospore ,1,0
Čin davanje formalan saopštenje publika . ,1,0
osoba ili firma koji sklapati ugovor za izgradnja nešto . ,1,0
izvršenje smrtan kazna nad osuđen lice ,1,0
Tražiti nešto . ,1,0
"a reduced Or scarcely developed leaf at the start of a Plant 's life ( i.e. , cotyledons ) Or in the early stages of leaf development ",1,0
odrediti količina eksploziv koji jesam spremiti tako da eksplodirati u tačan trenutak ,1,0
radikal koji koristiti teror kao politički oružje - obično se sa drugi terorista udruživati u mali ćelija ; često koristiti religija da zamaskirati svoj teroristički aktivnost ,1,0
Čin odašiljanje nešto . ,1,0
nedostatak briga za dobrobit drugi ,1,0
Palačinke pripremiti u plamen za koji se koristiti liker sa ukus pomoradže i limun . ,1,0
predmet koji stajati na put ( i morati se ukloniti ili preći ili zaobići ) . ,1,0
Želeti da nešto ići ka određenom cilj . ,1,0
tražiti ili tragati ,1,0
izmisliti slon koji se pojavljivati u mnogi francuski knjiga za deca ,1,0
Razni predmet potreban za određenu operacija ili sport itd . ,1,0
osoba koji imati specijalan znanje ili sposobnost koji vešto obavljati . ,1,0
sredstvo ( instrument ) dizajnirati i koristiti za oduzimanje život osuđen osoba ( primer : električni stolica ) ,1,0
pretvoriti se u žele ,1,0
ispuniti ili anulirati dug ,1,0
"biti kakav ornamentalan obrazac ili dezen , na primer u vezenje . ",1,0
čin koji nešto postajati uzak ,1,0
usmeriti ili postaviti ; tražiti odgovor na šta ,1,0
Čin kada se pritiskati . ,1,0
religijski obrok koji se deliti kao znak ljubav ili prijateljstvo ,1,0
visok jasen od Evropa do Kavkaz koji imati lišće koji jesam sjajno tamnozelen s gornji strana a bled s donji . ,1,0
autoritativan uput ili naređenje da se nešto uraditi . ,1,0
sposobnost da se vispren procena situacija ili okolnost i da se izvući čvrst zaključak . ,1,0
formalan čin oslobađanje neki ,1,0
zbir vrednost podeljen broj vrednost ,1,0
u koji nem život . ,1,0
"smanjiti se po veličina , opseg ili rastojanje . ",1,0
"neki ko jesam izučiti nauka o lek - njihov sastav , upotreba i efekt . ",1,0
oružje koji koristiti vojni ili pomorski snaga ,1,0
program koji se koristiti za pregled HTML dokument ,1,0
čin pretresanje pojedinac radi pronalaženje sakriven oružje ili droga ,1,0
brojčan vrednost koji kada se sabrati sa biti koji drugi drojem davati kao rezultat taj isti broj ,1,0
napraviti mogućnost ili obezbediti mogućnost za nešto ; dozvoliti da se dostignuti ili izazvati da ostati . ,1,0
"onaj što jesam lako , zahtevati velik fizički ili mentalan napor da biti se ostvariti . razumeti ili izdržati . ",1,0
Čin opažanje neki miris . ,1,0
"bogat , penast krema koji se praviti od ulupan belance i neki bogat i gust krema ",1,0
koji se kretati . ,0,1
klasa koji zauzimati visok pozicija u društven hijerarhija ,1,0
škrtost koji proizilaziti iz briga za sopstven dobrobit i nepoštovanje drugi ,1,0
"porasti u veličina , obim ili količina . ",1,0
zrno biljka golubiji grašak koji imati visok nutritivni vrednost ,1,0
koji žeti da jesti i piti više nego što on jesam potrebno ,1,0
koji odobravati ustav ili jesam u saglasnost s ustava ili funkcionisati u okvir ustava ,1,0
vlakno u vida niti koji činiti micelijum gljiva ,1,0
odsustvo osećanje ,1,0
kada nem jednakost ,1,0
Sloboda od sumnja ; vera u sebe i svoj sposobnost . ,1,0
spoljašnji pokrivač ili omotač ,1,0
merni instrument koji određivati količina toplota . ,1,0
stanje koji se izražavati da gramatički subjekt obavljati radnja ili izazivati dešavanje koji jesam označiti glagol ,1,0
osoba koji jesam preći iz jedan vera u drugi ,1,0
spojiti ili vezati . ,1,0
"ponovo uspostaviti na nov , obiyno dobar , osnova ; učiniti da nešto biti kao nov . ",1,0
koji jesam kao brat ili imati osobina koji odgovarati bratski osobina ,1,0
dokument koji moći da se uviti ( kao za čvanje ) ,1,0
promena u nizak stanje ( manje poštovati ) ,1,0
stanje dubok obuzetost ,1,0
Taikmičenje sa pravilo koji određivati pobednik . ,1,0
"učiniti velik u količina , broj ili snaga ",1,0
an Angli formed by two straight lines ( in the sam planuti ) ,1,0
staviti u vodoravan položaj . ,1,0
zašiljen deo gramofon koji se proizvoditi zvuk kada on prelaziti preko udubljenje na disko koji se okretati potreban brzina ,1,0
gramatički odnos koji postojati kada reč kvalifikovati značenje sintagma ,1,0
"relativan položaj stvar , a posebno ljudi , u društvo . ",1,0
instrument za izvršenje smrtan kazna ( pogubljenje ) koji se sastojati od drven ram gde se izvršavati smrtan kazna vešanje ,1,0
izazivati npr . evropski i azijski povratan groznica ,1,0
koji osećati ili ispoljavati bol ili žalost zbog greh ili uvreda ,1,0
Količina koji moći da stati u boca . ,1,0
izazvati da se nešto uraditi ; izazvati neki da se ponašati na odrediti način . ,1,0
Nešto uraditi ( obično suprotno od nešto rečen ) . ,1,0
Čin davanje poslati neki . ,1,0
procena vrednost poslovanje . ,1,0
firma koji se baviti posao izdavanje ,1,0
"grčki bog ljubav , sin Afrodita i Ares ; u rimski mitologija on odgovarati Kupidon ",1,0
usmrtiti u velik broj . ,1,0
ratni akcija koji se izolovati neki područje od značaj za neprijatelj ,1,0
virus koji izazivati velik boginja kod ljudi ; moći da se koristiti kao biološki oružje ,1,0
"u biologija relativan sposobnost ka sjedinjavanje , realkciji ili interaciji ( npr . sa antigen ili biološki sustratima ) . ",1,0
koji posedovati ili iskazivati verovanje u božanstvo i njihov obožavanje ,1,0
stavljanje nešto ( kao književan delo ili zakonodavni predlog ) u prihvatljiv forma ,1,0
pregovarati o uslov razmena ,1,0
učiniti nešto moguć preko neki specifičan akcija ,1,0
novac dati kao zalog za artikl zakupljen na odrediti vreme . ,1,0
svojstvo vezati za vreme ,1,0
čin vraćanje aktivnost i značaj nešto ,1,0
umetnik koji prav skulptura . ,1,0
posveta na nadgrobni ploča ili spomenik u sećanje osoba sahranjen na taj mesto ,1,0
"učiniti da se ( tečnost ) rasprska , naročito upotreba velik sila ",1,0
Čin smanjivanje ili redukovanje nešto . ,1,0
"verovanje , ili sistem verovanje , koji jesam prihvatiti kao merodavan od strana neki grupa ili škola . ",1,0
položaj student ,1,0
u grčki mitologija hrom bog vatra i kovački zanat ; u rimski mitologija on odgovarati vulkan ,1,0
apstrakcija koji pripadati ili karakterisati dva entitet . ,1,0
okrugao predmet koji se koristiti kao igračka ,1,0
"Ženska osoba koji imati važan uloga u život neki muškarac , kao njegov supruga , ljubavnica ili devojka . ",1,0
biti koji proces koji uticati na proizvodnja i razvoj i upravljanje materijalan bogatstvo ,1,0
grana matematika koji izučavati i razvijati matematički princip sam po sebe ,1,0
koji izazivati ili zasluživati mržnja ,1,0
mali brz lako oklopljen ali teško naoružan ratni brod ,1,0
raspodeliti u sklad sa neki plan ili odvojiti za poseban namena . ,1,0
stanje ili činjenica postojanje . ,1,0
Koštana ili rožnat prekrivač telo koji se često sreća kod bezkičmenjaka i imati zaštitni funkcija . ,1,0
neki od redak vredan metal koji se obično koristiti za pravljenje novac i nakit . ,1,0
osobina neki oblik : tačan podudarnost forma na suprotan strana linija ili ravan razdvajanje . ,1,0
dati izraz nešto . ,1,0
neformalan izraz za novac ,1,0
konstrukcija motorni vozilo koji činiti čelični okvir na feder koji držati telo automobil i motor ,1,0
osoba koji se baviti neki učen profesija . ,1,0
novac koji stajati na pozajmica klijent . ,1,0
izbaciti ili eliminisati ( ukloniti ) ,1,0
obezbediti računar ,1,0
osobina koji razlikovati organizam prema njihov reproduktivan uloga . ,1,0
higrometar koji pokazivati varijacija relativan vlažnost atmosfera ,1,0
polivalentan metal koji ličiti na hrom i tungsten po svojstvo ; koristiti se ojačavanje čelik ,1,0
književan pričanje život ( ili legenda ) svetac ,1,0
Obična osoba koji prihvatati vođstvo neki drugi osoba . ,1,0
stanje u koji jesam nešto povezati . ,1,0
specijalan grupa koji jesam delegirati da razmotriti neki stvar . ,0,1
jestiv i vredan gljiva ; imati ispupčen klobuk koji jesam pomalo lepljiv kad jesam svež i vlažan ala ubrzo se sušiti i debeo ispupčen drška . ,1,0
"koji zadovoljiti ili šarmirati , obično da biti se na on uticati ",1,0
pisan procena književan rad ,1,0
"koji se lako upravljati , koji ustupati . ",0,1
grafikon kod koji jesam dužina stubić proporcionalan veličina ,1,0
dovesti na položaj . ,1,0
Čin okončavanje život . ,1,0
mentalan sposobnost ili moć glasovni komunikacija . ,1,0
prepoznati ili uočiti razlika . ,1,0
kategorija stvar koji se izdvajati neki zajednički karakteristika ili kvalitet . ,1,0
Učiniti slab . ,1,0
naprava sa drška i savitljiv šib koji se koristiti za bičevanje . ,1,0
osoba koji zagovarati verovanje i mišljenje koji se ne držati ,1,0
grana geologijae koji koristiti fizički princip za izučavanje osobina zemlja ,1,0
"stanje spajanje , povezanost . ",1,0
osoba koji jesam uključiti u neki zakonski postupak . ,1,0
privlačenje supstanca hemisorpcijom ,1,0
biti u uspravan položaj . ,1,0
pisanje koristiti neki skriti kod ili šifra ,1,0
Čin gubljenje . ,1,0
u grčki mitologija boginja domaći ognjište i vatra ; u rimski mitologija ona odgovarati Vesta ,1,0
a pravni isprava koji pružati informacija koji se tražiti kod zaposlenje određenih lice u pojedini država ,1,0
kvalitet nešto što jesam adekvatno ili perfektno . ,1,0
"Učiniti da nešto biti puno , moći i u metaforičan značenje . ",1,0
Čin koji se nešto podešavati tako da odgovoriti standard . ,1,0
veličina i opšti izgled publikacija ,1,0
supstanca koji moći da gora da biti obezbediti toplota ili snaga . ,1,0
"organizovan pokušaj radnik da poboljšati sav status zajednički delovanje , naročito putem sindikat ( posebno lider ovaj pokret ) ",1,0
beo mekan kompaktan talkkoji se koristiti za otklanjanje masniti fleka i za označavanje odeća ,1,0
redni broj element u Mendeljejevoj tablica element ; jednak jesam broj proton u jezgra ili broj elektron u neutralan stanje atom ,1,0
grbica koji rasti u čist bara i potok ,1,0
pripadnik grupa Jevrejin koji jesam u vreme ran hrišćanstvo prihvatiti Hrista kao mesija ,1,0
posuđe za kuvanje ,1,0
Društveno držanje . ,1,0
Čin u koji nešto gora ,1,0
biti koji životinja koji proizvoditi polni ćelija ( spermatozoid ) koji moći da oploditi žense polni ćelija ( jaje ) . ,1,0
obezbediti pokrivač ili izazvati da biti pokriven . ,1,0
Čin užurban kretanje na nepažljiv način . ,1,0
"jedan od poznat mehanizam odbrana koji se sastojati od težnja i sklonost osoba da svoj želja , impuls ili sadržaj podsvest koji jesam prihvatljiv za sopstven ego , projektovati na drugi osoba pripisivati ona sličan osobina ",1,0
sto ili neki horizontalan površina na koji se obavljati neki posao ,1,0
"rimokatolički sistem kazuistika koji kazati da , kada se stručan mišljenje razlikovati , čovek moći pratiti biti koji iole verovatno mišljenje , čak iako biti neki drugi mišljenje moći biti verovatnije ",1,0
žalostan zbog gubitak ili uskraćenosti ,1,0
Događaj umiranje ili napuštanje život . ,1,0
relacija koji postojati kada se stvar odvijati istovremeno ,1,0
grana čist matematika koji se baviti samo osobina figura X koji imati sav figura u koji se X moći transformisati preslikavanje jedan-na-jedan koji jesam neprekidno u oba smer ,1,0
small usually brightly-colored viviparous surface-feeding fishes of fresh Or brackish warm waters ; often used in mosquito control ,1,0
neki ko posedovati farma i raditi na ona . ,1,0
osoba koji jesam za nešto zadužiti . ,1,0
osoba čiji politički pozicija odgovarati politički centar ,1,0
mlečan prtein koji se koristiti za izrada plastičan masa ,1,0
izraz neki želja ili naklonost . ,1,0
boginja lov i mesec ; ćerka Zevs i Let i sestra bliznakinja Apolon ; u rimski mitologija ona odgovarati boginja Dijana ,1,0
čin odlazak ,1,0
kobra koji jesam oristili faraon kao simbol svoj vlast nad život i smrt . ,1,0
Čin nastavljanje neki aktivnost bez prekid . ,1,0
"stanje čovekov osećanje , posebno vezati za zadovoljstvo ili potištenost . ",1,0
koji slediti prihvaćen običaj i pristojnost . ,1,0
promena agregatni stanje iz jedan u drugi bez promena hemijski sastav ,1,0
"proizvoditi pupoljka , grana ili klijati ",1,0
crtanje figura koji zadovoljavati odrediti uslov kao deo rešavanje problem ili dokazivanje teorema ,1,0
suvo beo francuski vino ( obično ili penušav ) proizvesti u dolina Loara ,1,0
Čin uklanjanje dlaka brijač . ,1,0
koji jesam spojiti ili vezati . ,1,0
koristiti ili pomerati ,1,0
upijati tečnost ili gas adsorpcija ili absorpcijomtake up a liquid Or a gas either by adsorption Or by absorption ,1,0
koji jesam označen beznadežnost ili ispoljavati beznadežnost ,1,0
osigurati prolazak ili usvajanje ( zakon i predlog ) ,1,0
grana medicina koj se baviti rađanje deca i briga o majka ,1,0
"Čin prisustvovanje ( na sastanak , i sl . ) ",1,0
jedan od dva vrednost koji određivati tačka u ravan njen rastojanje od fiksiran pol i ugao koji onaj graditi sa fiksiran prava koji prolaziti kroz pol . ,1,0
imati kao svojstvo . ,1,0
Prostorna osobina nešto što imati dimenzija . ,1,0
Čin uljudan odlazak . ,1,0
oruđe koji se koristiti u sport . ,1,0
disciplina koji se baviti veština ili umetati primena naučni znanje na praktičan problem . ,1,0
kapa sa visok kruna - obično prekriti koža dabar ili svila ,1,0
Učiniti predlog ; objaviti plan za nešto . ,1,0
svaki star pompezan reakcionaran ultranacionalistički osoba ( prema crtan lik koji jesam stvoriti ser David Lov ) ,1,0
"ukazati na mesto , pravac , osoba ili stvar , biti prostorno biti figurativan . ",1,0
čin posmatranje - analiziranje stanje pacijent ,1,0
dekorisan kolač koji se služiti na rođendanski zabava ,1,0
remain in platac ; hold still ; remain fixed Or immobile ,1,0
projektil koji se izbacivati uz pomoć pušak ili pištolj ,1,0
Čin korišćenje . ,1,0
formalan prisustvo ( na sud ili saslušanje ) stranka u postupak ,1,0
bolest koji karakterisati neki zapaljenski proces ,1,0
Osećanja koji se javljati kada osoba jesam u srećan stanje . ,1,0
