X,Predicted,Real
držanje do moralnih principa,1,0
Vesela ili razdragana rekreaciona aktivnost za razonodu ili zabavu.,1,0
Saosećanje sa nekim ili nečim.,0,1
Veliko bogatstvo.,0,1
"kvalitet da čovek ne stavlja sebe prvo, već da je spreman da svoje vreme, novac ili trud posveti drugima",0,1
Proceniti vrednost nečega.,0,1
nešto što ima vrednost,1,0
nešto što izaziva osećanje čuđenja,0,1
izraziti zahvalnost ili pokazati poštovanje,1,0
može se koristiti i u vremenskom smislu,0,1
kvalitet da je šta opšte ili široko rasprostranjeno ili da ima opštu primenljivost,1,0
Obezbediti zabavu za nekoga.,0,1
u rimskoj mitologiji boginja sreće i sretne slučajnosti; u grčkoj mitologiji joj odgovara nTiha,0,1
utvrđeno tako da rezultat nije više sumnjiv ni upitan; definitivno poznat,1,0
Stanje biti zaposlen ili imati posao.,0,1
(za naglašavanje značenja) izuzetno dobro,0,1
briga o razlikovanju dobra i zla ili pravednog i nepravednog; dobro ili pravedno ponašanje,0,1
"Onaj ko ima nežnu, pažljivu i obzirnu prirodu; koristi se za osobe i njihovo ponašanje.",0,1
Čin prilaska cilju.,0,1
Osećanje naklonjenosti drugim osobama; uživanje u njihovom društvu,0,1
"onaj kojeg vredi imati, tražiti ili dostići",0,1
"Koga karakeriše ili koji pokazuje odbijanje, poricanje ili suprotstavljanje; koji nema pozitivna svojstva.",1,0
Učiniti savršenim ili potpunim.,1,0
Koji nastaje iz želje da se doprinese blagostanju ili sreći drugih.,0,1
Spojen ili vezan.,0,1
Umetnik nenadmašnih veština.,0,1
Onaj koji ima veliku moć ili silu ili snagu ili uticaj.,0,1
Koji odgovara za svoje postupke.,0,1
Osoba koja se brina o ljudima i njihovoj svojini.,0,1
koji oseća ili ispoljava kajanje zbog nedela,1,0
kvalitet onoga što ima veliku cenu,0,1
onaj koji ima visoku vrednost ili cenu;,0,1
Koji je pred erupcijom ili izbacuje lavu (o vulkanima),0,1
"zadobiti kakvu prednost, kao što su bodovi itd.",0,1
koji zaslužuje sažaljenje ili podstiče na sažaljenje,1,0
Smatrati vrednim.,1,0
Imati sposobnost ili moć kreativnosti.,1,0
Učiniti svetim pomoću religijskih obreda.,0,1
Podvrgnuti nedobronamernom smehu.,0,1
koji lako žali i sažaljeva,0,1
prijateljska narav,0,1
biti zaljubljen ili u ljubavi s nekim,0,1
Ceni se zbog lepog cveća u raznovrsnim lepim i svetlim bojama.,1,0
Aktivnost štićenja nekoga ili nečega.,0,1
Stanje zrelosti; puni razvoj.,1,0
Izjaviti za nekoga da nije kriv po krivičnim optužbama.,0,1
postići bod ili cilj,0,1
"prošireno značenje, naročito u psihološkom slislu, ogleda se u jačini strasti ili entuzijazma",0,1
Velik po stepenu ili intenzitetu ili broju ili količini.,1,0
"lična sloboda od ropstva, zarobljeništva i ugnjetavanja",0,1
Stanje ili uslov u kome je neko nevin za određen zločin ili uvredu.,0,1
Oporavak ili način čuvanja od gubitka ili opasnosti.,0,1
sposobnost postojanja ili delovanja u harmoničnoj ili usklađenoj kombijaciji,0,1
